-- MySQL dump 10.13  Distrib 8.0.44, for Linux (x86_64)
--
-- Host: localhost    Database: responsivas_db
-- ------------------------------------------------------
-- Server version	8.0.44-0ubuntu0.22.04.2

/*!40101 SET @OLD_CHARACTER_SET_CLIENT=@@CHARACTER_SET_CLIENT */;
/*!40101 SET @OLD_CHARACTER_SET_RESULTS=@@CHARACTER_SET_RESULTS */;
/*!40101 SET @OLD_COLLATION_CONNECTION=@@COLLATION_CONNECTION */;
/*!50503 SET NAMES utf8mb4 */;
/*!40103 SET @OLD_TIME_ZONE=@@TIME_ZONE */;
/*!40103 SET TIME_ZONE='+00:00' */;
/*!40014 SET @OLD_UNIQUE_CHECKS=@@UNIQUE_CHECKS, UNIQUE_CHECKS=0 */;
/*!40014 SET @OLD_FOREIGN_KEY_CHECKS=@@FOREIGN_KEY_CHECKS, FOREIGN_KEY_CHECKS=0 */;
/*!40101 SET @OLD_SQL_MODE=@@SQL_MODE, SQL_MODE='NO_AUTO_VALUE_ON_ZERO' */;
/*!40111 SET @OLD_SQL_NOTES=@@SQL_NOTES, SQL_NOTES=0 */;

--
-- Table structure for table `areas`
--

DROP TABLE IF EXISTS `areas`;
/*!40101 SET @saved_cs_client     = @@character_set_client */;
/*!50503 SET character_set_client = utf8mb4 */;
CREATE TABLE `areas` (
  `id` bigint unsigned NOT NULL AUTO_INCREMENT,
  `empresa_tenant_id` bigint unsigned NOT NULL,
  `folio` bigint unsigned NOT NULL,
  `created_by` bigint unsigned NOT NULL,
  `nombre` varchar(255) COLLATE utf8mb4_unicode_ci NOT NULL,
  `descripcion` varchar(255) COLLATE utf8mb4_unicode_ci DEFAULT NULL,
  `created_at` timestamp NULL DEFAULT NULL,
  `updated_at` timestamp NULL DEFAULT NULL,
  PRIMARY KEY (`id`),
  UNIQUE KEY `ux_areas_tenant_folio` (`empresa_tenant_id`,`folio`),
  UNIQUE KEY `ux_areas_tenant_nombre` (`empresa_tenant_id`,`nombre`),
  KEY `areas_created_by_foreign` (`created_by`),
  KEY `areas_empresa_tenant_id_index` (`empresa_tenant_id`),
  CONSTRAINT `areas_created_by_foreign` FOREIGN KEY (`created_by`) REFERENCES `users` (`id`) ON DELETE RESTRICT ON UPDATE CASCADE
) ENGINE=InnoDB AUTO_INCREMENT=24 DEFAULT CHARSET=utf8mb4 COLLATE=utf8mb4_unicode_ci;
/*!40101 SET character_set_client = @saved_cs_client */;

--
-- Dumping data for table `areas`
--

LOCK TABLES `areas` WRITE;
/*!40000 ALTER TABLE `areas` DISABLE KEYS */;
INSERT INTO `areas` VALUES (1,2,1,1,'Administrativo','Administrativo','2025-12-12 18:32:07','2025-12-12 18:32:07'),(2,2,2,1,'Operaciones','Operaciones','2025-12-12 18:32:21','2025-12-12 18:32:21'),(3,2,3,1,'Ventas','Ventas','2025-12-12 18:32:26','2025-12-12 18:32:26'),(4,1,1,1,'Operaciones','Operaciones','2025-12-26 20:40:41','2025-12-26 20:40:41'),(5,1,2,1,'Mejora Continua','Mejora Continua','2025-12-26 20:41:52','2025-12-26 20:41:52'),(6,1,3,1,'Sistema de Gestión Integral','Sistema de Gestión Integral','2025-12-26 20:42:04','2025-12-26 20:42:04'),(7,1,4,1,'Seguridad y Salud','Seguridad y Salud','2025-12-26 20:42:15','2025-12-26 20:42:15'),(8,1,5,1,'Dirección','Dirección','2025-12-26 20:42:30','2025-12-26 20:42:30'),(9,1,6,1,'Contabilidad','Contabilidad','2025-12-26 20:42:44','2025-12-26 20:42:44'),(10,1,7,1,'Administrativo','Administrativo','2025-12-26 20:43:01','2025-12-26 20:43:01'),(11,1,8,1,'Abastos','Abastos','2025-12-26 20:43:08','2025-12-26 20:43:08'),(12,1,9,1,'Capital Humano','Capital Humano','2025-12-26 20:43:35','2025-12-26 20:43:35'),(13,1,10,1,'Sistemas','Sistemas','2025-12-26 20:43:44','2025-12-26 20:43:44'),(14,1,11,1,'Tesorería','Tesorería','2025-12-26 20:44:23','2025-12-26 20:44:23'),(15,1,12,1,'Gestión Comercial','Gestión Comercial','2025-12-26 20:44:46','2025-12-26 20:44:46'),(16,1,13,1,'Ingeniería','Ingeniería','2025-12-26 20:48:30','2025-12-26 20:48:30'),(17,1,14,1,'Facturación','Facturación','2025-12-26 20:57:45','2025-12-26 20:57:45'),(18,1,15,1,'Almacén','Almacén','2025-12-30 18:51:48','2025-12-30 18:51:48'),(19,1,16,1,'Compras','Compras','2025-12-30 18:54:22','2025-12-30 18:54:22'),(20,1,17,1,'Ventas','Ventas','2025-12-30 20:35:44','2025-12-30 20:35:44'),(21,1,18,1,'Servicios Generales','Servicios Generales','2025-12-30 20:38:25','2025-12-30 20:38:25'),(22,1,19,1,'Atención a Clientes','Atención a Clientes','2025-12-30 20:42:46','2025-12-30 20:42:46'),(23,1,20,1,'Marketing','Marketing','2025-12-30 21:04:09','2025-12-30 21:04:09');
/*!40000 ALTER TABLE `areas` ENABLE KEYS */;
UNLOCK TABLES;

--
-- Table structure for table `areas_historial`
--

DROP TABLE IF EXISTS `areas_historial`;
/*!40101 SET @saved_cs_client     = @@character_set_client */;
/*!50503 SET character_set_client = utf8mb4 */;
CREATE TABLE `areas_historial` (
  `id` bigint unsigned NOT NULL AUTO_INCREMENT,
  `area_id` bigint unsigned NOT NULL,
  `user_id` bigint unsigned DEFAULT NULL,
  `accion` varchar(50) COLLATE utf8mb4_unicode_ci NOT NULL,
  `cambios` json DEFAULT NULL,
  `created_at` timestamp NULL DEFAULT NULL,
  `updated_at` timestamp NULL DEFAULT NULL,
  PRIMARY KEY (`id`),
  KEY `areas_historial_area_id_foreign` (`area_id`),
  KEY `areas_historial_user_id_foreign` (`user_id`),
  CONSTRAINT `areas_historial_area_id_foreign` FOREIGN KEY (`area_id`) REFERENCES `areas` (`id`) ON DELETE CASCADE,
  CONSTRAINT `areas_historial_user_id_foreign` FOREIGN KEY (`user_id`) REFERENCES `users` (`id`) ON DELETE SET NULL
) ENGINE=InnoDB AUTO_INCREMENT=24 DEFAULT CHARSET=utf8mb4 COLLATE=utf8mb4_unicode_ci;
/*!40101 SET character_set_client = @saved_cs_client */;

--
-- Dumping data for table `areas_historial`
--

LOCK TABLES `areas_historial` WRITE;
/*!40000 ALTER TABLE `areas_historial` DISABLE KEYS */;
INSERT INTO `areas_historial` VALUES (1,1,1,'Creación','{\"nombre\": \"Administrativo\", \"descripcion\": \"Administrativo\"}','2025-12-12 18:32:07','2025-12-12 18:32:07'),(2,2,1,'Creación','{\"nombre\": \"Operaciones\", \"descripcion\": \"Operaciones\"}','2025-12-12 18:32:21','2025-12-12 18:32:21'),(3,3,1,'Creación','{\"nombre\": \"Ventas\", \"descripcion\": \"Ventas\"}','2025-12-12 18:32:26','2025-12-12 18:32:26'),(4,4,1,'Creación','{\"nombre\": \"Operaciones\", \"descripcion\": \"Operaciones\"}','2025-12-26 20:40:41','2025-12-26 20:40:41'),(5,5,1,'Creación','{\"nombre\": \"Mejora Continua\", \"descripcion\": \"Mejora Continua\"}','2025-12-26 20:41:52','2025-12-26 20:41:52'),(6,6,1,'Creación','{\"nombre\": \"Sistema de Gestión Integral\", \"descripcion\": \"Sistema de Gestión Integral\"}','2025-12-26 20:42:04','2025-12-26 20:42:04'),(7,7,1,'Creación','{\"nombre\": \"Seguridad y Salud\", \"descripcion\": \"Seguridad y Salud\"}','2025-12-26 20:42:15','2025-12-26 20:42:15'),(8,8,1,'Creación','{\"nombre\": \"Dirección\", \"descripcion\": \"Dirección\"}','2025-12-26 20:42:30','2025-12-26 20:42:30'),(9,9,1,'Creación','{\"nombre\": \"Contabilidad\", \"descripcion\": \"Contabilidad\"}','2025-12-26 20:42:44','2025-12-26 20:42:44'),(10,10,1,'Creación','{\"nombre\": \"Administrativo\", \"descripcion\": \"Administrativo\"}','2025-12-26 20:43:01','2025-12-26 20:43:01'),(11,11,1,'Creación','{\"nombre\": \"Abastos\", \"descripcion\": \"Abastos\"}','2025-12-26 20:43:08','2025-12-26 20:43:08'),(12,12,1,'Creación','{\"nombre\": \"Capital Humano\", \"descripcion\": \"Capital Humano\"}','2025-12-26 20:43:35','2025-12-26 20:43:35'),(13,13,1,'Creación','{\"nombre\": \"Sistemas\", \"descripcion\": \"Sistemas\"}','2025-12-26 20:43:44','2025-12-26 20:43:44'),(14,14,1,'Creación','{\"nombre\": \"Tesorería\", \"descripcion\": \"Tesorería\"}','2025-12-26 20:44:23','2025-12-26 20:44:23'),(15,15,1,'Creación','{\"nombre\": \"Gestión Comercial\", \"descripcion\": \"Gestión Comercial\"}','2025-12-26 20:44:46','2025-12-26 20:44:46'),(16,16,1,'Creación','{\"nombre\": \"Ingeniería\", \"descripcion\": \"Ingeniería\"}','2025-12-26 20:48:30','2025-12-26 20:48:30'),(17,17,1,'Creación','{\"nombre\": \"Facturación\", \"descripcion\": \"Facturación\"}','2025-12-26 20:57:45','2025-12-26 20:57:45'),(18,18,1,'Creación','{\"nombre\": \"Almacén\", \"descripcion\": \"Almacén\"}','2025-12-30 18:51:48','2025-12-30 18:51:48'),(19,19,1,'Creación','{\"nombre\": \"Compras\", \"descripcion\": \"Compras\"}','2025-12-30 18:54:22','2025-12-30 18:54:22'),(20,20,1,'Creación','{\"nombre\": \"Ventas\", \"descripcion\": \"Ventas\"}','2025-12-30 20:35:44','2025-12-30 20:35:44'),(21,21,1,'Creación','{\"nombre\": \"Servicios Generales\", \"descripcion\": \"Servicios Generales\"}','2025-12-30 20:38:25','2025-12-30 20:38:25'),(22,22,1,'Creación','{\"nombre\": \"Atención a Clientes\", \"descripcion\": \"Atención a Clientes\"}','2025-12-30 20:42:46','2025-12-30 20:42:46'),(23,23,1,'Creación','{\"nombre\": \"Marketing\", \"descripcion\": \"Marketing\"}','2025-12-30 21:04:09','2025-12-30 21:04:09');
/*!40000 ALTER TABLE `areas_historial` ENABLE KEYS */;
UNLOCK TABLES;

--
-- Table structure for table `cache`
--

DROP TABLE IF EXISTS `cache`;
/*!40101 SET @saved_cs_client     = @@character_set_client */;
/*!50503 SET character_set_client = utf8mb4 */;
CREATE TABLE `cache` (
  `key` varchar(255) COLLATE utf8mb4_unicode_ci NOT NULL,
  `value` mediumtext COLLATE utf8mb4_unicode_ci NOT NULL,
  `expiration` int NOT NULL,
  PRIMARY KEY (`key`)
) ENGINE=InnoDB DEFAULT CHARSET=utf8mb4 COLLATE=utf8mb4_unicode_ci;
/*!40101 SET character_set_client = @saved_cs_client */;

--
-- Dumping data for table `cache`
--

LOCK TABLES `cache` WRITE;
/*!40000 ALTER TABLE `cache` DISABLE KEYS */;
INSERT INTO `cache` VALUES ('sis-grupo-vysisa-cache-prueba@vysisa.com|189.206.30.50','i:2;',1768935346),('sis-grupo-vysisa-cache-prueba@vysisa.com|189.206.30.50:timer','i:1768935346;',1768935346),('sis-grupo-vysisa-cache-sisprueba@grupo-vysisa.mx|189.206.30.50','i:1;',1767112303),('sis-grupo-vysisa-cache-sisprueba@grupo-vysisa.mx|189.206.30.50:timer','i:1767112303;',1767112303),('sis-grupo-vysisa-cache-spatie.permission.cache','a:3:{s:5:\"alias\";a:6:{s:1:\"a\";s:2:\"id\";s:1:\"b\";s:4:\"name\";s:1:\"c\";s:10:\"guard_name\";s:1:\"r\";s:5:\"roles\";s:1:\"j\";s:12:\"display_name\";s:1:\"k\";s:11:\"description\";}s:11:\"permissions\";a:44:{i:0;a:4:{s:1:\"a\";i:1;s:1:\"b\";s:18:\"colaboradores.view\";s:1:\"c\";s:3:\"web\";s:1:\"r\";a:1:{i:0;i:1;}}i:1;a:4:{s:1:\"a\";i:2;s:1:\"b\";s:20:\"colaboradores.create\";s:1:\"c\";s:3:\"web\";s:1:\"r\";a:1:{i:0;i:1;}}i:2;a:4:{s:1:\"a\";i:3;s:1:\"b\";s:18:\"colaboradores.edit\";s:1:\"c\";s:3:\"web\";s:1:\"r\";a:1:{i:0;i:1;}}i:3;a:4:{s:1:\"a\";i:4;s:1:\"b\";s:20:\"colaboradores.delete\";s:1:\"c\";s:3:\"web\";s:1:\"r\";a:1:{i:0;i:1;}}i:4;a:4:{s:1:\"a\";i:5;s:1:\"b\";s:10:\"areas.view\";s:1:\"c\";s:3:\"web\";s:1:\"r\";a:1:{i:0;i:1;}}i:5;a:4:{s:1:\"a\";i:6;s:1:\"b\";s:12:\"areas.create\";s:1:\"c\";s:3:\"web\";s:1:\"r\";a:1:{i:0;i:1;}}i:6;a:4:{s:1:\"a\";i:7;s:1:\"b\";s:10:\"areas.edit\";s:1:\"c\";s:3:\"web\";s:1:\"r\";a:1:{i:0;i:1;}}i:7;a:4:{s:1:\"a\";i:8;s:1:\"b\";s:12:\"areas.delete\";s:1:\"c\";s:3:\"web\";s:1:\"r\";a:1:{i:0;i:1;}}i:8;a:4:{s:1:\"a\";i:9;s:1:\"b\";s:13:\"unidades.view\";s:1:\"c\";s:3:\"web\";s:1:\"r\";a:1:{i:0;i:1;}}i:9;a:4:{s:1:\"a\";i:10;s:1:\"b\";s:15:\"unidades.create\";s:1:\"c\";s:3:\"web\";s:1:\"r\";a:1:{i:0;i:1;}}i:10;a:4:{s:1:\"a\";i:11;s:1:\"b\";s:13:\"unidades.edit\";s:1:\"c\";s:3:\"web\";s:1:\"r\";a:1:{i:0;i:1;}}i:11;a:4:{s:1:\"a\";i:12;s:1:\"b\";s:15:\"unidades.delete\";s:1:\"c\";s:3:\"web\";s:1:\"r\";a:1:{i:0;i:1;}}i:12;a:4:{s:1:\"a\";i:13;s:1:\"b\";s:12:\"puestos.view\";s:1:\"c\";s:3:\"web\";s:1:\"r\";a:1:{i:0;i:1;}}i:13;a:4:{s:1:\"a\";i:14;s:1:\"b\";s:14:\"puestos.create\";s:1:\"c\";s:3:\"web\";s:1:\"r\";a:1:{i:0;i:1;}}i:14;a:4:{s:1:\"a\";i:15;s:1:\"b\";s:12:\"puestos.edit\";s:1:\"c\";s:3:\"web\";s:1:\"r\";a:1:{i:0;i:1;}}i:15;a:4:{s:1:\"a\";i:16;s:1:\"b\";s:14:\"puestos.delete\";s:1:\"c\";s:3:\"web\";s:1:\"r\";a:1:{i:0;i:1;}}i:16;a:4:{s:1:\"a\";i:17;s:1:\"b\";s:17:\"subsidiarias.view\";s:1:\"c\";s:3:\"web\";s:1:\"r\";a:1:{i:0;i:1;}}i:17;a:4:{s:1:\"a\";i:18;s:1:\"b\";s:19:\"subsidiarias.create\";s:1:\"c\";s:3:\"web\";s:1:\"r\";a:1:{i:0;i:1;}}i:18;a:4:{s:1:\"a\";i:19;s:1:\"b\";s:17:\"subsidiarias.edit\";s:1:\"c\";s:3:\"web\";s:1:\"r\";a:1:{i:0;i:1;}}i:19;a:4:{s:1:\"a\";i:20;s:1:\"b\";s:19:\"subsidiarias.delete\";s:1:\"c\";s:3:\"web\";s:1:\"r\";a:1:{i:0;i:1;}}i:20;a:4:{s:1:\"a\";i:21;s:1:\"b\";s:14:\"productos.view\";s:1:\"c\";s:3:\"web\";s:1:\"r\";a:1:{i:0;i:1;}}i:21;a:4:{s:1:\"a\";i:22;s:1:\"b\";s:16:\"productos.create\";s:1:\"c\";s:3:\"web\";s:1:\"r\";a:1:{i:0;i:1;}}i:22;a:4:{s:1:\"a\";i:23;s:1:\"b\";s:14:\"productos.edit\";s:1:\"c\";s:3:\"web\";s:1:\"r\";a:1:{i:0;i:1;}}i:23;a:4:{s:1:\"a\";i:24;s:1:\"b\";s:16:\"productos.delete\";s:1:\"c\";s:3:\"web\";s:1:\"r\";a:1:{i:0;i:1;}}i:24;a:4:{s:1:\"a\";i:25;s:1:\"b\";s:16:\"responsivas.view\";s:1:\"c\";s:3:\"web\";s:1:\"r\";a:1:{i:0;i:1;}}i:25;a:4:{s:1:\"a\";i:26;s:1:\"b\";s:18:\"responsivas.create\";s:1:\"c\";s:3:\"web\";s:1:\"r\";a:1:{i:0;i:1;}}i:26;a:4:{s:1:\"a\";i:27;s:1:\"b\";s:16:\"responsivas.edit\";s:1:\"c\";s:3:\"web\";s:1:\"r\";a:1:{i:0;i:1;}}i:27;a:4:{s:1:\"a\";i:28;s:1:\"b\";s:18:\"responsivas.delete\";s:1:\"c\";s:3:\"web\";s:1:\"r\";a:1:{i:0;i:1;}}i:28;a:4:{s:1:\"a\";i:29;s:1:\"b\";s:7:\"oc.view\";s:1:\"c\";s:3:\"web\";s:1:\"r\";a:4:{i:0;i:1;i:1;i:2;i:2;i:3;i:3;i:4;}}i:29;a:4:{s:1:\"a\";i:30;s:1:\"b\";s:9:\"oc.create\";s:1:\"c\";s:3:\"web\";s:1:\"r\";a:4:{i:0;i:1;i:1;i:2;i:2;i:3;i:3;i:4;}}i:30;a:4:{s:1:\"a\";i:31;s:1:\"b\";s:7:\"oc.edit\";s:1:\"c\";s:3:\"web\";s:1:\"r\";a:2:{i:0;i:1;i:1;i:2;}}i:31;a:4:{s:1:\"a\";i:32;s:1:\"b\";s:9:\"oc.delete\";s:1:\"c\";s:3:\"web\";s:1:\"r\";a:1:{i:0;i:1;}}i:32;a:4:{s:1:\"a\";i:33;s:1:\"b\";s:16:\"proveedores.view\";s:1:\"c\";s:3:\"web\";s:1:\"r\";a:4:{i:0;i:1;i:1;i:2;i:2;i:3;i:3;i:4;}}i:33;a:4:{s:1:\"a\";i:34;s:1:\"b\";s:18:\"proveedores.create\";s:1:\"c\";s:3:\"web\";s:1:\"r\";a:3:{i:0;i:1;i:1;i:2;i:2;i:3;}}i:34;a:4:{s:1:\"a\";i:35;s:1:\"b\";s:16:\"proveedores.edit\";s:1:\"c\";s:3:\"web\";s:1:\"r\";a:2:{i:0;i:1;i:1;i:2;}}i:35;a:4:{s:1:\"a\";i:36;s:1:\"b\";s:18:\"proveedores.delete\";s:1:\"c\";s:3:\"web\";s:1:\"r\";a:1:{i:0;i:1;}}i:36;a:4:{s:1:\"a\";i:37;s:1:\"b\";s:17:\"devoluciones.view\";s:1:\"c\";s:3:\"web\";s:1:\"r\";a:1:{i:0;i:1;}}i:37;a:4:{s:1:\"a\";i:38;s:1:\"b\";s:19:\"devoluciones.create\";s:1:\"c\";s:3:\"web\";s:1:\"r\";a:1:{i:0;i:1;}}i:38;a:4:{s:1:\"a\";i:39;s:1:\"b\";s:17:\"devoluciones.edit\";s:1:\"c\";s:3:\"web\";s:1:\"r\";a:1:{i:0;i:1;}}i:39;a:4:{s:1:\"a\";i:40;s:1:\"b\";s:19:\"devoluciones.delete\";s:1:\"c\";s:3:\"web\";s:1:\"r\";a:1:{i:0;i:1;}}i:40;a:4:{s:1:\"a\";i:41;s:1:\"b\";s:14:\"cartuchos.view\";s:1:\"c\";s:3:\"web\";s:1:\"r\";a:1:{i:0;i:1;}}i:41;a:4:{s:1:\"a\";i:42;s:1:\"b\";s:16:\"cartuchos.create\";s:1:\"c\";s:3:\"web\";s:1:\"r\";a:1:{i:0;i:1;}}i:42;a:4:{s:1:\"a\";i:43;s:1:\"b\";s:14:\"cartuchos.edit\";s:1:\"c\";s:3:\"web\";s:1:\"r\";a:1:{i:0;i:1;}}i:43;a:4:{s:1:\"a\";i:44;s:1:\"b\";s:16:\"cartuchos.delete\";s:1:\"c\";s:3:\"web\";s:1:\"r\";a:1:{i:0;i:1;}}}s:5:\"roles\";a:4:{i:0;a:5:{s:1:\"a\";i:1;s:1:\"b\";s:13:\"Administrador\";s:1:\"j\";s:5:\"Admin\";s:1:\"k\";N;s:1:\"c\";s:3:\"web\";}i:1;a:5:{s:1:\"a\";i:2;s:1:\"b\";s:16:\"Compras Superior\";s:1:\"j\";s:7:\"Compras\";s:1:\"k\";s:31:\"Rol para Compras Antes de Admin\";s:1:\"c\";s:3:\"web\";}i:2;a:5:{s:1:\"a\";i:3;s:1:\"b\";s:11:\"Compras IVA\";s:1:\"j\";s:7:\"Compras\";s:1:\"k\";s:33:\"Rol de Compras para modificar IVA\";s:1:\"c\";s:3:\"web\";}i:3;a:5:{s:1:\"a\";i:4;s:1:\"b\";s:7:\"Compras\";s:1:\"j\";s:7:\"Compras\";s:1:\"k\";s:22:\"Rol de Compras Usuario\";s:1:\"c\";s:3:\"web\";}}}',1769195165);
/*!40000 ALTER TABLE `cache` ENABLE KEYS */;
UNLOCK TABLES;

--
-- Table structure for table `cache_locks`
--

DROP TABLE IF EXISTS `cache_locks`;
/*!40101 SET @saved_cs_client     = @@character_set_client */;
/*!50503 SET character_set_client = utf8mb4 */;
CREATE TABLE `cache_locks` (
  `key` varchar(255) COLLATE utf8mb4_unicode_ci NOT NULL,
  `owner` varchar(255) COLLATE utf8mb4_unicode_ci NOT NULL,
  `expiration` int NOT NULL,
  PRIMARY KEY (`key`)
) ENGINE=InnoDB DEFAULT CHARSET=utf8mb4 COLLATE=utf8mb4_unicode_ci;
/*!40101 SET character_set_client = @saved_cs_client */;

--
-- Dumping data for table `cache_locks`
--

LOCK TABLES `cache_locks` WRITE;
/*!40000 ALTER TABLE `cache_locks` DISABLE KEYS */;
/*!40000 ALTER TABLE `cache_locks` ENABLE KEYS */;
UNLOCK TABLES;

--
-- Table structure for table `cartucho_detalles`
--

DROP TABLE IF EXISTS `cartucho_detalles`;
/*!40101 SET @saved_cs_client     = @@character_set_client */;
/*!50503 SET character_set_client = utf8mb4 */;
CREATE TABLE `cartucho_detalles` (
  `id` bigint unsigned NOT NULL AUTO_INCREMENT,
  `cartucho_id` bigint unsigned NOT NULL,
  `producto_id` bigint unsigned NOT NULL,
  `cantidad` int unsigned NOT NULL DEFAULT '1',
  `created_at` timestamp NULL DEFAULT NULL,
  `updated_at` timestamp NULL DEFAULT NULL,
  PRIMARY KEY (`id`),
  KEY `cartucho_detalles_cartucho_id_index` (`cartucho_id`),
  KEY `cartucho_detalles_producto_id_index` (`producto_id`),
  CONSTRAINT `cartucho_detalles_cartucho_id_foreign` FOREIGN KEY (`cartucho_id`) REFERENCES `cartuchos` (`id`) ON DELETE CASCADE,
  CONSTRAINT `cartucho_detalles_producto_id_foreign` FOREIGN KEY (`producto_id`) REFERENCES `productos` (`id`) ON DELETE RESTRICT
) ENGINE=InnoDB DEFAULT CHARSET=utf8mb4 COLLATE=utf8mb4_unicode_ci;
/*!40101 SET character_set_client = @saved_cs_client */;

--
-- Dumping data for table `cartucho_detalles`
--

LOCK TABLES `cartucho_detalles` WRITE;
/*!40000 ALTER TABLE `cartucho_detalles` DISABLE KEYS */;
/*!40000 ALTER TABLE `cartucho_detalles` ENABLE KEYS */;
UNLOCK TABLES;

--
-- Table structure for table `cartuchos`
--

DROP TABLE IF EXISTS `cartuchos`;
/*!40101 SET @saved_cs_client     = @@character_set_client */;
/*!50503 SET character_set_client = utf8mb4 */;
CREATE TABLE `cartuchos` (
  `id` bigint unsigned NOT NULL AUTO_INCREMENT,
  `empresa_tenant_id` bigint unsigned NOT NULL,
  `folio` varchar(20) COLLATE utf8mb4_unicode_ci NOT NULL,
  `fecha_solicitud` date NOT NULL,
  `colaborador_id` bigint unsigned NOT NULL,
  `producto_id` bigint unsigned DEFAULT NULL,
  `realizado_por` bigint unsigned DEFAULT NULL,
  `firma_realizo` text COLLATE utf8mb4_unicode_ci,
  `firma_recibio` text COLLATE utf8mb4_unicode_ci,
  `created_at` timestamp NULL DEFAULT NULL,
  `updated_at` timestamp NULL DEFAULT NULL,
  `firma_colaborador_path` varchar(255) COLLATE utf8mb4_unicode_ci DEFAULT NULL,
  `firma_colaborador_at` timestamp NULL DEFAULT NULL,
  `firma_token` varchar(80) COLLATE utf8mb4_unicode_ci DEFAULT NULL,
  `firma_token_expires_at` timestamp NULL DEFAULT NULL,
  PRIMARY KEY (`id`),
  UNIQUE KEY `cartuchos_folio_unique` (`folio`),
  UNIQUE KEY `cartuchos_firma_token_unique` (`firma_token`),
  KEY `cartuchos_colaborador_id_foreign` (`colaborador_id`),
  KEY `cartuchos_producto_id_foreign` (`producto_id`),
  KEY `cartuchos_realizado_por_foreign` (`realizado_por`),
  KEY `cartuchos_empresa_tenant_id_index` (`empresa_tenant_id`),
  CONSTRAINT `cartuchos_colaborador_id_foreign` FOREIGN KEY (`colaborador_id`) REFERENCES `colaboradores` (`id`) ON DELETE RESTRICT,
  CONSTRAINT `cartuchos_producto_id_foreign` FOREIGN KEY (`producto_id`) REFERENCES `productos` (`id`) ON DELETE SET NULL,
  CONSTRAINT `cartuchos_realizado_por_foreign` FOREIGN KEY (`realizado_por`) REFERENCES `users` (`id`) ON DELETE SET NULL
) ENGINE=InnoDB DEFAULT CHARSET=utf8mb4 COLLATE=utf8mb4_unicode_ci;
/*!40101 SET character_set_client = @saved_cs_client */;

--
-- Dumping data for table `cartuchos`
--

LOCK TABLES `cartuchos` WRITE;
/*!40000 ALTER TABLE `cartuchos` DISABLE KEYS */;
/*!40000 ALTER TABLE `cartuchos` ENABLE KEYS */;
UNLOCK TABLES;

--
-- Table structure for table `colaboradores`
--

DROP TABLE IF EXISTS `colaboradores`;
/*!40101 SET @saved_cs_client     = @@character_set_client */;
/*!50503 SET character_set_client = utf8mb4 */;
CREATE TABLE `colaboradores` (
  `id` bigint unsigned NOT NULL AUTO_INCREMENT,
  `empresa_tenant_id` bigint unsigned NOT NULL,
  `folio` bigint unsigned NOT NULL,
  `created_by` bigint unsigned NOT NULL,
  `nombre` varchar(255) COLLATE utf8mb4_unicode_ci NOT NULL,
  `apellidos` varchar(255) COLLATE utf8mb4_unicode_ci NOT NULL,
  `subsidiaria_id` bigint unsigned NOT NULL,
  `unidad_servicio_id` bigint unsigned DEFAULT NULL,
  `area_id` bigint unsigned DEFAULT NULL,
  `puesto_id` bigint unsigned DEFAULT NULL,
  `activo` tinyint(1) NOT NULL DEFAULT '1' COMMENT 'Define si el colaborador está activo o inactivo',
  `created_at` timestamp NULL DEFAULT NULL,
  `updated_at` timestamp NULL DEFAULT NULL,
  PRIMARY KEY (`id`),
  UNIQUE KEY `ux_tenant_folio` (`empresa_tenant_id`,`folio`),
  KEY `colaboradores_created_by_foreign` (`created_by`),
  KEY `colaboradores_unidad_servicio_id_foreign` (`unidad_servicio_id`),
  KEY `colaboradores_puesto_id_foreign` (`puesto_id`),
  KEY `colaboradores_subsidiaria_id_unidad_servicio_id_index` (`subsidiaria_id`,`unidad_servicio_id`),
  KEY `colaboradores_area_id_puesto_id_index` (`area_id`,`puesto_id`),
  KEY `colaboradores_empresa_tenant_id_index` (`empresa_tenant_id`),
  CONSTRAINT `colaboradores_area_id_foreign` FOREIGN KEY (`area_id`) REFERENCES `areas` (`id`) ON DELETE SET NULL ON UPDATE CASCADE,
  CONSTRAINT `colaboradores_created_by_foreign` FOREIGN KEY (`created_by`) REFERENCES `users` (`id`) ON DELETE RESTRICT ON UPDATE CASCADE,
  CONSTRAINT `colaboradores_puesto_id_foreign` FOREIGN KEY (`puesto_id`) REFERENCES `puestos` (`id`) ON DELETE SET NULL ON UPDATE CASCADE,
  CONSTRAINT `colaboradores_subsidiaria_id_foreign` FOREIGN KEY (`subsidiaria_id`) REFERENCES `subsidiarias` (`id`) ON DELETE RESTRICT ON UPDATE CASCADE,
  CONSTRAINT `colaboradores_unidad_servicio_id_foreign` FOREIGN KEY (`unidad_servicio_id`) REFERENCES `unidades_servicio` (`id`) ON DELETE SET NULL ON UPDATE CASCADE
) ENGINE=InnoDB AUTO_INCREMENT=276 DEFAULT CHARSET=utf8mb4 COLLATE=utf8mb4_unicode_ci;
/*!40101 SET character_set_client = @saved_cs_client */;

--
-- Dumping data for table `colaboradores`
--

LOCK TABLES `colaboradores` WRITE;
/*!40000 ALTER TABLE `colaboradores` DISABLE KEYS */;
INSERT INTO `colaboradores` VALUES (1,2,1,1,'Adriana','Adelina Lopez',2,1,1,35,1,'2025-12-12 19:52:44','2025-12-12 19:52:44'),(2,2,2,1,'Alan Ramon','Bojorquez Morales',2,1,3,29,1,'2025-12-12 19:53:08','2025-12-12 19:53:08'),(3,2,3,1,'Alexis','Cruz Ramirez',2,1,3,19,1,'2025-12-12 19:54:16','2025-12-12 19:54:16'),(4,2,4,1,'Alonso','Tapia Martinez',2,9,2,45,1,'2025-12-12 19:54:47','2025-12-12 19:54:47'),(5,2,5,1,'Berenice Azucena','Rosales Angulo',2,1,1,20,1,'2025-12-12 19:55:22','2025-12-12 19:55:22'),(6,2,6,1,'Blanca Azucena','Moreno Millanes',2,1,1,32,1,'2025-12-12 19:55:41','2025-12-12 19:55:41'),(7,2,7,1,'Blanca Yasmin','Barrera Casimiro',2,5,2,8,1,'2025-12-12 19:56:34','2025-12-12 19:56:34'),(8,2,8,1,'Christian Erubey','Alvarado Soto',2,1,1,1,1,'2025-12-12 19:57:27','2025-12-12 19:57:27'),(9,2,9,1,'Dulce','Valenzuela Encinas',2,1,1,25,1,'2025-12-12 19:58:26','2025-12-12 19:58:26'),(10,2,10,1,'Eugenio','Encinas Galaz',2,1,3,19,1,'2025-12-12 19:59:02','2025-12-12 19:59:02'),(11,2,11,1,'Francisco Javier','Medina Leon',2,1,1,1,1,'2025-12-12 19:59:27','2025-12-12 19:59:27'),(12,2,12,1,'Isidro','Encinas Quijada',2,1,2,37,1,'2025-12-12 20:01:02','2025-12-12 20:01:02'),(13,2,13,1,'Ivan Edgardo','Miranda Burruel',2,1,1,10,1,'2025-12-12 20:01:32','2025-12-12 20:01:32'),(14,2,14,1,'Jesus Alejandro','Barrera Romero',2,2,1,30,1,'2025-12-12 20:02:16','2025-12-12 20:02:16'),(15,2,15,1,'Jesus Martin','Rios Morales',2,1,1,23,1,'2025-12-12 20:02:44','2025-12-12 20:02:44'),(16,2,16,1,'Jesus Rafael','Carrasco Flores',2,2,2,10,1,'2025-12-12 20:03:12','2025-12-12 20:03:12'),(17,2,17,1,'Jesús Ramiro','Domínguez Moreno',2,1,2,34,1,'2025-12-12 20:04:10','2025-12-12 20:04:10'),(18,2,18,1,'Jorge Luis','Murillo Cardenas',2,4,1,18,1,'2025-12-12 20:04:34','2025-12-12 20:04:34'),(19,2,19,1,'Jose Manuel','Moran Islava',2,7,1,1,1,'2025-12-12 20:05:15','2025-12-12 20:05:15'),(20,2,20,1,'Jose Roberto','Verdugo Gonzalez',2,1,1,38,1,'2025-12-12 20:06:21','2025-12-12 20:06:21'),(21,2,21,1,'José Uriel','Franco Zazueta',2,1,2,26,1,'2025-12-12 20:06:53','2025-12-12 20:06:53'),(22,2,22,1,'Juan Alberto','Murguia Zamudio',2,1,2,34,1,'2025-12-12 20:07:33','2025-12-12 20:07:33'),(23,2,23,1,'Juan Carlos','Montaño Estrada',2,1,2,1,1,'2025-12-12 20:07:59','2025-12-12 20:07:59'),(24,2,24,1,'Juan Francisco','Flores Maytorena',2,1,1,40,1,'2025-12-12 20:08:33','2025-12-12 20:08:33'),(25,2,25,1,'Julio Agustin','Murillo Cardenas',2,1,1,10,1,'2025-12-12 20:09:03','2025-12-12 20:09:03'),(26,2,26,1,'Luis Alberto','Palma Noriega',2,1,2,39,1,'2025-12-12 20:09:30','2025-12-12 20:09:30'),(27,2,27,1,'Luz Aida','Lopez Morales',2,1,1,28,1,'2025-12-12 20:10:01','2025-12-12 20:10:01'),(28,2,28,1,'Luz Haydee','Valenzuela Encinas',2,1,1,31,1,'2025-12-12 20:10:28','2025-12-12 20:10:28'),(29,2,29,1,'Luz Olivia','Hernandez Ballesteros',2,1,1,22,1,'2025-12-12 20:10:56','2025-12-12 20:10:56'),(30,2,30,1,'Manuel Alejandro','Lugo Zuñiga',2,5,1,1,1,'2025-12-12 20:11:42','2025-12-12 20:11:42'),(31,2,31,1,'Maria de los Angeles','Zavala Machado',2,1,2,42,1,'2025-12-12 20:12:26','2025-12-12 20:12:26'),(32,2,32,1,'Maria Fernanda','Pacheco Garcia',2,1,1,24,1,'2025-12-12 20:13:06','2025-12-12 20:13:06'),(33,2,33,1,'Miguel','Fajardo Sanchez',2,1,1,33,1,'2025-12-12 20:13:40','2025-12-12 20:13:40'),(34,2,34,1,'Oscar Hugo','Duarte Robles',2,6,2,44,1,'2025-12-12 20:14:05','2025-12-12 20:14:05'),(35,2,35,1,'Perla Karina','Vazquez Quintero',2,1,1,21,1,'2025-12-12 20:14:33','2025-12-12 20:14:33'),(36,2,36,1,'Saul','Martinez Saucedo',2,3,2,41,1,'2025-12-12 20:15:22','2025-12-12 20:15:22'),(37,2,37,1,'Vicente Antonio','Jiménez Rodríguez',2,8,2,36,1,'2025-12-12 20:16:03','2025-12-12 20:16:03'),(38,2,38,1,'Ana Patricia','Mayorga Camacho',2,10,1,46,1,'2025-12-16 18:52:03','2025-12-16 18:53:24'),(39,2,39,1,'Leonardo Daniel','Centeno Guerrero',2,10,1,47,1,'2025-12-16 18:52:20','2025-12-16 18:53:31'),(40,2,40,1,'Yael Alain','Romero Cazarez',2,10,1,48,1,'2025-12-16 18:52:56','2025-12-16 18:53:37'),(41,2,41,1,'Gustavo Guadalupe','Piña Perez',2,10,1,48,1,'2025-12-16 18:53:51','2025-12-16 18:53:51'),(42,1,1,1,'Abigail','Espinoza Chalita',1,18,15,65,1,'2025-12-26 20:50:35','2025-12-26 20:50:35'),(43,1,2,1,'Alan Abimael','Bahena Toribio',1,17,7,70,1,'2025-12-26 20:54:34','2025-12-26 20:54:34'),(44,1,3,1,'Alan','Valerio Lopez',1,15,4,61,1,'2025-12-26 20:55:03','2025-12-26 20:55:03'),(45,1,4,1,'Alberto','Colotla Santamaria',1,21,4,61,1,'2025-12-26 20:55:51','2025-12-26 20:55:51'),(46,1,5,1,'Alberto','Hernandez Tinoco',1,12,12,96,1,'2025-12-26 20:56:20','2025-12-26 20:56:20'),(47,1,6,1,'Aldo Ali','Ojeda Flores',1,17,4,63,1,'2025-12-26 20:56:58','2025-12-26 20:56:58'),(48,1,7,1,'Alejandra','Aparicio Trinidad',1,12,17,120,0,'2025-12-26 20:59:01','2025-12-26 20:59:40'),(49,1,8,1,'Alejandra','Montes Briones',1,13,NULL,101,1,'2025-12-26 21:00:21','2025-12-26 21:00:21'),(50,1,9,1,'Alejandro','Flores Pasillas',1,16,4,118,1,'2025-12-26 21:01:07','2025-12-26 21:01:07'),(51,1,10,1,'Alfredo','Guadalupe Garcia',1,24,NULL,52,1,'2025-12-26 21:02:31','2025-12-26 21:02:31'),(52,1,11,1,'Ana Laura','Castorena Villeda',1,15,7,116,1,'2025-12-26 21:03:04','2025-12-26 21:03:04'),(54,1,12,1,'Ana Patricia','Mayorga Camacho',3,12,13,108,1,'2025-12-26 21:04:09','2025-12-26 21:04:09'),(55,1,13,1,'Andrea Zairet','Hernandez Ramirez',1,24,15,65,1,'2025-12-26 21:04:35','2025-12-26 21:04:35'),(56,1,14,1,'Andres','Lagunas Regulo',1,17,4,73,1,'2025-12-26 21:05:04','2025-12-26 21:05:04'),(57,1,15,1,'Angel','Rivera Guerrero',1,14,4,117,1,'2025-12-26 21:05:32','2025-12-26 21:05:32'),(58,1,16,1,'Antonio','de Santiago Palacios',1,21,NULL,93,1,'2025-12-30 18:23:39','2025-12-30 18:23:39'),(59,1,17,1,'Antonio','Garcia Garcia',3,12,9,90,1,'2025-12-30 18:24:10','2025-12-30 18:24:10'),(60,1,18,1,'Antonio','Pinales Flores',1,25,4,73,1,'2025-12-30 18:25:03','2025-12-30 18:25:03'),(61,1,19,1,'Aaron','Cerda Velazquez',1,19,4,73,1,'2025-12-30 18:25:43','2025-12-30 18:25:43'),(62,1,20,1,'Arturo','Lopez Garcia',1,13,4,73,1,'2025-12-30 18:26:17','2025-12-30 18:26:17'),(63,1,21,1,'Benito','Alejandre Salas',1,16,4,114,1,'2025-12-30 18:26:45','2025-12-30 18:26:45'),(64,1,22,1,'Blanca Azucena','Rios Contreras',3,12,9,50,1,'2025-12-30 18:27:39','2025-12-30 18:27:39'),(65,1,23,1,'Brandon Ramses','de la Cruz Carrillo',1,20,4,73,1,'2025-12-30 18:28:16','2025-12-30 18:28:16'),(66,1,24,1,'Braulio','Trejo Mateo',1,15,NULL,113,1,'2025-12-30 18:28:50','2025-12-30 18:28:50'),(67,1,25,1,'Brayan Alejandro','Pacheco Ramos',1,14,4,73,1,'2025-12-30 18:29:18','2025-12-30 18:29:18'),(68,1,26,1,'Brayan Joel','Ayala Figueroa',1,14,4,73,1,'2025-12-30 18:29:54','2025-12-30 18:29:54'),(69,1,27,1,'Carlos Alberto','Rodriguez Baron',1,17,4,73,1,'2025-12-30 18:30:25','2025-12-30 18:30:25'),(70,1,28,1,'Carlos','Bernal Cruz',1,11,NULL,113,1,'2025-12-30 18:30:48','2025-12-30 18:30:48'),(71,1,29,1,'Carlos Daniel','de Jesus Palacios',1,24,4,73,1,'2025-12-30 18:31:16','2025-12-30 18:31:16'),(72,1,30,1,'Carlos Eduardo','Macias Gutierrez',1,12,NULL,52,1,'2025-12-30 18:32:03','2025-12-30 18:32:03'),(73,1,31,1,'Carlos Ernesto','Martinez Ugalde',1,12,4,63,1,'2025-12-30 18:32:33','2025-12-30 18:32:33'),(74,1,32,1,'Carlos Fernando','Cabrera Miranda',1,22,4,119,1,'2025-12-30 18:32:58','2025-12-30 18:32:58'),(75,1,33,1,'Cesar','Sanchez Sanchez',1,21,15,65,1,'2025-12-30 18:33:32','2025-12-30 18:33:32'),(76,1,34,1,'Christopher','Guerrero Vargas',1,11,NULL,52,1,'2025-12-30 18:34:04','2025-12-30 18:34:04'),(77,1,35,1,'Christopher Martin','Lazaro Rangel',1,17,7,116,1,'2025-12-30 18:34:37','2025-12-30 18:34:37'),(78,1,36,1,'Claudia','Serrano Espindola',1,21,6,111,1,'2025-12-30 18:35:13','2025-12-30 18:35:13'),(79,1,37,1,'Clotilde','Mendoza Aguilera',3,12,9,54,1,'2025-12-30 18:36:17','2025-12-30 18:36:17'),(80,1,38,1,'Crispin','Flores Pacheco',1,21,4,113,1,'2025-12-30 18:36:41','2025-12-30 18:36:41'),(81,1,39,1,'Cristian Manuel','Guan Puc',6,23,4,61,1,'2025-12-30 18:37:11','2025-12-30 18:37:11'),(82,1,40,1,'Daniel Antonio','Bautista Rivera',1,14,4,73,1,'2025-12-30 18:37:43','2025-12-30 18:37:43'),(83,1,41,1,'Daniel','Fernandez Gonzalez',1,13,NULL,101,1,'2025-12-30 18:38:26','2025-12-30 18:38:26'),(84,1,42,1,'Diego Armando','Hernandez Hernandez',1,18,4,117,1,'2025-12-30 18:38:59','2025-12-30 18:38:59'),(85,1,43,1,'Edgar','Mantilla Rios',1,12,16,78,1,'2025-12-30 18:39:30','2025-12-30 18:39:30'),(86,1,44,1,'Edgar Manuel','Sanchez Heredia',1,25,4,73,1,'2025-12-30 18:40:02','2025-12-30 18:40:02'),(87,1,45,1,'Edgar Miguel','Barajas Rendon',1,17,4,73,1,'2025-12-30 18:40:32','2025-12-30 18:40:32'),(88,1,46,1,'Edwin','Perez Tellez',1,11,NULL,52,1,'2025-12-30 18:41:04','2025-12-30 18:41:04'),(89,1,47,1,'Edwin','Toral Mota',1,17,4,61,1,'2025-12-30 18:41:29','2025-12-30 18:41:29'),(90,1,48,1,'Emma Idalith','Nava Garcia',3,12,12,51,1,'2025-12-30 18:42:09','2025-12-30 18:42:09'),(91,1,49,1,'Emmanuel Daniel','Jaimes Arzate',1,12,4,73,1,'2025-12-30 18:42:47','2025-12-30 18:42:47'),(92,1,50,1,'Enrique','Andrade Gonzalez',1,17,4,119,1,'2025-12-30 18:43:11','2025-12-30 18:43:11'),(93,1,51,1,'Erasto Homero','Enriquez Zurita',1,12,8,85,1,'2025-12-30 18:43:42','2025-12-30 18:43:42'),(94,1,52,1,'Erasto Lorenzo','Enriquez Cancino',1,12,8,83,1,'2025-12-30 18:44:08','2025-12-30 18:44:08'),(95,1,53,1,'Erick Antonio','Gomez Arriaga',1,13,4,61,1,'2025-12-30 18:44:37','2025-12-30 18:44:37'),(96,1,54,1,'Erick','Rosas Muro',1,25,NULL,82,1,'2025-12-30 18:45:03','2025-12-30 18:45:03'),(97,1,55,1,'Erika Janeth','Gonzalez Avila',1,16,15,71,1,'2025-12-30 18:45:35','2025-12-30 18:45:47'),(98,1,56,1,'Ernesto','Pacheco Avalos',1,12,4,68,1,'2025-12-30 18:46:56','2025-12-30 18:46:56'),(99,1,57,1,'Esther','Rivera Ventura',1,14,7,116,1,'2025-12-30 18:47:34','2025-12-30 18:47:34'),(100,1,58,1,'Eustorgio','Mejia Silva',1,24,NULL,82,1,'2025-12-30 18:47:57','2025-12-30 18:47:57'),(101,1,59,1,'Evelyn Adriana','Hernandez Rodriguez',1,15,15,65,1,'2025-12-30 18:48:20','2025-12-30 18:48:20'),(102,1,60,1,'Exon','Nuñez Martinez',4,12,4,68,1,'2025-12-30 18:48:51','2025-12-30 18:48:51'),(103,1,61,1,'Fayth','Orihuela Cardenas',1,20,15,65,1,'2025-12-30 18:49:14','2025-12-30 18:49:14'),(104,1,62,1,'Federico Javier','Gama Arroyo',1,15,NULL,97,1,'2025-12-30 18:49:37','2025-12-30 18:49:37'),(105,1,63,1,'Fernando David','Gonzalez Sanchez',1,12,5,106,1,'2025-12-30 18:50:09','2025-12-30 18:50:09'),(106,1,64,1,'Fernando Rafael','Flores Morales',1,13,4,62,1,'2025-12-30 18:50:34','2025-12-30 18:50:34'),(107,1,65,1,'Fernando','Salazar Gomez',1,19,4,63,1,'2025-12-30 18:50:59','2025-12-30 18:50:59'),(108,1,66,1,'Fernando Smith','Marquez Segovia',1,13,18,66,1,'2025-12-30 18:52:22','2025-12-30 18:52:22'),(109,1,67,1,'Florencia','Estrada Barrera',1,17,7,116,1,'2025-12-30 18:52:45','2025-12-30 18:52:45'),(110,1,68,1,'Francisco Javier','Fuentes Cerezo',1,21,NULL,113,1,'2025-12-30 18:53:10','2025-12-30 18:53:10'),(111,1,69,1,'Francisco','Martinez Martinez',1,12,4,73,1,'2025-12-30 18:53:47','2025-12-30 18:53:47'),(112,1,70,1,'Froylan','Cruz Garcia',1,13,19,49,1,'2025-12-30 18:54:36','2025-12-30 18:54:36'),(113,1,71,1,'Gabriel','Diaz Lopez',1,17,4,118,1,'2025-12-30 18:55:02','2025-12-30 18:55:02'),(114,1,72,1,'Gerardo','de Santiago Palacios',1,17,4,61,1,'2025-12-30 18:55:30','2025-12-30 18:55:30'),(115,1,73,1,'Gerardo','Navarro Islas',1,12,4,73,1,'2025-12-30 18:57:18','2025-12-30 18:57:18'),(116,1,74,1,'Gerardo','Pardo Maldonado',1,16,NULL,97,1,'2025-12-30 18:57:41','2025-12-30 18:57:41'),(117,1,75,1,'Gilberto','Santos Castillo',1,12,4,63,1,'2025-12-30 18:58:02','2025-12-30 18:58:02'),(118,1,76,1,'Gilberto','Tovar Barron',4,12,NULL,52,1,'2025-12-30 18:58:24','2025-12-30 18:58:24'),(119,1,77,1,'Guadalupe','Contreras Serrano',1,21,15,65,1,'2025-12-30 18:58:59','2025-12-30 18:58:59'),(120,1,78,1,'Guadalupe Leticia','Urbina Martinez',3,12,17,69,1,'2025-12-30 18:59:25','2025-12-30 18:59:25'),(121,1,79,1,'Guillermo','Coello Gomez',1,14,4,61,1,'2025-12-30 19:00:19','2025-12-30 19:00:19'),(122,1,80,1,'Gustavo Guadalupe','Piña Perez',3,12,13,94,1,'2025-12-30 19:06:48','2025-12-30 19:06:48'),(123,1,81,1,'Heber Daniel','Martinez Vazquez',1,13,4,73,1,'2025-12-30 19:07:17','2025-12-30 19:07:17'),(124,1,82,1,'Hector Miguel','Meneses Cebada',1,21,4,61,1,'2025-12-30 19:07:46','2025-12-30 19:07:46'),(125,1,83,1,'Hilario','Ramirez Martinez',1,15,4,61,1,'2025-12-30 19:08:16','2025-12-30 19:08:16'),(126,1,84,1,'Hiram Fernando','Escobar Becerra',1,14,4,73,1,'2025-12-30 19:08:39','2025-12-30 19:08:39'),(127,1,85,1,'Hugo Antonio','Betanzo Cortes',1,18,4,61,1,'2025-12-30 19:09:07','2025-12-30 19:09:07'),(128,1,86,1,'Hugo Humberto','Valenciana Villegas',1,19,4,63,1,'2025-12-30 19:09:50','2025-12-30 19:09:50'),(129,1,87,1,'Humberto','Martinez Hernandez',1,13,NULL,82,1,'2025-12-30 19:10:16','2025-12-30 19:10:16'),(130,1,88,1,'Ignacio','Hernandez Gonzalez',1,13,4,73,1,'2025-12-30 19:10:45','2025-12-30 19:10:45'),(131,1,89,1,'Isamel','Gonzalez Urbina',1,13,4,73,1,'2025-12-30 19:11:03','2025-12-30 19:11:03'),(132,1,90,1,'Israel','Garcia Vargas',1,17,4,73,1,'2025-12-30 19:11:36','2025-12-30 19:11:36'),(133,1,91,1,'Javier','Mendoza Morales',1,13,4,61,1,'2025-12-30 19:11:59','2025-12-30 19:11:59'),(134,1,92,1,'Javier','Salas Maya',1,16,4,118,1,'2025-12-30 19:12:27','2025-12-30 19:12:27'),(135,1,93,1,'Jerzy Adair','Palacios Segovia',1,13,4,73,1,'2025-12-30 19:12:55','2025-12-30 19:12:55'),(136,1,94,1,'Jessie','Baca Silva',1,13,NULL,101,1,'2025-12-30 19:13:17','2025-12-30 19:13:29'),(137,1,95,1,'Jesus Andres','Rizo Marquez',1,12,4,56,1,'2025-12-30 19:15:57','2025-12-30 19:16:10'),(138,1,96,1,'Jesus','Davila Cruz',1,19,4,118,1,'2025-12-30 19:17:33','2025-12-30 19:17:33'),(139,1,97,1,'Jesus Manuel','Perez Argaez',6,23,4,119,1,'2025-12-30 19:18:04','2025-12-30 19:18:04'),(140,1,98,1,'Jesus','Ramirez Velez',1,21,NULL,52,1,'2025-12-30 19:18:27','2025-12-30 19:18:27'),(141,1,99,1,'Jesus Ricardo','Valdivia Moreno',1,14,4,62,1,'2025-12-30 19:18:56','2025-12-30 19:18:56'),(142,1,100,1,'Jhonatan','Rodriguez Hernandez',1,13,18,66,1,'2025-12-30 19:19:32','2025-12-30 19:19:32'),(143,1,101,1,'Joana Guadalupe','Garcia Sancehz',1,15,NULL,52,1,'2025-12-30 19:20:06','2025-12-30 19:20:06'),(144,1,102,1,'Johann Guadalupe','Romero Palacios',1,24,7,70,1,'2025-12-30 19:21:02','2025-12-30 19:21:02'),(145,1,103,1,'Jonathan','Martinez Hernandez',1,20,4,61,1,'2025-12-30 19:21:44','2025-12-30 19:21:44'),(146,1,104,1,'Jonathan','Ramirez Gomez',1,13,NULL,115,1,'2025-12-30 19:22:17','2025-12-30 19:22:17'),(147,1,105,1,'Jorge','Hernandez Perez',1,20,NULL,113,1,'2025-12-30 19:22:42','2025-12-30 19:22:42'),(148,1,106,1,'Jorge Luis','Cuellar Godinez',1,13,NULL,107,1,'2025-12-30 19:23:14','2025-12-30 19:23:14'),(149,1,107,1,'Jose Alberto','Segundo Blancas',3,12,17,121,1,'2025-12-30 19:24:53','2025-12-30 19:24:53'),(150,1,108,1,'Jose Antonio','Rojas Hernandez',1,11,4,73,1,'2025-12-30 19:26:05','2025-12-30 19:26:05'),(151,1,109,1,'Jose','Aparicio Palacios',1,21,4,119,1,'2025-12-30 19:26:43','2025-12-30 19:26:43'),(152,1,110,1,'Jose Armando','Mejia Martinez',1,15,4,62,1,'2025-12-30 19:27:07','2025-12-30 19:27:07'),(153,1,111,1,'Jose Cristobal','de la Cruz Enriquez',1,13,11,89,1,'2025-12-30 19:27:37','2025-12-30 19:27:37'),(154,1,112,1,'Jose Guadalupe','Ortiz Martinez',1,17,NULL,109,1,'2025-12-30 19:28:05','2025-12-30 19:28:05'),(155,1,113,1,'Jose Guadalupe','Trujillo Lopez',1,14,NULL,113,1,'2025-12-30 19:28:33','2025-12-30 19:28:33'),(156,1,114,1,'Jose Hector Erasto','de la Cruz Enriquez',1,13,4,68,1,'2025-12-30 19:29:00','2025-12-30 19:29:00'),(157,1,115,1,'Jose Ignacio','Perez Argaez',6,23,4,119,1,'2025-12-30 19:29:38','2025-12-30 19:29:38'),(158,1,116,1,'Jose Jesus','Villa Solano',1,14,4,73,1,'2025-12-30 19:29:57','2025-12-30 19:29:57'),(159,1,117,1,'Jose Juan','Contreras Villar',1,18,4,118,1,'2025-12-30 19:30:31','2025-12-30 19:30:31'),(160,1,118,1,'Jose Luis','Martinez Cruz',1,12,4,82,1,'2025-12-30 19:31:16','2025-12-30 19:31:27'),(161,1,119,1,'Jose Luis','Salas Maya',1,16,4,119,1,'2025-12-30 19:32:23','2025-12-30 19:32:23'),(162,1,120,1,'Jose Luis','Salinas Torres',1,19,4,73,1,'2025-12-30 19:32:48','2025-12-30 19:32:48'),(163,1,121,1,'Jose Manuel','Martinez Moreno',1,17,4,73,1,'2025-12-30 19:33:20','2025-12-30 19:33:20'),(164,1,122,1,'Jose Manuel','Sanchez Salamanca',1,21,NULL,52,1,'2025-12-30 19:38:40','2025-12-30 19:38:40'),(165,1,123,1,'Jose Marcos','Castro Lopez',1,24,4,117,1,'2025-12-30 19:39:02','2025-12-30 19:39:02'),(166,1,124,1,'Jose Mario','de Santiago Palacios',1,24,4,117,1,'2025-12-30 19:39:27','2025-12-30 19:39:27'),(167,1,125,1,'Jose Martin','Jimenez Batum',6,23,4,61,1,'2025-12-30 19:40:25','2025-12-30 19:40:25'),(168,1,126,1,'Jose Miguel','Ramirez Sanchez',1,21,4,73,1,'2025-12-30 19:40:50','2025-12-30 19:41:18'),(169,1,127,1,'Jose Ricardo','Sanchez Zamora',1,14,4,61,1,'2025-12-30 19:42:15','2025-12-30 19:42:15'),(170,1,128,1,'Jose Tomas','Ramirez Mendoza',1,21,4,62,1,'2025-12-30 19:42:43','2025-12-30 19:42:43'),(171,1,129,1,'Josue','de Jesus Antonio',1,18,4,119,1,'2025-12-30 19:43:08','2025-12-30 19:43:08'),(172,1,130,1,'Juan Antonio','Cortes Lopez',1,12,16,52,1,'2025-12-30 19:43:39','2025-12-30 19:43:39'),(173,1,131,1,'Juan Artemio','Escobedo Sanchez',1,25,4,73,1,'2025-12-30 19:44:12','2025-12-30 19:44:12'),(174,1,132,1,'Juan Gabriel','Aran Alejandre',1,21,NULL,97,1,'2025-12-30 19:44:38','2025-12-30 19:44:38'),(175,1,133,1,'Juan','Garcia Ayala',1,19,4,63,1,'2025-12-30 19:45:06','2025-12-30 19:45:06'),(176,1,134,1,'Juan Jesus','Hernandez Ovalle',1,19,4,73,1,'2025-12-30 19:45:35','2025-12-30 19:45:35'),(177,1,135,1,'Juan Manuel','Candia Tobon',1,21,4,119,1,'2025-12-30 19:46:03','2025-12-30 19:46:03'),(178,1,136,1,'Juan','Silva Murcia',1,13,NULL,95,1,'2025-12-30 19:46:24','2025-12-30 19:46:24'),(179,1,137,1,'Julian Serafin','Huerta Ginez',1,21,4,63,1,'2025-12-30 19:47:00','2025-12-30 19:47:00'),(180,1,138,1,'Julio','Gregorio Hernandez',1,21,4,73,1,'2025-12-30 19:47:30','2025-12-30 19:47:30'),(181,1,139,1,'Karime Michelle','Barojas Ortega',1,13,6,57,1,'2025-12-30 19:48:08','2025-12-30 19:48:08'),(182,1,140,1,'Karina','Dominguez Garrido',1,13,11,103,1,'2025-12-30 19:48:32','2025-12-30 19:48:32'),(183,1,141,1,'Karina','Guadalupe Bernal',1,11,15,71,1,'2025-12-30 19:49:58','2025-12-30 19:49:58'),(184,1,142,1,'Karina','Juncal Javier',1,11,15,65,1,'2025-12-30 19:50:18','2025-12-30 19:50:18'),(185,1,143,1,'Leonardo Daniel','Centeno Guerrero',3,12,13,81,1,'2025-12-30 19:50:56','2025-12-30 19:50:56'),(186,1,144,1,'Lourdes Edith','Noriega Alvarez',3,12,14,110,1,'2025-12-30 19:51:29','2025-12-30 19:51:29'),(187,1,145,1,'Luis Alberto','Cordero Arriaga',6,23,4,119,1,'2025-12-30 19:52:04','2025-12-30 19:52:04'),(188,1,146,1,'Luis Alberto','Mateos Guapillo',1,18,4,61,1,'2025-12-30 19:52:31','2025-12-30 19:52:31'),(189,1,147,1,'Luis Alejandro','de Blas Castillo',1,12,NULL,113,1,'2025-12-30 19:52:57','2025-12-30 19:53:53'),(190,1,148,1,'Luis Alberto','Mendoza Martinez',1,11,4,117,1,'2025-12-30 19:54:31','2025-12-30 19:54:31'),(191,1,149,1,'Luis Alejandro','Torrez Castellanos',1,14,NULL,52,1,'2025-12-30 20:31:24','2025-12-30 20:31:24'),(192,1,150,1,'Luis Angel','Bautista Hernandez',1,13,4,62,1,'2025-12-30 20:33:47','2025-12-30 20:33:47'),(193,1,151,1,'Luis Angel','Rosales Hernandez',1,21,7,116,1,'2025-12-30 20:34:50','2025-12-30 20:34:50'),(194,1,152,1,'Luis Antonio','Herrera de la Rosa',1,25,4,73,1,'2025-12-30 20:35:13','2025-12-30 20:35:13'),(195,1,153,1,'Luis','Chapela Najera',4,12,20,92,1,'2025-12-30 20:36:03','2025-12-30 20:36:03'),(196,1,154,1,'Luis Enrique','Davila Cruz',1,19,4,73,1,'2025-12-30 20:36:28','2025-12-30 20:36:28'),(197,1,155,1,'Luis Enrique','Gonzalez Barrera',1,17,4,61,1,'2025-12-30 20:36:55','2025-12-30 20:36:55'),(198,1,156,1,'Luis Gustavo','Andres Guerrero',1,17,4,73,1,'2025-12-30 20:37:19','2025-12-30 20:37:19'),(199,1,157,1,'Manuel Alejandro','Reyes Cuellar',1,13,NULL,77,1,'2025-12-30 20:37:48','2025-12-30 20:37:48'),(200,1,158,1,'Marco Antonio','Garcia Zuñiga',1,12,21,80,1,'2025-12-30 20:38:54','2025-12-30 20:38:54'),(201,1,159,1,'Marco Jesus','Lopez Arriaga',1,13,4,61,1,'2025-12-30 20:39:17','2025-12-30 20:39:17'),(202,1,160,1,'Marcos Emmanuel','Osorio Duque',1,17,4,61,1,'2025-12-30 20:40:12','2025-12-30 20:40:12'),(203,1,161,1,'Margarita de Lorena','Enriquez Zurita',1,12,8,87,1,'2025-12-30 20:41:10','2025-12-30 20:41:10'),(204,1,162,1,'Maria Eugenia','Castro Quezada',3,12,9,60,1,'2025-12-30 20:41:42','2025-12-30 20:41:42'),(205,1,163,1,'Maria Guadalupe','Martinez Hernandez',1,19,7,116,1,'2025-12-30 20:42:06','2025-12-30 20:42:06'),(206,1,164,1,'Maria Guadalupe','Martinez Zaragoza',3,12,22,88,1,'2025-12-30 20:43:08','2025-12-30 20:43:08'),(207,1,165,1,'Maria Teresa','Chijate Garcia',3,12,14,58,1,'2025-12-30 20:43:46','2025-12-30 20:43:46'),(208,1,166,1,'Mariana','Herrejon Espejel',1,12,16,100,1,'2025-12-30 20:44:17','2026-01-06 15:20:20'),(209,1,167,1,'Maribel','Flores Parra',4,12,17,69,1,'2025-12-30 20:44:59','2025-12-30 20:44:59'),(210,1,168,1,'Maribel','Lopez Guido',3,12,9,50,1,'2025-12-30 20:45:26','2025-12-30 20:45:26'),(211,1,169,1,'Marina','Cuadrilla Prado',1,13,NULL,72,1,'2025-12-30 20:45:56','2025-12-30 20:45:56'),(212,1,170,1,'Mario Alberto','Flores Diaz',1,19,4,61,1,'2025-12-30 20:46:27','2025-12-30 20:46:27'),(213,1,171,1,'Mario Alberto','Martinez Velazquez',1,12,4,73,1,'2025-12-30 20:46:51','2025-12-30 20:46:51'),(214,1,172,1,'Marko Aldair','Padilla Perez',6,23,4,61,1,'2025-12-30 20:47:20','2025-12-30 20:47:20'),(215,1,173,1,'Martha Alicia','Puga Navarro',1,14,15,65,1,'2025-12-30 20:47:44','2025-12-30 20:47:44'),(216,1,174,1,'Martha Guadalupe','Moreno Martinez',3,12,15,75,1,'2025-12-30 20:48:12','2025-12-30 20:48:12'),(217,1,175,1,'Martin Emiliano','Bañuelos Espinoza',6,23,NULL,91,1,'2025-12-30 20:48:39','2025-12-30 20:48:39'),(218,1,176,1,'Mauricio','Huerta Ginez',1,21,4,62,1,'2025-12-30 20:49:56','2025-12-30 20:49:56'),(219,1,177,1,'Miguel Angel','Chavez Leal',1,19,NULL,109,1,'2025-12-30 20:50:19','2025-12-30 20:50:19'),(220,1,178,1,'Miguel Angel','Sandoval Castro',1,14,NULL,82,1,'2025-12-30 20:50:46','2025-12-30 20:50:46'),(221,1,179,1,'Miguel Angel','Soto Treque',1,11,4,73,1,'2025-12-30 20:51:26','2025-12-30 20:51:26'),(222,1,180,1,'Miguel','Torres Batallar',1,17,4,73,1,'2025-12-30 20:52:06','2025-12-30 20:52:06'),(223,1,181,1,'Miriam de Jesus','Huerta Bravo',1,20,NULL,82,1,'2025-12-30 20:52:30','2025-12-30 20:52:30'),(224,1,182,1,'Miriam','Romero Huerta',3,12,12,53,1,'2025-12-30 20:54:05','2025-12-30 20:56:18'),(225,1,183,1,'Octavio','de Jesus Antonio',3,18,NULL,82,1,'2025-12-30 20:56:10','2025-12-30 20:56:10'),(226,1,184,1,'Olga Fharyde','Alvarez Quiroz',1,16,NULL,82,1,'2025-12-30 20:57:11','2025-12-30 20:57:11'),(227,1,185,1,'Omar','Leal Leal',1,19,NULL,93,1,'2025-12-30 20:57:34','2025-12-30 20:57:34'),(228,1,186,1,'Omar Valentino','Lujan Sanchez',1,13,4,73,1,'2025-12-30 20:58:05','2025-12-30 20:58:05'),(229,1,187,1,'Oscar','de Leon Campos',3,12,9,60,1,'2025-12-30 20:58:37','2025-12-30 20:58:37'),(230,1,188,1,'Osvaldo','Garcia Ramirez',1,14,4,73,1,'2025-12-30 20:59:02','2025-12-30 20:59:02'),(231,1,189,1,'Oswaldo','Navarro Islas',1,12,4,73,1,'2025-12-30 20:59:25','2025-12-30 20:59:25'),(232,1,190,1,'Pedro Alberto','Maldonado Estrada',1,12,16,104,1,'2025-12-30 20:59:57','2025-12-30 20:59:57'),(233,1,191,1,'Pilar','Arreola Rodriguez',1,12,NULL,72,1,'2025-12-30 21:00:17','2025-12-30 21:00:17'),(234,1,192,1,'Raul','Espindola',1,12,4,118,1,'2025-12-30 21:00:36','2025-12-30 21:00:36'),(235,1,193,1,'Raul','Perez Huerta',1,12,NULL,102,1,'2025-12-30 21:01:01','2025-12-30 21:01:01'),(236,1,194,1,'Raul','Rivera Guzman',3,12,NULL,122,1,'2025-12-30 21:02:17','2025-12-30 21:02:17'),(237,1,195,1,'Raul','Vazquez Sanchez',1,21,4,73,1,'2025-12-30 21:02:59','2025-12-30 21:02:59'),(238,1,196,1,'Raymundo','Bernal Jimenez',1,11,NULL,113,1,'2025-12-30 21:03:19','2025-12-30 21:03:19'),(239,1,197,1,'Renan','Aran Alejandre',1,21,NULL,114,1,'2025-12-30 21:03:36','2025-12-30 21:03:36'),(240,1,198,1,'Renata Aurora','Flores Nava',3,12,23,55,1,'2025-12-30 21:04:24','2025-12-30 21:04:24'),(241,1,199,1,'Rene','Meneses Flores',1,13,18,76,1,'2025-12-30 21:04:50','2025-12-30 21:04:50'),(242,1,200,1,'Roberto Carlos','Ramirez Chavez',1,22,4,61,1,'2025-12-30 21:05:15','2025-12-30 21:05:15'),(243,1,201,1,'Rodolfo Julian','Arias Contreras',1,14,4,73,1,'2025-12-30 21:05:38','2025-12-30 21:05:38'),(244,1,202,1,'Rosa Angelica','Rios Contreras',3,12,9,60,1,'2025-12-30 21:05:57','2025-12-30 21:05:57'),(245,1,203,1,'Rosalba','Gonzalez Ramirez',1,15,NULL,82,1,'2025-12-30 21:06:35','2025-12-30 21:06:35'),(246,1,204,1,'Sara','Lopez Brito',1,13,10,64,1,'2025-12-30 21:07:11','2025-12-30 21:07:11'),(247,1,205,1,'Saul','Lopez Garcia',1,13,4,73,1,'2025-12-30 21:07:33','2025-12-30 21:07:33'),(248,1,206,1,'Saul','Reyes Andrade',1,13,18,123,1,'2025-12-30 21:08:36','2025-12-30 21:08:36'),(249,1,207,1,'Sergio','Arenas Yañez',1,12,4,118,1,'2025-12-30 21:08:57','2025-12-30 21:08:57'),(250,1,208,1,'Sergio','Marquez Martin',1,12,NULL,52,1,'2025-12-30 21:09:21','2025-12-30 21:09:21'),(251,1,209,1,'Silvia Senen','Mayorga Lepe',3,12,8,54,1,'2025-12-30 21:09:48','2025-12-30 21:09:48'),(252,1,210,1,'Teodulo Gerardo','Navarro Hernandez',3,12,NULL,74,1,'2025-12-30 21:10:09','2025-12-30 21:10:09'),(253,1,211,1,'Terencio','Cortes Evaristo',1,24,4,118,1,'2025-12-30 21:10:59','2025-12-30 21:10:59'),(254,1,212,1,'Teresa de los Angeles','Acevedo Dominguez',1,12,16,52,1,'2025-12-30 21:11:23','2025-12-30 21:11:23'),(255,1,213,1,'Ulises Abel','Rodriguez Ortega',1,12,7,116,1,'2025-12-30 21:13:10','2025-12-30 21:13:10'),(256,1,214,1,'Ulises','Lujano Morales',1,13,4,73,1,'2025-12-30 21:14:05','2025-12-30 21:14:05'),(257,1,215,1,'Ulises','Martinez Maqueda',1,11,4,62,1,'2025-12-30 21:14:32','2025-12-30 21:14:32'),(258,1,216,1,'Valentin','Bernal Cruz',1,11,NULL,109,1,'2025-12-30 21:14:57','2025-12-30 21:14:57'),(259,1,217,1,'Vanesa Lizbet','Hernandez Castro',1,19,15,65,1,'2025-12-30 21:15:33','2025-12-30 21:15:33'),(260,1,218,1,'Vannia','Victoria Ramirez',1,12,16,59,1,'2025-12-30 21:15:53','2025-12-30 21:15:53'),(261,1,219,1,'Venancio','Lopez Trejo',1,15,4,62,1,'2025-12-30 21:16:21','2025-12-30 21:16:21'),(262,1,220,1,'Veronica','Garcia Garcia',3,12,9,67,1,'2025-12-30 21:16:50','2025-12-30 21:16:50'),(263,1,221,1,'Vicente','Sanchez Bahena',1,12,4,86,1,'2025-12-30 21:17:10','2025-12-30 21:17:10'),(264,1,222,1,'Victor Alejandro','Gonzalez Salas',1,16,4,73,1,'2025-12-30 21:17:39','2025-12-30 21:17:39'),(265,1,223,1,'Victor Manuel','Martinez Tellez',1,21,4,119,1,'2025-12-30 21:18:06','2025-12-30 21:18:06'),(266,1,224,1,'Wilber Alexis','Placencia Santos',1,17,4,73,1,'2025-12-30 21:18:58','2025-12-30 21:18:58'),(267,1,225,1,'Yadhira','Vazquez Hernandez',1,13,6,57,1,'2025-12-30 21:19:25','2025-12-30 21:19:25'),(268,1,226,1,'Yadira','Mendoza Morales',1,17,15,65,1,'2025-12-30 21:19:54','2025-12-30 21:19:54'),(269,1,227,1,'Yael Alain','Romero Cazarez',3,12,13,94,1,'2025-12-30 21:20:10','2025-12-30 21:20:10'),(270,1,228,1,'Yazmin Selene','Villaseñor Romero',3,12,23,105,1,'2025-12-30 21:20:31','2025-12-30 21:20:31'),(271,1,229,1,'Alicia de los Angeles','Nava Rojas',1,12,7,79,1,'2025-12-30 22:27:13','2025-12-30 22:27:13'),(272,1,230,1,'Brando Alexis','Treviño Hernandez',1,16,20,52,1,'2025-12-30 22:29:51','2025-12-30 22:29:51'),(273,1,231,1,'Daniel de Jesus','Perez Garcia',1,18,7,70,1,'2025-12-30 22:35:28','2025-12-30 22:35:28'),(274,1,232,1,'Diana Lidia','Lopez Flores',1,12,12,124,1,'2025-12-30 22:37:09','2025-12-30 22:37:09'),(275,1,233,1,'Jesus Adrian','Flandez Valencia',1,13,NULL,NULL,1,'2025-12-30 22:38:42','2025-12-30 22:38:42');
/*!40000 ALTER TABLE `colaboradores` ENABLE KEYS */;
UNLOCK TABLES;

--
-- Table structure for table `colaboradores_historial`
--

DROP TABLE IF EXISTS `colaboradores_historial`;
/*!40101 SET @saved_cs_client     = @@character_set_client */;
/*!50503 SET character_set_client = utf8mb4 */;
CREATE TABLE `colaboradores_historial` (
  `id` bigint unsigned NOT NULL AUTO_INCREMENT,
  `colaborador_id` bigint unsigned NOT NULL,
  `user_id` bigint unsigned DEFAULT NULL,
  `accion` varchar(255) COLLATE utf8mb4_unicode_ci NOT NULL,
  `cambios` json DEFAULT NULL,
  `created_at` timestamp NULL DEFAULT NULL,
  `updated_at` timestamp NULL DEFAULT NULL,
  PRIMARY KEY (`id`),
  KEY `colaboradores_historial_colaborador_id_foreign` (`colaborador_id`),
  KEY `colaboradores_historial_user_id_foreign` (`user_id`),
  CONSTRAINT `colaboradores_historial_colaborador_id_foreign` FOREIGN KEY (`colaborador_id`) REFERENCES `colaboradores` (`id`) ON DELETE CASCADE,
  CONSTRAINT `colaboradores_historial_user_id_foreign` FOREIGN KEY (`user_id`) REFERENCES `users` (`id`) ON DELETE SET NULL
) ENGINE=InnoDB AUTO_INCREMENT=290 DEFAULT CHARSET=utf8mb4 COLLATE=utf8mb4_unicode_ci;
/*!40101 SET character_set_client = @saved_cs_client */;

--
-- Dumping data for table `colaboradores_historial`
--

LOCK TABLES `colaboradores_historial` WRITE;
/*!40000 ALTER TABLE `colaboradores_historial` DISABLE KEYS */;
INSERT INTO `colaboradores_historial` VALUES (1,1,1,'Creación','{\"activo\": \"1\", \"nombre\": \"Adriana\", \"area_id\": \"Administrativo\", \"apellidos\": \"Adelina Lopez\", \"puesto_id\": \"Practicante Gestión Comercial\", \"subsidiaria_id\": \"Reprosisa\", \"unidad_servicio_id\": \"Hermosillo\"}','2025-12-12 19:52:44','2025-12-12 19:52:44'),(2,2,1,'Creación','{\"activo\": \"1\", \"nombre\": \"Alan Ramon\", \"area_id\": \"Ventas\", \"apellidos\": \"Bojorquez Morales\", \"puesto_id\": \"Coordinador de Ventas\", \"subsidiaria_id\": \"Reprosisa\", \"unidad_servicio_id\": \"Hermosillo\"}','2025-12-12 19:53:08','2025-12-12 19:53:08'),(3,3,1,'Creación','{\"activo\": \"1\", \"nombre\": \"Alexis\", \"area_id\": \"Ventas\", \"apellidos\": \"Cruz Ramirez\", \"puesto_id\": \"Asistente de Ventas\", \"subsidiaria_id\": \"Reprosisa\", \"unidad_servicio_id\": \"Hermosillo\"}','2025-12-12 19:54:16','2025-12-12 19:54:16'),(4,4,1,'Creación','{\"activo\": \"1\", \"nombre\": \"Alonso\", \"area_id\": \"Operaciones\", \"apellidos\": \"Tapia Martinez\", \"puesto_id\": \"Vulcanizador 3\", \"subsidiaria_id\": \"Reprosisa\", \"unidad_servicio_id\": \"Taller Hmos. Bandas\"}','2025-12-12 19:54:47','2025-12-12 19:54:47'),(5,5,1,'Creación','{\"activo\": \"1\", \"nombre\": \"Berenice Azucena\", \"area_id\": \"Administrativo\", \"apellidos\": \"Rosales Angulo\", \"puesto_id\": \"Asistente Gerencia\", \"subsidiaria_id\": \"Reprosisa\", \"unidad_servicio_id\": \"Hermosillo\"}','2025-12-12 19:55:22','2025-12-12 19:55:22'),(6,6,1,'Creación','{\"activo\": \"1\", \"nombre\": \"Blanca Azucena\", \"area_id\": \"Administrativo\", \"apellidos\": \"Moreno Millanes\", \"puesto_id\": \"Facturación\", \"subsidiaria_id\": \"Reprosisa\", \"unidad_servicio_id\": \"Hermosillo\"}','2025-12-12 19:55:41','2025-12-12 19:55:41'),(7,7,1,'Creación','{\"activo\": \"1\", \"nombre\": \"Blanca Yasmin\", \"area_id\": \"Operaciones\", \"apellidos\": \"Barrera Casimiro\", \"puesto_id\": \"Auxiliar de Seguridad\", \"subsidiaria_id\": \"Reprosisa\", \"unidad_servicio_id\": \"Herradura\"}','2025-12-12 19:56:34','2025-12-12 19:56:34'),(8,8,1,'Creación','{\"activo\": \"1\", \"nombre\": \"Christian Erubey\", \"area_id\": \"Administrativo\", \"apellidos\": \"Alvarado Soto\", \"puesto_id\": \"Asesor Técnico\", \"subsidiaria_id\": \"Reprosisa\", \"unidad_servicio_id\": \"Hermosillo\"}','2025-12-12 19:57:27','2025-12-12 19:57:27'),(9,9,1,'Creación','{\"activo\": \"1\", \"nombre\": \"Dulce\", \"area_id\": \"Administrativo\", \"apellidos\": \"Valenzuela Encinas\", \"puesto_id\": \"Auxiliar de Nominas\", \"subsidiaria_id\": \"Reprosisa\", \"unidad_servicio_id\": \"Hermosillo\"}','2025-12-12 19:58:26','2025-12-12 19:58:26'),(10,10,1,'Creación','{\"activo\": \"1\", \"nombre\": \"Eugenio\", \"area_id\": \"Ventas\", \"apellidos\": \"Encinas Galaz\", \"puesto_id\": \"Asistente de Ventas\", \"subsidiaria_id\": \"Reprosisa\", \"unidad_servicio_id\": \"Hermosillo\"}','2025-12-12 19:59:02','2025-12-12 19:59:02'),(11,11,1,'Creación','{\"activo\": \"1\", \"nombre\": \"Francisco Javier\", \"area_id\": \"Administrativo\", \"apellidos\": \"Medina Leon\", \"puesto_id\": \"Asesor Técnico\", \"subsidiaria_id\": \"Reprosisa\", \"unidad_servicio_id\": \"Hermosillo\"}','2025-12-12 19:59:27','2025-12-12 19:59:27'),(12,12,1,'Creación','{\"activo\": \"1\", \"nombre\": \"Isidro\", \"area_id\": \"Operaciones\", \"apellidos\": \"Encinas Quijada\", \"puesto_id\": \"Responsable de Área de Recubrimientos\", \"subsidiaria_id\": \"Reprosisa\", \"unidad_servicio_id\": \"Hermosillo\"}','2025-12-12 20:01:02','2025-12-12 20:01:02'),(13,13,1,'Creación','{\"activo\": \"1\", \"nombre\": \"Ivan Edgardo\", \"area_id\": \"Administrativo\", \"apellidos\": \"Miranda Burruel\", \"puesto_id\": \"Auxiliar Técnico\", \"subsidiaria_id\": \"Reprosisa\", \"unidad_servicio_id\": \"Hermosillo\"}','2025-12-12 20:01:32','2025-12-12 20:01:32'),(14,14,1,'Creación','{\"activo\": \"1\", \"nombre\": \"Jesus Alejandro\", \"area_id\": \"Administrativo\", \"apellidos\": \"Barrera Romero\", \"puesto_id\": \"Ejecutivo de Cuenta\", \"subsidiaria_id\": \"Reprosisa\", \"unidad_servicio_id\": \"Buena Vista del Cobre\"}','2025-12-12 20:02:16','2025-12-12 20:02:16'),(15,15,1,'Creación','{\"activo\": \"1\", \"nombre\": \"Jesus Martin\", \"area_id\": \"Administrativo\", \"apellidos\": \"Rios Morales\", \"puesto_id\": \"Auxiliar de Almacén\", \"subsidiaria_id\": \"Reprosisa\", \"unidad_servicio_id\": \"Hermosillo\"}','2025-12-12 20:02:44','2025-12-12 20:02:44'),(16,16,1,'Creación','{\"activo\": \"1\", \"nombre\": \"Jesus Rafael\", \"area_id\": \"Operaciones\", \"apellidos\": \"Carrasco Flores\", \"puesto_id\": \"Auxiliar Técnico\", \"subsidiaria_id\": \"Reprosisa\", \"unidad_servicio_id\": \"Buena Vista del Cobre\"}','2025-12-12 20:03:12','2025-12-12 20:03:12'),(17,17,1,'Creación','{\"activo\": \"1\", \"nombre\": \"Jesús Ramiro\", \"area_id\": \"Operaciones\", \"apellidos\": \"Domínguez Moreno\", \"puesto_id\": \"Ingeniero de Campo\", \"subsidiaria_id\": \"Reprosisa\", \"unidad_servicio_id\": \"Hermosillo\"}','2025-12-12 20:04:10','2025-12-12 20:04:10'),(18,18,1,'Creación','{\"activo\": \"1\", \"nombre\": \"Jorge Luis\", \"area_id\": \"Administrativo\", \"apellidos\": \"Murillo Cardenas\", \"puesto_id\": \"Asistente Comercial\", \"subsidiaria_id\": \"Reprosisa\", \"unidad_servicio_id\": \"Cobre del Mayo\"}','2025-12-12 20:04:34','2025-12-12 20:04:34'),(19,19,1,'Creación','{\"activo\": \"1\", \"nombre\": \"Jose Manuel\", \"area_id\": \"Administrativo\", \"apellidos\": \"Moran Islava\", \"puesto_id\": \"Asesor Técnico\", \"subsidiaria_id\": \"Reprosisa\", \"unidad_servicio_id\": \"Operadora de Minas\"}','2025-12-12 20:05:15','2025-12-12 20:05:15'),(20,20,1,'Creación','{\"activo\": \"1\", \"nombre\": \"Jose Roberto\", \"area_id\": \"Administrativo\", \"apellidos\": \"Verdugo Gonzalez\", \"puesto_id\": \"Responsable de Línea de Negocios\", \"subsidiaria_id\": \"Reprosisa\", \"unidad_servicio_id\": \"Hermosillo\"}','2025-12-12 20:06:21','2025-12-12 20:06:21'),(21,21,1,'Creación','{\"activo\": \"1\", \"nombre\": \"José Uriel\", \"area_id\": \"Operaciones\", \"apellidos\": \"Franco Zazueta\", \"puesto_id\": \"Auxiliar de Operaciones\", \"subsidiaria_id\": \"Reprosisa\", \"unidad_servicio_id\": \"Hermosillo\"}','2025-12-12 20:06:53','2025-12-12 20:06:53'),(22,22,1,'Creación','{\"activo\": \"1\", \"nombre\": \"Juan Alberto\", \"area_id\": \"Operaciones\", \"apellidos\": \"Murguia Zamudio\", \"puesto_id\": \"Ingeniero de Campo\", \"subsidiaria_id\": \"Reprosisa\", \"unidad_servicio_id\": \"Hermosillo\"}','2025-12-12 20:07:33','2025-12-12 20:07:33'),(23,23,1,'Creación','{\"activo\": \"1\", \"nombre\": \"Juan Carlos\", \"area_id\": \"Operaciones\", \"apellidos\": \"Montaño Estrada\", \"puesto_id\": \"Asesor Técnico\", \"subsidiaria_id\": \"Reprosisa\", \"unidad_servicio_id\": \"Hermosillo\"}','2025-12-12 20:07:59','2025-12-12 20:07:59'),(24,24,1,'Creación','{\"activo\": \"1\", \"nombre\": \"Juan Francisco\", \"area_id\": \"Administrativo\", \"apellidos\": \"Flores Maytorena\", \"puesto_id\": \"Responsable de Sistema de Gestión\", \"subsidiaria_id\": \"Reprosisa\", \"unidad_servicio_id\": \"Hermosillo\"}','2025-12-12 20:08:33','2025-12-12 20:08:33'),(25,25,1,'Creación','{\"activo\": \"1\", \"nombre\": \"Julio Agustin\", \"area_id\": \"Administrativo\", \"apellidos\": \"Murillo Cardenas\", \"puesto_id\": \"Auxiliar Técnico\", \"subsidiaria_id\": \"Reprosisa\", \"unidad_servicio_id\": \"Hermosillo\"}','2025-12-12 20:09:03','2025-12-12 20:09:03'),(26,26,1,'Creación','{\"activo\": \"1\", \"nombre\": \"Luis Alberto\", \"area_id\": \"Operaciones\", \"apellidos\": \"Palma Noriega\", \"puesto_id\": \"Responsable de Mantenimiento de Prensas\", \"subsidiaria_id\": \"Reprosisa\", \"unidad_servicio_id\": \"Hermosillo\"}','2025-12-12 20:09:30','2025-12-12 20:09:30'),(27,27,1,'Creación','{\"activo\": \"1\", \"nombre\": \"Luz Aida\", \"area_id\": \"Administrativo\", \"apellidos\": \"Lopez Morales\", \"puesto_id\": \"Capital Humano\", \"subsidiaria_id\": \"Reprosisa\", \"unidad_servicio_id\": \"Hermosillo\"}','2025-12-12 20:10:01','2025-12-12 20:10:01'),(28,28,1,'Creación','{\"activo\": \"1\", \"nombre\": \"Luz Haydee\", \"area_id\": \"Administrativo\", \"apellidos\": \"Valenzuela Encinas\", \"puesto_id\": \"Encargada de Almacén\", \"subsidiaria_id\": \"Reprosisa\", \"unidad_servicio_id\": \"Hermosillo\"}','2025-12-12 20:10:28','2025-12-12 20:10:28'),(29,29,1,'Creación','{\"activo\": \"1\", \"nombre\": \"Luz Olivia\", \"area_id\": \"Administrativo\", \"apellidos\": \"Hernandez Ballesteros\", \"puesto_id\": \"Auxiliar Contable\", \"subsidiaria_id\": \"Reprosisa\", \"unidad_servicio_id\": \"Hermosillo\"}','2025-12-12 20:10:56','2025-12-12 20:10:56'),(30,30,1,'Creación','{\"activo\": \"1\", \"nombre\": \"Manuel Alejandro\", \"area_id\": \"Administrativo\", \"apellidos\": \"Lugo Zuñiga\", \"puesto_id\": \"Asesor Técnico\", \"subsidiaria_id\": \"Reprosisa\", \"unidad_servicio_id\": \"Herradura\"}','2025-12-12 20:11:42','2025-12-12 20:11:42'),(31,31,1,'Creación','{\"activo\": \"1\", \"nombre\": \"Maria de los Angeles\", \"area_id\": \"Operaciones\", \"apellidos\": \"Zavala Machado\", \"puesto_id\": \"Supervisor de Seguridad\", \"subsidiaria_id\": \"Reprosisa\", \"unidad_servicio_id\": \"Hermosillo\"}','2025-12-12 20:12:26','2025-12-12 20:12:26'),(32,32,1,'Creación','{\"activo\": \"1\", \"nombre\": \"Maria Fernanda\", \"area_id\": \"Administrativo\", \"apellidos\": \"Pacheco Garcia\", \"puesto_id\": \"Auxiliar de Contabilidad\", \"subsidiaria_id\": \"Reprosisa\", \"unidad_servicio_id\": \"Hermosillo\"}','2025-12-12 20:13:06','2025-12-12 20:13:06'),(33,33,1,'Creación','{\"activo\": \"1\", \"nombre\": \"Miguel\", \"area_id\": \"Administrativo\", \"apellidos\": \"Fajardo Sanchez\", \"puesto_id\": \"Gerente Técnico\", \"subsidiaria_id\": \"Reprosisa\", \"unidad_servicio_id\": \"Hermosillo\"}','2025-12-12 20:13:40','2025-12-12 20:13:40'),(34,34,1,'Creación','{\"activo\": \"1\", \"nombre\": \"Oscar Hugo\", \"area_id\": \"Operaciones\", \"apellidos\": \"Duarte Robles\", \"puesto_id\": \"Vulcanizador 2\", \"subsidiaria_id\": \"Reprosisa\", \"unidad_servicio_id\": \"Milpillas\"}','2025-12-12 20:14:05','2025-12-12 20:14:05'),(35,35,1,'Creación','{\"activo\": \"1\", \"nombre\": \"Perla Karina\", \"area_id\": \"Administrativo\", \"apellidos\": \"Vazquez Quintero\", \"puesto_id\": \"Auxiliar Administrativa\", \"subsidiaria_id\": \"Reprosisa\", \"unidad_servicio_id\": \"Hermosillo\"}','2025-12-12 20:14:33','2025-12-12 20:14:33'),(36,36,1,'Creación','{\"activo\": \"1\", \"nombre\": \"Saul\", \"area_id\": \"Operaciones\", \"apellidos\": \"Martinez Saucedo\", \"puesto_id\": \"Supervisor de Campo\", \"subsidiaria_id\": \"Reprosisa\", \"unidad_servicio_id\": \"Ciudad Juárez\"}','2025-12-12 20:15:22','2025-12-12 20:15:22'),(37,37,1,'Creación','{\"activo\": \"1\", \"nombre\": \"Vicente Antonio\", \"area_id\": \"Operaciones\", \"apellidos\": \"Jiménez Rodríguez\", \"puesto_id\": \"Responsable de Placas\", \"subsidiaria_id\": \"Reprosisa\", \"unidad_servicio_id\": \"Placas y Ahulados\"}','2025-12-12 20:16:03','2025-12-12 20:16:03'),(38,38,1,'Creación','{\"activo\": \"1\", \"nombre\": \"Ana Patricia\", \"area_id\": \"Administrativo\", \"apellidos\": \"Mayorga Camacho\", \"puesto_id\": \"Responsable de Sistemas\", \"subsidiaria_id\": \"Reprosisa\", \"unidad_servicio_id\": \"Hermosillo\"}','2025-12-16 18:52:03','2025-12-16 18:52:03'),(39,39,1,'Creación','{\"activo\": \"1\", \"nombre\": \"Leonardo Daniel\", \"area_id\": \"Administrativo\", \"apellidos\": \"Centeno Guerrero\", \"puesto_id\": \"Coordinador de Sistemas\", \"subsidiaria_id\": \"Reprosisa\", \"unidad_servicio_id\": \"Hermosillo\"}','2025-12-16 18:52:20','2025-12-16 18:52:20'),(40,40,1,'Creación','{\"activo\": \"1\", \"nombre\": \"Yael Alain\", \"area_id\": \"Administrativo\", \"apellidos\": \"Romero Cazarez\", \"puesto_id\": \"Ingeniero de Sistemas\", \"subsidiaria_id\": \"Reprosisa\", \"unidad_servicio_id\": \"Hermosillo\"}','2025-12-16 18:52:56','2025-12-16 18:52:56'),(41,38,1,'Actualización','{\"unidad_servicio_id\": {\"a\": \"Aztecas\", \"de\": \"Hermosillo\"}}','2025-12-16 18:53:24','2025-12-16 18:53:24'),(42,39,1,'Actualización','{\"unidad_servicio_id\": {\"a\": \"Aztecas\", \"de\": \"Hermosillo\"}}','2025-12-16 18:53:31','2025-12-16 18:53:31'),(43,40,1,'Actualización','{\"unidad_servicio_id\": {\"a\": \"Aztecas\", \"de\": \"Hermosillo\"}}','2025-12-16 18:53:37','2025-12-16 18:53:37'),(44,41,1,'Creación','{\"activo\": \"1\", \"nombre\": \"Gustavo Guadalupe\", \"area_id\": \"Administrativo\", \"apellidos\": \"Piña Perez\", \"puesto_id\": \"Ingeniero de Sistemas\", \"subsidiaria_id\": \"Reprosisa\", \"unidad_servicio_id\": \"Aztecas\"}','2025-12-16 18:53:51','2025-12-16 18:53:51'),(45,42,1,'Creación','{\"activo\": \"1\", \"nombre\": \"Abigail\", \"area_id\": \"Gestión Comercial\", \"apellidos\": \"Espinoza Chalita\", \"puesto_id\": \"Auxiliar Comercial\", \"subsidiaria_id\": \"Vysisa\", \"unidad_servicio_id\": \"Orizaba\"}','2025-12-26 20:50:35','2025-12-26 20:50:35'),(46,43,1,'Creación','{\"activo\": \"1\", \"nombre\": \"Alan Abimael\", \"area_id\": \"Seguridad y Salud\", \"apellidos\": \"Bahena Toribio\", \"puesto_id\": \"Auxiliar de Seguridad\", \"subsidiaria_id\": \"Vysisa\", \"unidad_servicio_id\": \"Morelos\"}','2025-12-26 20:54:34','2025-12-26 20:54:34'),(47,44,1,'Creación','{\"activo\": \"1\", \"nombre\": \"Alan\", \"area_id\": \"Operaciones\", \"apellidos\": \"Valerio Lopez\", \"puesto_id\": \"Auxiliar Vulcanizador 1\", \"subsidiaria_id\": \"Vysisa\", \"unidad_servicio_id\": \"Huichapan\"}','2025-12-26 20:55:03','2025-12-26 20:55:03'),(48,45,1,'Creación','{\"activo\": \"1\", \"nombre\": \"Alberto\", \"area_id\": \"Operaciones\", \"apellidos\": \"Colotla Santamaria\", \"puesto_id\": \"Auxiliar Vulcanizador 1\", \"subsidiaria_id\": \"Vysisa\", \"unidad_servicio_id\": \"Tepeaca\"}','2025-12-26 20:55:51','2025-12-26 20:55:51'),(49,46,1,'Creación','{\"activo\": \"1\", \"nombre\": \"Alberto\", \"area_id\": \"Capital Humano\", \"apellidos\": \"Hernandez Tinoco\", \"puesto_id\": \"Líder de Capital Humano\", \"subsidiaria_id\": \"Vysisa\", \"unidad_servicio_id\": \"Aztecas\"}','2025-12-26 20:56:20','2025-12-26 20:56:20'),(50,47,1,'Creación','{\"activo\": \"1\", \"nombre\": \"Aldo Ali\", \"area_id\": \"Operaciones\", \"apellidos\": \"Ojeda Flores\", \"puesto_id\": \"Auxiliar Vulcanizador 3\", \"subsidiaria_id\": \"Vysisa\", \"unidad_servicio_id\": \"Morelos\"}','2025-12-26 20:56:58','2025-12-26 20:56:58'),(51,48,1,'Creación','{\"activo\": \"1\", \"nombre\": \"Alejandra\", \"area_id\": \"Facturación\", \"apellidos\": \"Aparicio Trinidad\", \"puesto_id\": \"Ayudante de Facturación\", \"subsidiaria_id\": \"Vysisa\", \"unidad_servicio_id\": \"Aztecas\"}','2025-12-26 20:59:01','2025-12-26 20:59:01'),(52,48,1,'Actualización','{\"activo\": {\"a\": \"0\", \"de\": 1}}','2025-12-26 20:59:40','2025-12-26 20:59:40'),(53,49,1,'Creación','{\"activo\": \"1\", \"nombre\": \"Alejandra\", \"area_id\": null, \"apellidos\": \"Montes Briones\", \"puesto_id\": \"Promotor de Línea\", \"subsidiaria_id\": \"Vysisa\", \"unidad_servicio_id\": \"Cedis\"}','2025-12-26 21:00:21','2025-12-26 21:00:21'),(54,50,1,'Creación','{\"activo\": \"1\", \"nombre\": \"Alejandro\", \"area_id\": \"Operaciones\", \"apellidos\": \"Flores Pasillas\", \"puesto_id\": \"Vulcanizador 2\", \"subsidiaria_id\": \"Vysisa\", \"unidad_servicio_id\": \"Monterrey\"}','2025-12-26 21:01:07','2025-12-26 21:01:07'),(55,51,1,'Creación','{\"activo\": \"1\", \"nombre\": \"Alfredo\", \"area_id\": null, \"apellidos\": \"Guadalupe Garcia\", \"puesto_id\": \"Asesor Técnico\", \"subsidiaria_id\": \"Vysisa\", \"unidad_servicio_id\": \"Xoxtla\"}','2025-12-26 21:02:31','2025-12-26 21:02:31'),(56,52,1,'Creación','{\"activo\": \"1\", \"nombre\": \"Ana Laura\", \"area_id\": \"Seguridad y Salud\", \"apellidos\": \"Castorena Villeda\", \"puesto_id\": \"Supervisor de Seguridad\", \"subsidiaria_id\": \"Vysisa\", \"unidad_servicio_id\": \"Huichapan\"}','2025-12-26 21:03:04','2025-12-26 21:03:04'),(59,54,1,'Creación','{\"activo\": \"1\", \"nombre\": \"Ana Patricia\", \"area_id\": \"Sistemas\", \"apellidos\": \"Mayorga Camacho\", \"puesto_id\": \"Responsable de Sistemas\", \"subsidiaria_id\": \"Tip Top\", \"unidad_servicio_id\": \"Aztecas\"}','2025-12-26 21:04:09','2025-12-26 21:04:09'),(60,55,1,'Creación','{\"activo\": \"1\", \"nombre\": \"Andrea Zairet\", \"area_id\": \"Gestión Comercial\", \"apellidos\": \"Hernandez Ramirez\", \"puesto_id\": \"Auxiliar Comercial\", \"subsidiaria_id\": \"Vysisa\", \"unidad_servicio_id\": \"Xoxtla\"}','2025-12-26 21:04:35','2025-12-26 21:04:35'),(61,56,1,'Creación','{\"activo\": \"1\", \"nombre\": \"Andres\", \"area_id\": \"Operaciones\", \"apellidos\": \"Lagunas Regulo\", \"puesto_id\": \"Ayudante General\", \"subsidiaria_id\": \"Vysisa\", \"unidad_servicio_id\": \"Morelos\"}','2025-12-26 21:05:04','2025-12-26 21:05:04'),(62,57,1,'Creación','{\"activo\": \"1\", \"nombre\": \"Angel\", \"area_id\": \"Operaciones\", \"apellidos\": \"Rivera Guerrero\", \"puesto_id\": \"Vulcanizador 1\", \"subsidiaria_id\": \"Vysisa\", \"unidad_servicio_id\": \"Colima\"}','2025-12-26 21:05:32','2025-12-26 21:05:32'),(63,58,1,'Creación','{\"activo\": \"1\", \"nombre\": \"Antonio\", \"area_id\": null, \"apellidos\": \"de Santiago Palacios\", \"puesto_id\": \"Ingeniero de Campo\", \"subsidiaria_id\": \"Vysisa\", \"unidad_servicio_id\": \"Tepeaca\"}','2025-12-30 18:23:39','2025-12-30 18:23:39'),(64,59,1,'Creación','{\"activo\": \"1\", \"nombre\": \"Antonio\", \"area_id\": \"Contabilidad\", \"apellidos\": \"Garcia Garcia\", \"puesto_id\": \"Gerente de Contabilidad\", \"subsidiaria_id\": \"Tip Top\", \"unidad_servicio_id\": \"Aztecas\"}','2025-12-30 18:24:10','2025-12-30 18:24:10'),(65,60,1,'Creación','{\"activo\": \"1\", \"nombre\": \"Antonio\", \"area_id\": \"Operaciones\", \"apellidos\": \"Pinales Flores\", \"puesto_id\": \"Ayudante General\", \"subsidiaria_id\": \"Vysisa\", \"unidad_servicio_id\": \"Zacatecas\"}','2025-12-30 18:25:03','2025-12-30 18:25:03'),(66,61,1,'Creación','{\"activo\": \"1\", \"nombre\": \"Aaron\", \"area_id\": \"Operaciones\", \"apellidos\": \"Cerda Velazquez\", \"puesto_id\": \"Ayudante General\", \"subsidiaria_id\": \"Vysisa\", \"unidad_servicio_id\": \"Peñasquito\"}','2025-12-30 18:25:43','2025-12-30 18:25:43'),(67,62,1,'Creación','{\"activo\": \"1\", \"nombre\": \"Arturo\", \"area_id\": \"Operaciones\", \"apellidos\": \"Lopez Garcia\", \"puesto_id\": \"Ayudante General\", \"subsidiaria_id\": \"Vysisa\", \"unidad_servicio_id\": \"Cedis\"}','2025-12-30 18:26:17','2025-12-30 18:26:17'),(68,63,1,'Creación','{\"activo\": \"1\", \"nombre\": \"Benito\", \"area_id\": \"Operaciones\", \"apellidos\": \"Alejandre Salas\", \"puesto_id\": \"Supervisor 3\", \"subsidiaria_id\": \"Vysisa\", \"unidad_servicio_id\": \"Monterrey\"}','2025-12-30 18:26:45','2025-12-30 18:26:45'),(69,64,1,'Creación','{\"activo\": \"1\", \"nombre\": \"Blanca Azucena\", \"area_id\": \"Contabilidad\", \"apellidos\": \"Rios Contreras\", \"puesto_id\": \"Analista de Contabilidad\", \"subsidiaria_id\": \"Tip Top\", \"unidad_servicio_id\": \"Aztecas\"}','2025-12-30 18:27:39','2025-12-30 18:27:39'),(70,65,1,'Creación','{\"activo\": \"1\", \"nombre\": \"Brandon Ramses\", \"area_id\": \"Operaciones\", \"apellidos\": \"de la Cruz Carrillo\", \"puesto_id\": \"Ayudante General\", \"subsidiaria_id\": \"Vysisa\", \"unidad_servicio_id\": \"S.L.P.\"}','2025-12-30 18:28:16','2025-12-30 18:28:16'),(71,66,1,'Creación','{\"activo\": \"1\", \"nombre\": \"Braulio\", \"area_id\": null, \"apellidos\": \"Trejo Mateo\", \"puesto_id\": \"Supervisor 1\", \"subsidiaria_id\": \"Vysisa\", \"unidad_servicio_id\": \"Huichapan\"}','2025-12-30 18:28:50','2025-12-30 18:28:50'),(72,67,1,'Creación','{\"activo\": \"1\", \"nombre\": \"Brayan Alejandro\", \"area_id\": \"Operaciones\", \"apellidos\": \"Pacheco Ramos\", \"puesto_id\": \"Ayudante General\", \"subsidiaria_id\": \"Vysisa\", \"unidad_servicio_id\": \"Colima\"}','2025-12-30 18:29:18','2025-12-30 18:29:18'),(73,68,1,'Creación','{\"activo\": \"1\", \"nombre\": \"Brayan Joel\", \"area_id\": \"Operaciones\", \"apellidos\": \"Ayala Figueroa\", \"puesto_id\": \"Ayudante General\", \"subsidiaria_id\": \"Vysisa\", \"unidad_servicio_id\": \"Colima\"}','2025-12-30 18:29:54','2025-12-30 18:29:54'),(74,69,1,'Creación','{\"activo\": \"1\", \"nombre\": \"Carlos Alberto\", \"area_id\": \"Operaciones\", \"apellidos\": \"Rodriguez Baron\", \"puesto_id\": \"Ayudante General\", \"subsidiaria_id\": \"Vysisa\", \"unidad_servicio_id\": \"Morelos\"}','2025-12-30 18:30:25','2025-12-30 18:30:25'),(75,70,1,'Creación','{\"activo\": \"1\", \"nombre\": \"Carlos\", \"area_id\": null, \"apellidos\": \"Bernal Cruz\", \"puesto_id\": \"Supervisor 1\", \"subsidiaria_id\": \"Vysisa\", \"unidad_servicio_id\": \"Apaxco\"}','2025-12-30 18:30:48','2025-12-30 18:30:48'),(76,71,1,'Creación','{\"activo\": \"1\", \"nombre\": \"Carlos Daniel\", \"area_id\": \"Operaciones\", \"apellidos\": \"de Jesus Palacios\", \"puesto_id\": \"Ayudante General\", \"subsidiaria_id\": \"Vysisa\", \"unidad_servicio_id\": \"Xoxtla\"}','2025-12-30 18:31:16','2025-12-30 18:31:16'),(77,72,1,'Creación','{\"activo\": \"1\", \"nombre\": \"Carlos Eduardo\", \"area_id\": null, \"apellidos\": \"Macias Gutierrez\", \"puesto_id\": \"Asesor Técnico\", \"subsidiaria_id\": \"Vysisa\", \"unidad_servicio_id\": \"Aztecas\"}','2025-12-30 18:32:03','2025-12-30 18:32:03'),(78,73,1,'Creación','{\"activo\": \"1\", \"nombre\": \"Carlos Ernesto\", \"area_id\": \"Operaciones\", \"apellidos\": \"Martinez Ugalde\", \"puesto_id\": \"Auxiliar Vulcanizador 3\", \"subsidiaria_id\": \"Vysisa\", \"unidad_servicio_id\": \"Aztecas\"}','2025-12-30 18:32:33','2025-12-30 18:32:33'),(79,74,1,'Creación','{\"activo\": \"1\", \"nombre\": \"Carlos Fernando\", \"area_id\": \"Operaciones\", \"apellidos\": \"Cabrera Miranda\", \"puesto_id\": \"Vulcanizador 3\", \"subsidiaria_id\": \"Vysisa\", \"unidad_servicio_id\": \"Torreon\"}','2025-12-30 18:32:58','2025-12-30 18:32:58'),(80,75,1,'Creación','{\"activo\": \"1\", \"nombre\": \"Cesar\", \"area_id\": \"Gestión Comercial\", \"apellidos\": \"Sanchez Sanchez\", \"puesto_id\": \"Auxiliar Comercial\", \"subsidiaria_id\": \"Vysisa\", \"unidad_servicio_id\": \"Tepeaca\"}','2025-12-30 18:33:32','2025-12-30 18:33:32'),(81,76,1,'Creación','{\"activo\": \"1\", \"nombre\": \"Christopher\", \"area_id\": null, \"apellidos\": \"Guerrero Vargas\", \"puesto_id\": \"Asesor Técnico\", \"subsidiaria_id\": \"Vysisa\", \"unidad_servicio_id\": \"Apaxco\"}','2025-12-30 18:34:04','2025-12-30 18:34:04'),(82,77,1,'Creación','{\"activo\": \"1\", \"nombre\": \"Christopher Martin\", \"area_id\": \"Seguridad y Salud\", \"apellidos\": \"Lazaro Rangel\", \"puesto_id\": \"Supervisor de Seguridad\", \"subsidiaria_id\": \"Vysisa\", \"unidad_servicio_id\": \"Morelos\"}','2025-12-30 18:34:37','2025-12-30 18:34:37'),(83,78,1,'Creación','{\"activo\": \"1\", \"nombre\": \"Claudia\", \"area_id\": \"Sistema de Gestión Integral\", \"apellidos\": \"Serrano Espindola\", \"puesto_id\": \"Responsable de Sistema de Gestión Integral\", \"subsidiaria_id\": \"Vysisa\", \"unidad_servicio_id\": \"Tepeaca\"}','2025-12-30 18:35:13','2025-12-30 18:35:13'),(84,79,1,'Creación','{\"activo\": \"1\", \"nombre\": \"Clotilde\", \"area_id\": \"Contabilidad\", \"apellidos\": \"Mendoza Aguilera\", \"puesto_id\": \"Asistente de Dirección\", \"subsidiaria_id\": \"Tip Top\", \"unidad_servicio_id\": \"Aztecas\"}','2025-12-30 18:36:17','2025-12-30 18:36:17'),(85,80,1,'Creación','{\"activo\": \"1\", \"nombre\": \"Crispin\", \"area_id\": \"Operaciones\", \"apellidos\": \"Flores Pacheco\", \"puesto_id\": \"Supervisor 1\", \"subsidiaria_id\": \"Vysisa\", \"unidad_servicio_id\": \"Tepeaca\"}','2025-12-30 18:36:41','2025-12-30 18:36:41'),(86,81,1,'Creación','{\"activo\": \"1\", \"nombre\": \"Cristian Manuel\", \"area_id\": \"Operaciones\", \"apellidos\": \"Guan Puc\", \"puesto_id\": \"Auxiliar Vulcanizador 1\", \"subsidiaria_id\": \"Vysisa del Sureste\", \"unidad_servicio_id\": \"Vysureste\"}','2025-12-30 18:37:11','2025-12-30 18:37:11'),(87,82,1,'Creación','{\"activo\": \"1\", \"nombre\": \"Daniel Antonio\", \"area_id\": \"Operaciones\", \"apellidos\": \"Bautista Rivera\", \"puesto_id\": \"Ayudante General\", \"subsidiaria_id\": \"Vysisa\", \"unidad_servicio_id\": \"Colima\"}','2025-12-30 18:37:43','2025-12-30 18:37:43'),(88,83,1,'Creación','{\"activo\": \"1\", \"nombre\": \"Daniel\", \"area_id\": null, \"apellidos\": \"Fernandez Gonzalez\", \"puesto_id\": \"Promotor de Línea\", \"subsidiaria_id\": \"Vysisa\", \"unidad_servicio_id\": \"Cedis\"}','2025-12-30 18:38:26','2025-12-30 18:38:26'),(89,84,1,'Creación','{\"activo\": \"1\", \"nombre\": \"Diego Armando\", \"area_id\": \"Operaciones\", \"apellidos\": \"Hernandez Hernandez\", \"puesto_id\": \"Vulcanizador 1\", \"subsidiaria_id\": \"Vysisa\", \"unidad_servicio_id\": \"Orizaba\"}','2025-12-30 18:38:59','2025-12-30 18:38:59'),(90,85,1,'Creación','{\"activo\": \"1\", \"nombre\": \"Edgar\", \"area_id\": \"Ingeniería\", \"apellidos\": \"Mantilla Rios\", \"puesto_id\": \"Coordinador de Ingeniería\", \"subsidiaria_id\": \"Vysisa\", \"unidad_servicio_id\": \"Aztecas\"}','2025-12-30 18:39:30','2025-12-30 18:39:30'),(91,86,1,'Creación','{\"activo\": \"1\", \"nombre\": \"Edgar Manuel\", \"area_id\": \"Operaciones\", \"apellidos\": \"Sanchez Heredia\", \"puesto_id\": \"Ayudante General\", \"subsidiaria_id\": \"Vysisa\", \"unidad_servicio_id\": \"Zacatecas\"}','2025-12-30 18:40:02','2025-12-30 18:40:02'),(92,87,1,'Creación','{\"activo\": \"1\", \"nombre\": \"Edgar Miguel\", \"area_id\": \"Operaciones\", \"apellidos\": \"Barajas Rendon\", \"puesto_id\": \"Ayudante General\", \"subsidiaria_id\": \"Vysisa\", \"unidad_servicio_id\": \"Morelos\"}','2025-12-30 18:40:32','2025-12-30 18:40:32'),(93,88,1,'Creación','{\"activo\": \"1\", \"nombre\": \"Edwin\", \"area_id\": null, \"apellidos\": \"Perez Tellez\", \"puesto_id\": \"Asesor Técnico\", \"subsidiaria_id\": \"Vysisa\", \"unidad_servicio_id\": \"Apaxco\"}','2025-12-30 18:41:04','2025-12-30 18:41:04'),(94,89,1,'Creación','{\"activo\": \"1\", \"nombre\": \"Edwin\", \"area_id\": \"Operaciones\", \"apellidos\": \"Toral Mota\", \"puesto_id\": \"Auxiliar Vulcanizador 1\", \"subsidiaria_id\": \"Vysisa\", \"unidad_servicio_id\": \"Morelos\"}','2025-12-30 18:41:29','2025-12-30 18:41:29'),(95,90,1,'Creación','{\"activo\": \"1\", \"nombre\": \"Emma Idalith\", \"area_id\": \"Capital Humano\", \"apellidos\": \"Nava Garcia\", \"puesto_id\": \"Analista de Nominas\", \"subsidiaria_id\": \"Tip Top\", \"unidad_servicio_id\": \"Aztecas\"}','2025-12-30 18:42:09','2025-12-30 18:42:09'),(96,91,1,'Creación','{\"activo\": \"1\", \"nombre\": \"Emmanuel Daniel\", \"area_id\": \"Operaciones\", \"apellidos\": \"Jaimes Arzate\", \"puesto_id\": \"Ayudante General\", \"subsidiaria_id\": \"Vysisa\", \"unidad_servicio_id\": \"Aztecas\"}','2025-12-30 18:42:47','2025-12-30 18:42:47'),(97,92,1,'Creación','{\"activo\": \"1\", \"nombre\": \"Enrique\", \"area_id\": \"Operaciones\", \"apellidos\": \"Andrade Gonzalez\", \"puesto_id\": \"Vulcanizador 3\", \"subsidiaria_id\": \"Vysisa\", \"unidad_servicio_id\": \"Morelos\"}','2025-12-30 18:43:11','2025-12-30 18:43:11'),(98,93,1,'Creación','{\"activo\": \"1\", \"nombre\": \"Erasto Homero\", \"area_id\": \"Dirección\", \"apellidos\": \"Enriquez Zurita\", \"puesto_id\": \"Director General\", \"subsidiaria_id\": \"Vysisa\", \"unidad_servicio_id\": \"Aztecas\"}','2025-12-30 18:43:42','2025-12-30 18:43:42'),(99,94,1,'Creación','{\"activo\": \"1\", \"nombre\": \"Erasto Lorenzo\", \"area_id\": \"Dirección\", \"apellidos\": \"Enriquez Cancino\", \"puesto_id\": \"Director Comercial\", \"subsidiaria_id\": \"Vysisa\", \"unidad_servicio_id\": \"Aztecas\"}','2025-12-30 18:44:08','2025-12-30 18:44:08'),(100,95,1,'Creación','{\"activo\": \"1\", \"nombre\": \"Erick Antonio\", \"area_id\": \"Operaciones\", \"apellidos\": \"Gomez Arriaga\", \"puesto_id\": \"Auxiliar Vulcanizador 1\", \"subsidiaria_id\": \"Vysisa\", \"unidad_servicio_id\": \"Cedis\"}','2025-12-30 18:44:37','2025-12-30 18:44:37'),(101,96,1,'Creación','{\"activo\": \"1\", \"nombre\": \"Erick\", \"area_id\": null, \"apellidos\": \"Rosas Muro\", \"puesto_id\": \"Coordinador de Taller\", \"subsidiaria_id\": \"Vysisa\", \"unidad_servicio_id\": \"Zacatecas\"}','2025-12-30 18:45:03','2025-12-30 18:45:03'),(102,97,1,'Creación','{\"activo\": \"1\", \"nombre\": \"Erika Janeth\", \"area_id\": \"Gestión Comercial\", \"apellidos\": \"Gonzalez Avila\", \"puesto_id\": \"Auxiliar Comercial\", \"subsidiaria_id\": \"Vysisa\", \"unidad_servicio_id\": \"Monterrey\"}','2025-12-30 18:45:35','2025-12-30 18:45:35'),(103,97,1,'Actualización','{\"puesto_id\": {\"a\": \"Ayudante Comercial\", \"de\": \"Auxiliar Comercial\"}}','2025-12-30 18:45:47','2025-12-30 18:45:47'),(104,98,1,'Creación','{\"activo\": \"1\", \"nombre\": \"Ernesto\", \"area_id\": \"Operaciones\", \"apellidos\": \"Pacheco Avalos\", \"puesto_id\": \"Auxiliar de Embarques\", \"subsidiaria_id\": \"Vysisa\", \"unidad_servicio_id\": \"Aztecas\"}','2025-12-30 18:46:56','2025-12-30 18:46:56'),(105,99,1,'Creación','{\"activo\": \"1\", \"nombre\": \"Esther\", \"area_id\": \"Seguridad y Salud\", \"apellidos\": \"Rivera Ventura\", \"puesto_id\": \"Supervisor de Seguridad\", \"subsidiaria_id\": \"Vysisa\", \"unidad_servicio_id\": \"Colima\"}','2025-12-30 18:47:34','2025-12-30 18:47:34'),(106,100,1,'Creación','{\"activo\": \"1\", \"nombre\": \"Eustorgio\", \"area_id\": null, \"apellidos\": \"Mejia Silva\", \"puesto_id\": \"Coordinador de Taller\", \"subsidiaria_id\": \"Vysisa\", \"unidad_servicio_id\": \"Xoxtla\"}','2025-12-30 18:47:57','2025-12-30 18:47:57'),(107,101,1,'Creación','{\"activo\": \"1\", \"nombre\": \"Evelyn Adriana\", \"area_id\": \"Gestión Comercial\", \"apellidos\": \"Hernandez Rodriguez\", \"puesto_id\": \"Auxiliar Comercial\", \"subsidiaria_id\": \"Vysisa\", \"unidad_servicio_id\": \"Huichapan\"}','2025-12-30 18:48:20','2025-12-30 18:48:20'),(108,102,1,'Creación','{\"activo\": \"1\", \"nombre\": \"Exon\", \"area_id\": \"Operaciones\", \"apellidos\": \"Nuñez Martinez\", \"puesto_id\": \"Auxiliar de Embarques\", \"subsidiaria_id\": \"Inmitec\", \"unidad_servicio_id\": \"Aztecas\"}','2025-12-30 18:48:51','2025-12-30 18:48:51'),(109,103,1,'Creación','{\"activo\": \"1\", \"nombre\": \"Fayth\", \"area_id\": \"Gestión Comercial\", \"apellidos\": \"Orihuela Cardenas\", \"puesto_id\": \"Auxiliar Comercial\", \"subsidiaria_id\": \"Vysisa\", \"unidad_servicio_id\": \"S.L.P.\"}','2025-12-30 18:49:14','2025-12-30 18:49:14'),(110,104,1,'Creación','{\"activo\": \"1\", \"nombre\": \"Federico Javier\", \"area_id\": null, \"apellidos\": \"Gama Arroyo\", \"puesto_id\": \"Líder de Zona\", \"subsidiaria_id\": \"Vysisa\", \"unidad_servicio_id\": \"Huichapan\"}','2025-12-30 18:49:37','2025-12-30 18:49:37'),(111,105,1,'Creación','{\"activo\": \"1\", \"nombre\": \"Fernando David\", \"area_id\": \"Mejora Continua\", \"apellidos\": \"Gonzalez Sanchez\", \"puesto_id\": \"Responsable de Mejora Continua\", \"subsidiaria_id\": \"Vysisa\", \"unidad_servicio_id\": \"Aztecas\"}','2025-12-30 18:50:09','2025-12-30 18:50:09'),(112,106,1,'Creación','{\"activo\": \"1\", \"nombre\": \"Fernando Rafael\", \"area_id\": \"Operaciones\", \"apellidos\": \"Flores Morales\", \"puesto_id\": \"Auxiliar Vulcanizador 2\", \"subsidiaria_id\": \"Vysisa\", \"unidad_servicio_id\": \"Cedis\"}','2025-12-30 18:50:34','2025-12-30 18:50:34'),(113,107,1,'Creación','{\"activo\": \"1\", \"nombre\": \"Fernando\", \"area_id\": \"Operaciones\", \"apellidos\": \"Salazar Gomez\", \"puesto_id\": \"Auxiliar Vulcanizador 3\", \"subsidiaria_id\": \"Vysisa\", \"unidad_servicio_id\": \"Peñasquito\"}','2025-12-30 18:50:59','2025-12-30 18:50:59'),(114,108,1,'Creación','{\"activo\": \"1\", \"nombre\": \"Fernando Smith\", \"area_id\": \"Almacén\", \"apellidos\": \"Marquez Segovia\", \"puesto_id\": \"Auxiliar de Almacén\", \"subsidiaria_id\": \"Vysisa\", \"unidad_servicio_id\": \"Cedis\"}','2025-12-30 18:52:22','2025-12-30 18:52:22'),(115,109,1,'Creación','{\"activo\": \"1\", \"nombre\": \"Florencia\", \"area_id\": \"Seguridad y Salud\", \"apellidos\": \"Estrada Barrera\", \"puesto_id\": \"Supervisor de Seguridad\", \"subsidiaria_id\": \"Vysisa\", \"unidad_servicio_id\": \"Morelos\"}','2025-12-30 18:52:45','2025-12-30 18:52:45'),(116,110,1,'Creación','{\"activo\": \"1\", \"nombre\": \"Francisco Javier\", \"area_id\": null, \"apellidos\": \"Fuentes Cerezo\", \"puesto_id\": \"Supervisor 1\", \"subsidiaria_id\": \"Vysisa\", \"unidad_servicio_id\": \"Tepeaca\"}','2025-12-30 18:53:10','2025-12-30 18:53:10'),(117,111,1,'Creación','{\"activo\": \"1\", \"nombre\": \"Francisco\", \"area_id\": \"Operaciones\", \"apellidos\": \"Martinez Martinez\", \"puesto_id\": \"Ayudante General\", \"subsidiaria_id\": \"Vysisa\", \"unidad_servicio_id\": \"Aztecas\"}','2025-12-30 18:53:47','2025-12-30 18:53:47'),(118,112,1,'Creación','{\"activo\": \"1\", \"nombre\": \"Froylan\", \"area_id\": \"Compras\", \"apellidos\": \"Cruz Garcia\", \"puesto_id\": \"Analista de Compras\", \"subsidiaria_id\": \"Vysisa\", \"unidad_servicio_id\": \"Cedis\"}','2025-12-30 18:54:36','2025-12-30 18:54:36'),(119,113,1,'Creación','{\"activo\": \"1\", \"nombre\": \"Gabriel\", \"area_id\": \"Operaciones\", \"apellidos\": \"Diaz Lopez\", \"puesto_id\": \"Vulcanizador 2\", \"subsidiaria_id\": \"Vysisa\", \"unidad_servicio_id\": \"Morelos\"}','2025-12-30 18:55:02','2025-12-30 18:55:02'),(120,114,1,'Creación','{\"activo\": \"1\", \"nombre\": \"Gerardo\", \"area_id\": \"Operaciones\", \"apellidos\": \"de Santiago Palacios\", \"puesto_id\": \"Auxiliar Vulcanizador 1\", \"subsidiaria_id\": \"Vysisa\", \"unidad_servicio_id\": \"Morelos\"}','2025-12-30 18:55:30','2025-12-30 18:55:30'),(121,115,1,'Creación','{\"activo\": \"1\", \"nombre\": \"Gerardo\", \"area_id\": \"Operaciones\", \"apellidos\": \"Navarro Islas\", \"puesto_id\": \"Ayudante General\", \"subsidiaria_id\": \"Vysisa\", \"unidad_servicio_id\": \"Aztecas\"}','2025-12-30 18:57:18','2025-12-30 18:57:18'),(122,116,1,'Creación','{\"activo\": \"1\", \"nombre\": \"Gerardo\", \"area_id\": null, \"apellidos\": \"Pardo Maldonado\", \"puesto_id\": \"Líder de Zona\", \"subsidiaria_id\": \"Vysisa\", \"unidad_servicio_id\": \"Monterrey\"}','2025-12-30 18:57:41','2025-12-30 18:57:41'),(123,117,1,'Creación','{\"activo\": \"1\", \"nombre\": \"Gilberto\", \"area_id\": \"Operaciones\", \"apellidos\": \"Santos Castillo\", \"puesto_id\": \"Auxiliar Vulcanizador 3\", \"subsidiaria_id\": \"Vysisa\", \"unidad_servicio_id\": \"Aztecas\"}','2025-12-30 18:58:02','2025-12-30 18:58:02'),(124,118,1,'Creación','{\"activo\": \"1\", \"nombre\": \"Gilberto\", \"area_id\": null, \"apellidos\": \"Tovar Barron\", \"puesto_id\": \"Asesor Técnico\", \"subsidiaria_id\": \"Inmitec\", \"unidad_servicio_id\": \"Aztecas\"}','2025-12-30 18:58:24','2025-12-30 18:58:24'),(125,119,1,'Creación','{\"activo\": \"1\", \"nombre\": \"Guadalupe\", \"area_id\": \"Gestión Comercial\", \"apellidos\": \"Contreras Serrano\", \"puesto_id\": \"Auxiliar Comercial\", \"subsidiaria_id\": \"Vysisa\", \"unidad_servicio_id\": \"Tepeaca\"}','2025-12-30 18:58:59','2025-12-30 18:58:59'),(126,120,1,'Creación','{\"activo\": \"1\", \"nombre\": \"Guadalupe Leticia\", \"area_id\": \"Facturación\", \"apellidos\": \"Urbina Martinez\", \"puesto_id\": \"Auxiliar de Facturación\", \"subsidiaria_id\": \"Tip Top\", \"unidad_servicio_id\": \"Aztecas\"}','2025-12-30 18:59:25','2025-12-30 18:59:25'),(127,121,1,'Creación','{\"activo\": \"1\", \"nombre\": \"Guillermo\", \"area_id\": \"Operaciones\", \"apellidos\": \"Coello Gomez\", \"puesto_id\": \"Auxiliar Vulcanizador 1\", \"subsidiaria_id\": \"Vysisa\", \"unidad_servicio_id\": \"Colima\"}','2025-12-30 19:00:19','2025-12-30 19:00:19'),(128,122,1,'Creación','{\"activo\": \"1\", \"nombre\": \"Gustavo Guadalupe\", \"area_id\": \"Sistemas\", \"apellidos\": \"Piña Perez\", \"puesto_id\": \"Ingeniero de Sistemas\", \"subsidiaria_id\": \"Tip Top\", \"unidad_servicio_id\": \"Aztecas\"}','2025-12-30 19:06:48','2025-12-30 19:06:48'),(129,123,1,'Creación','{\"activo\": \"1\", \"nombre\": \"Heber Daniel\", \"area_id\": \"Operaciones\", \"apellidos\": \"Martinez Vazquez\", \"puesto_id\": \"Ayudante General\", \"subsidiaria_id\": \"Vysisa\", \"unidad_servicio_id\": \"Cedis\"}','2025-12-30 19:07:17','2025-12-30 19:07:17'),(130,124,1,'Creación','{\"activo\": \"1\", \"nombre\": \"Hector Miguel\", \"area_id\": \"Operaciones\", \"apellidos\": \"Meneses Cebada\", \"puesto_id\": \"Auxiliar Vulcanizador 1\", \"subsidiaria_id\": \"Vysisa\", \"unidad_servicio_id\": \"Tepeaca\"}','2025-12-30 19:07:46','2025-12-30 19:07:46'),(131,125,1,'Creación','{\"activo\": \"1\", \"nombre\": \"Hilario\", \"area_id\": \"Operaciones\", \"apellidos\": \"Ramirez Martinez\", \"puesto_id\": \"Auxiliar Vulcanizador 1\", \"subsidiaria_id\": \"Vysisa\", \"unidad_servicio_id\": \"Huichapan\"}','2025-12-30 19:08:16','2025-12-30 19:08:16'),(132,126,1,'Creación','{\"activo\": \"1\", \"nombre\": \"Hiram Fernando\", \"area_id\": \"Operaciones\", \"apellidos\": \"Escobar Becerra\", \"puesto_id\": \"Ayudante General\", \"subsidiaria_id\": \"Vysisa\", \"unidad_servicio_id\": \"Colima\"}','2025-12-30 19:08:39','2025-12-30 19:08:39'),(133,127,1,'Creación','{\"activo\": \"1\", \"nombre\": \"Hugo Antonio\", \"area_id\": \"Operaciones\", \"apellidos\": \"Betanzo Cortes\", \"puesto_id\": \"Auxiliar Vulcanizador 1\", \"subsidiaria_id\": \"Vysisa\", \"unidad_servicio_id\": \"Orizaba\"}','2025-12-30 19:09:07','2025-12-30 19:09:07'),(134,128,1,'Creación','{\"activo\": \"1\", \"nombre\": \"Hugo Humberto\", \"area_id\": \"Operaciones\", \"apellidos\": \"Valenciana Villegas\", \"puesto_id\": \"Auxiliar Vulcanizador 3\", \"subsidiaria_id\": \"Vysisa\", \"unidad_servicio_id\": \"Peñasquito\"}','2025-12-30 19:09:50','2025-12-30 19:09:50'),(135,129,1,'Creación','{\"activo\": \"1\", \"nombre\": \"Humberto\", \"area_id\": null, \"apellidos\": \"Martinez Hernandez\", \"puesto_id\": \"Coordinador de Taller\", \"subsidiaria_id\": \"Vysisa\", \"unidad_servicio_id\": \"Cedis\"}','2025-12-30 19:10:16','2025-12-30 19:10:16'),(136,130,1,'Creación','{\"activo\": \"1\", \"nombre\": \"Ignacio\", \"area_id\": \"Operaciones\", \"apellidos\": \"Hernandez Gonzalez\", \"puesto_id\": \"Ayudante General\", \"subsidiaria_id\": \"Vysisa\", \"unidad_servicio_id\": \"Cedis\"}','2025-12-30 19:10:45','2025-12-30 19:10:45'),(137,131,1,'Creación','{\"activo\": \"1\", \"nombre\": \"Isamel\", \"area_id\": \"Operaciones\", \"apellidos\": \"Gonzalez Urbina\", \"puesto_id\": \"Ayudante General\", \"subsidiaria_id\": \"Vysisa\", \"unidad_servicio_id\": \"Cedis\"}','2025-12-30 19:11:03','2025-12-30 19:11:03'),(138,132,1,'Creación','{\"activo\": \"1\", \"nombre\": \"Israel\", \"area_id\": \"Operaciones\", \"apellidos\": \"Garcia Vargas\", \"puesto_id\": \"Ayudante General\", \"subsidiaria_id\": \"Vysisa\", \"unidad_servicio_id\": \"Morelos\"}','2025-12-30 19:11:36','2025-12-30 19:11:36'),(139,133,1,'Creación','{\"activo\": \"1\", \"nombre\": \"Javier\", \"area_id\": \"Operaciones\", \"apellidos\": \"Mendoza Morales\", \"puesto_id\": \"Auxiliar Vulcanizador 1\", \"subsidiaria_id\": \"Vysisa\", \"unidad_servicio_id\": \"Cedis\"}','2025-12-30 19:11:59','2025-12-30 19:11:59'),(140,134,1,'Creación','{\"activo\": \"1\", \"nombre\": \"Javier\", \"area_id\": \"Operaciones\", \"apellidos\": \"Salas Maya\", \"puesto_id\": \"Vulcanizador 2\", \"subsidiaria_id\": \"Vysisa\", \"unidad_servicio_id\": \"Monterrey\"}','2025-12-30 19:12:27','2025-12-30 19:12:27'),(141,135,1,'Creación','{\"activo\": \"1\", \"nombre\": \"Jerzy Adair\", \"area_id\": \"Operaciones\", \"apellidos\": \"Palacios Segovia\", \"puesto_id\": \"Ayudante General\", \"subsidiaria_id\": \"Vysisa\", \"unidad_servicio_id\": \"Cedis\"}','2025-12-30 19:12:55','2025-12-30 19:12:55'),(142,136,1,'Creación','{\"activo\": \"1\", \"nombre\": \"Jessie\", \"area_id\": null, \"apellidos\": \"Baca Silva\", \"puesto_id\": null, \"subsidiaria_id\": \"Vysisa\", \"unidad_servicio_id\": \"Cedis\"}','2025-12-30 19:13:17','2025-12-30 19:13:17'),(143,136,1,'Actualización','{\"puesto_id\": {\"a\": \"Promotor de Línea\", \"de\": null}}','2025-12-30 19:13:29','2025-12-30 19:13:29'),(144,137,1,'Creación','{\"activo\": \"1\", \"nombre\": \"Jesus Andres\", \"area_id\": \"Operaciones\", \"apellidos\": \"Rizo Marquez\", \"puesto_id\": null, \"subsidiaria_id\": \"Vysisa\", \"unidad_servicio_id\": \"Aztecas\"}','2025-12-30 19:15:57','2025-12-30 19:15:57'),(145,137,1,'Actualización','{\"puesto_id\": {\"a\": \"Asistente de Operaciones\", \"de\": null}}','2025-12-30 19:16:10','2025-12-30 19:16:10'),(146,138,1,'Creación','{\"activo\": \"1\", \"nombre\": \"Jesus\", \"area_id\": \"Operaciones\", \"apellidos\": \"Davila Cruz\", \"puesto_id\": \"Vulcanizador 2\", \"subsidiaria_id\": \"Vysisa\", \"unidad_servicio_id\": \"Peñasquito\"}','2025-12-30 19:17:33','2025-12-30 19:17:33'),(147,139,1,'Creación','{\"activo\": \"1\", \"nombre\": \"Jesus Manuel\", \"area_id\": \"Operaciones\", \"apellidos\": \"Perez Argaez\", \"puesto_id\": \"Vulcanizador 3\", \"subsidiaria_id\": \"Vysisa del Sureste\", \"unidad_servicio_id\": \"Vysureste\"}','2025-12-30 19:18:04','2025-12-30 19:18:04'),(148,140,1,'Creación','{\"activo\": \"1\", \"nombre\": \"Jesus\", \"area_id\": null, \"apellidos\": \"Ramirez Velez\", \"puesto_id\": \"Asesor Técnico\", \"subsidiaria_id\": \"Vysisa\", \"unidad_servicio_id\": \"Tepeaca\"}','2025-12-30 19:18:27','2025-12-30 19:18:27'),(149,141,1,'Creación','{\"activo\": \"1\", \"nombre\": \"Jesus Ricardo\", \"area_id\": \"Operaciones\", \"apellidos\": \"Valdivia Moreno\", \"puesto_id\": \"Auxiliar Vulcanizador 2\", \"subsidiaria_id\": \"Vysisa\", \"unidad_servicio_id\": \"Colima\"}','2025-12-30 19:18:56','2025-12-30 19:18:56'),(150,142,1,'Creación','{\"activo\": \"1\", \"nombre\": \"Jhonatan\", \"area_id\": \"Almacén\", \"apellidos\": \"Rodriguez Hernandez\", \"puesto_id\": \"Auxiliar de Almacén\", \"subsidiaria_id\": \"Vysisa\", \"unidad_servicio_id\": \"Cedis\"}','2025-12-30 19:19:32','2025-12-30 19:19:32'),(151,143,1,'Creación','{\"activo\": \"1\", \"nombre\": \"Joana Guadalupe\", \"area_id\": null, \"apellidos\": \"Garcia Sancehz\", \"puesto_id\": \"Asesor Técnico\", \"subsidiaria_id\": \"Vysisa\", \"unidad_servicio_id\": \"Huichapan\"}','2025-12-30 19:20:06','2025-12-30 19:20:06'),(152,144,1,'Creación','{\"activo\": \"1\", \"nombre\": \"Johann Guadalupe\", \"area_id\": \"Seguridad y Salud\", \"apellidos\": \"Romero Palacios\", \"puesto_id\": \"Auxiliar de Seguridad\", \"subsidiaria_id\": \"Vysisa\", \"unidad_servicio_id\": \"Xoxtla\"}','2025-12-30 19:21:02','2025-12-30 19:21:02'),(153,145,1,'Creación','{\"activo\": \"1\", \"nombre\": \"Jonathan\", \"area_id\": \"Operaciones\", \"apellidos\": \"Martinez Hernandez\", \"puesto_id\": \"Auxiliar Vulcanizador 1\", \"subsidiaria_id\": \"Vysisa\", \"unidad_servicio_id\": \"S.L.P.\"}','2025-12-30 19:21:44','2025-12-30 19:21:44'),(154,146,1,'Creación','{\"activo\": \"1\", \"nombre\": \"Jonathan\", \"area_id\": null, \"apellidos\": \"Ramirez Gomez\", \"puesto_id\": \"Supervisor de Producción de Pasamanos\", \"subsidiaria_id\": \"Vysisa\", \"unidad_servicio_id\": \"Cedis\"}','2025-12-30 19:22:17','2025-12-30 19:22:17'),(155,147,1,'Creación','{\"activo\": \"1\", \"nombre\": \"Jorge\", \"area_id\": null, \"apellidos\": \"Hernandez Perez\", \"puesto_id\": \"Supervisor 1\", \"subsidiaria_id\": \"Vysisa\", \"unidad_servicio_id\": \"S.L.P.\"}','2025-12-30 19:22:42','2025-12-30 19:22:42'),(156,148,1,'Creación','{\"activo\": \"1\", \"nombre\": \"Jorge Luis\", \"area_id\": null, \"apellidos\": \"Cuellar Godinez\", \"puesto_id\": \"Responsable de Protección de Superficies\", \"subsidiaria_id\": \"Vysisa\", \"unidad_servicio_id\": \"Cedis\"}','2025-12-30 19:23:14','2025-12-30 19:23:14'),(157,149,1,'Creación','{\"activo\": \"1\", \"nombre\": \"Jose Alberto\", \"area_id\": \"Facturación\", \"apellidos\": \"Segundo Blancas\", \"puesto_id\": \"Becario de Contabilidad\", \"subsidiaria_id\": \"Tip Top\", \"unidad_servicio_id\": \"Aztecas\"}','2025-12-30 19:24:53','2025-12-30 19:24:53'),(158,150,1,'Creación','{\"activo\": \"1\", \"nombre\": \"Jose Antonio\", \"area_id\": \"Operaciones\", \"apellidos\": \"Rojas Hernandez\", \"puesto_id\": \"Ayudante General\", \"subsidiaria_id\": \"Vysisa\", \"unidad_servicio_id\": \"Apaxco\"}','2025-12-30 19:26:05','2025-12-30 19:26:05'),(159,151,1,'Creación','{\"activo\": \"1\", \"nombre\": \"Jose\", \"area_id\": \"Operaciones\", \"apellidos\": \"Aparicio Palacios\", \"puesto_id\": \"Vulcanizador 3\", \"subsidiaria_id\": \"Vysisa\", \"unidad_servicio_id\": \"Tepeaca\"}','2025-12-30 19:26:43','2025-12-30 19:26:43'),(160,152,1,'Creación','{\"activo\": \"1\", \"nombre\": \"Jose Armando\", \"area_id\": \"Operaciones\", \"apellidos\": \"Mejia Martinez\", \"puesto_id\": \"Auxiliar Vulcanizador 2\", \"subsidiaria_id\": \"Vysisa\", \"unidad_servicio_id\": \"Huichapan\"}','2025-12-30 19:27:07','2025-12-30 19:27:07'),(161,153,1,'Creación','{\"activo\": \"1\", \"nombre\": \"Jose Cristobal\", \"area_id\": \"Abastos\", \"apellidos\": \"de la Cruz Enriquez\", \"puesto_id\": \"Gerente de Abastos\", \"subsidiaria_id\": \"Vysisa\", \"unidad_servicio_id\": \"Cedis\"}','2025-12-30 19:27:37','2025-12-30 19:27:37'),(162,154,1,'Creación','{\"activo\": \"1\", \"nombre\": \"Jose Guadalupe\", \"area_id\": null, \"apellidos\": \"Ortiz Martinez\", \"puesto_id\": \"Responsable de Taller\", \"subsidiaria_id\": \"Vysisa\", \"unidad_servicio_id\": \"Morelos\"}','2025-12-30 19:28:05','2025-12-30 19:28:05'),(163,155,1,'Creación','{\"activo\": \"1\", \"nombre\": \"Jose Guadalupe\", \"area_id\": null, \"apellidos\": \"Trujillo Lopez\", \"puesto_id\": \"Supervisor 1\", \"subsidiaria_id\": \"Vysisa\", \"unidad_servicio_id\": \"Colima\"}','2025-12-30 19:28:33','2025-12-30 19:28:33'),(164,156,1,'Creación','{\"activo\": \"1\", \"nombre\": \"Jose Hector Erasto\", \"area_id\": \"Operaciones\", \"apellidos\": \"de la Cruz Enriquez\", \"puesto_id\": \"Auxiliar de Embarques\", \"subsidiaria_id\": \"Vysisa\", \"unidad_servicio_id\": \"Cedis\"}','2025-12-30 19:29:00','2025-12-30 19:29:00'),(165,157,1,'Creación','{\"activo\": \"1\", \"nombre\": \"Jose Ignacio\", \"area_id\": \"Operaciones\", \"apellidos\": \"Perez Argaez\", \"puesto_id\": \"Vulcanizador 3\", \"subsidiaria_id\": \"Vysisa del Sureste\", \"unidad_servicio_id\": \"Vysureste\"}','2025-12-30 19:29:38','2025-12-30 19:29:38'),(166,158,1,'Creación','{\"activo\": \"1\", \"nombre\": \"Jose Jesus\", \"area_id\": \"Operaciones\", \"apellidos\": \"Villa Solano\", \"puesto_id\": \"Ayudante General\", \"subsidiaria_id\": \"Vysisa\", \"unidad_servicio_id\": \"Colima\"}','2025-12-30 19:29:57','2025-12-30 19:29:57'),(167,159,1,'Creación','{\"activo\": \"1\", \"nombre\": \"Jose Juan\", \"area_id\": \"Operaciones\", \"apellidos\": \"Contreras Villar\", \"puesto_id\": \"Vulcanizador 2\", \"subsidiaria_id\": \"Vysisa\", \"unidad_servicio_id\": \"Orizaba\"}','2025-12-30 19:30:31','2025-12-30 19:30:31'),(168,160,1,'Creación','{\"activo\": \"1\", \"nombre\": \"Jose Luis\", \"area_id\": null, \"apellidos\": \"Martinez Cruz\", \"puesto_id\": \"Coordinador de Taller\", \"subsidiaria_id\": \"Vysisa\", \"unidad_servicio_id\": \"Aztecas\"}','2025-12-30 19:31:16','2025-12-30 19:31:16'),(169,160,1,'Actualización','{\"area_id\": {\"a\": \"Operaciones\", \"de\": null}}','2025-12-30 19:31:28','2025-12-30 19:31:28'),(170,161,1,'Creación','{\"activo\": \"1\", \"nombre\": \"Jose Luis\", \"area_id\": \"Operaciones\", \"apellidos\": \"Salas Maya\", \"puesto_id\": \"Vulcanizador 3\", \"subsidiaria_id\": \"Vysisa\", \"unidad_servicio_id\": \"Monterrey\"}','2025-12-30 19:32:23','2025-12-30 19:32:23'),(171,162,1,'Creación','{\"activo\": \"1\", \"nombre\": \"Jose Luis\", \"area_id\": \"Operaciones\", \"apellidos\": \"Salinas Torres\", \"puesto_id\": \"Ayudante General\", \"subsidiaria_id\": \"Vysisa\", \"unidad_servicio_id\": \"Peñasquito\"}','2025-12-30 19:32:48','2025-12-30 19:32:48'),(172,163,1,'Creación','{\"activo\": \"1\", \"nombre\": \"Jose Manuel\", \"area_id\": \"Operaciones\", \"apellidos\": \"Martinez Moreno\", \"puesto_id\": \"Ayudante General\", \"subsidiaria_id\": \"Vysisa\", \"unidad_servicio_id\": \"Morelos\"}','2025-12-30 19:33:20','2025-12-30 19:33:20'),(173,164,1,'Creación','{\"activo\": \"1\", \"nombre\": \"Jose Manuel\", \"area_id\": null, \"apellidos\": \"Sanchez Salamanca\", \"puesto_id\": \"Asesor Técnico\", \"subsidiaria_id\": \"Vysisa\", \"unidad_servicio_id\": \"Tepeaca\"}','2025-12-30 19:38:40','2025-12-30 19:38:40'),(174,165,1,'Creación','{\"activo\": \"1\", \"nombre\": \"Jose Marcos\", \"area_id\": \"Operaciones\", \"apellidos\": \"Castro Lopez\", \"puesto_id\": \"Vulcanizador 1\", \"subsidiaria_id\": \"Vysisa\", \"unidad_servicio_id\": \"Xoxtla\"}','2025-12-30 19:39:02','2025-12-30 19:39:02'),(175,166,1,'Creación','{\"activo\": \"1\", \"nombre\": \"Jose Mario\", \"area_id\": \"Operaciones\", \"apellidos\": \"de Santiago Palacios\", \"puesto_id\": \"Vulcanizador 1\", \"subsidiaria_id\": \"Vysisa\", \"unidad_servicio_id\": \"Xoxtla\"}','2025-12-30 19:39:27','2025-12-30 19:39:27'),(176,167,1,'Creación','{\"activo\": \"1\", \"nombre\": \"Jose Martin\", \"area_id\": \"Operaciones\", \"apellidos\": \"Jimenez Batum\", \"puesto_id\": \"Auxiliar Vulcanizador 1\", \"subsidiaria_id\": \"Vysisa del Sureste\", \"unidad_servicio_id\": \"Vysureste\"}','2025-12-30 19:40:25','2025-12-30 19:40:25'),(177,168,1,'Creación','{\"activo\": \"1\", \"nombre\": \"Jose Miguel\", \"area_id\": \"Operaciones\", \"apellidos\": \"Ramirez Sanchez\", \"puesto_id\": \"Auxiliar Vulcanizador 1\", \"subsidiaria_id\": \"Vysisa\", \"unidad_servicio_id\": \"Tepeaca\"}','2025-12-30 19:40:50','2025-12-30 19:40:50'),(178,168,1,'Actualización','{\"puesto_id\": {\"a\": \"Ayudante General\", \"de\": \"Auxiliar Vulcanizador 1\"}}','2025-12-30 19:41:18','2025-12-30 19:41:18'),(179,169,1,'Creación','{\"activo\": \"1\", \"nombre\": \"Jose Ricardo\", \"area_id\": \"Operaciones\", \"apellidos\": \"Sanchez Zamora\", \"puesto_id\": \"Auxiliar Vulcanizador 1\", \"subsidiaria_id\": \"Vysisa\", \"unidad_servicio_id\": \"Colima\"}','2025-12-30 19:42:15','2025-12-30 19:42:15'),(180,170,1,'Creación','{\"activo\": \"1\", \"nombre\": \"Jose Tomas\", \"area_id\": \"Operaciones\", \"apellidos\": \"Ramirez Mendoza\", \"puesto_id\": \"Auxiliar Vulcanizador 2\", \"subsidiaria_id\": \"Vysisa\", \"unidad_servicio_id\": \"Tepeaca\"}','2025-12-30 19:42:43','2025-12-30 19:42:43'),(181,171,1,'Creación','{\"activo\": \"1\", \"nombre\": \"Josue\", \"area_id\": \"Operaciones\", \"apellidos\": \"de Jesus Antonio\", \"puesto_id\": \"Vulcanizador 3\", \"subsidiaria_id\": \"Vysisa\", \"unidad_servicio_id\": \"Orizaba\"}','2025-12-30 19:43:08','2025-12-30 19:43:08'),(182,172,1,'Creación','{\"activo\": \"1\", \"nombre\": \"Juan Antonio\", \"area_id\": \"Ingeniería\", \"apellidos\": \"Cortes Lopez\", \"puesto_id\": \"Asesor Técnico\", \"subsidiaria_id\": \"Vysisa\", \"unidad_servicio_id\": \"Aztecas\"}','2025-12-30 19:43:39','2025-12-30 19:43:39'),(183,173,1,'Creación','{\"activo\": \"1\", \"nombre\": \"Juan Artemio\", \"area_id\": \"Operaciones\", \"apellidos\": \"Escobedo Sanchez\", \"puesto_id\": \"Ayudante General\", \"subsidiaria_id\": \"Vysisa\", \"unidad_servicio_id\": \"Zacatecas\"}','2025-12-30 19:44:12','2025-12-30 19:44:12'),(184,174,1,'Creación','{\"activo\": \"1\", \"nombre\": \"Juan Gabriel\", \"area_id\": null, \"apellidos\": \"Aran Alejandre\", \"puesto_id\": \"Líder de Zona\", \"subsidiaria_id\": \"Vysisa\", \"unidad_servicio_id\": \"Tepeaca\"}','2025-12-30 19:44:38','2025-12-30 19:44:38'),(185,175,1,'Creación','{\"activo\": \"1\", \"nombre\": \"Juan\", \"area_id\": \"Operaciones\", \"apellidos\": \"Garcia Ayala\", \"puesto_id\": \"Auxiliar Vulcanizador 3\", \"subsidiaria_id\": \"Vysisa\", \"unidad_servicio_id\": \"Peñasquito\"}','2025-12-30 19:45:06','2025-12-30 19:45:06'),(186,176,1,'Creación','{\"activo\": \"1\", \"nombre\": \"Juan Jesus\", \"area_id\": \"Operaciones\", \"apellidos\": \"Hernandez Ovalle\", \"puesto_id\": \"Ayudante General\", \"subsidiaria_id\": \"Vysisa\", \"unidad_servicio_id\": \"Peñasquito\"}','2025-12-30 19:45:35','2025-12-30 19:45:35'),(187,177,1,'Creación','{\"activo\": \"1\", \"nombre\": \"Juan Manuel\", \"area_id\": \"Operaciones\", \"apellidos\": \"Candia Tobon\", \"puesto_id\": \"Vulcanizador 3\", \"subsidiaria_id\": \"Vysisa\", \"unidad_servicio_id\": \"Tepeaca\"}','2025-12-30 19:46:03','2025-12-30 19:46:03'),(188,178,1,'Creación','{\"activo\": \"1\", \"nombre\": \"Juan\", \"area_id\": null, \"apellidos\": \"Silva Murcia\", \"puesto_id\": \"Instrumentista\", \"subsidiaria_id\": \"Vysisa\", \"unidad_servicio_id\": \"Cedis\"}','2025-12-30 19:46:24','2025-12-30 19:46:24'),(189,179,1,'Creación','{\"activo\": \"1\", \"nombre\": \"Julian Serafin\", \"area_id\": \"Operaciones\", \"apellidos\": \"Huerta Ginez\", \"puesto_id\": \"Auxiliar Vulcanizador 3\", \"subsidiaria_id\": \"Vysisa\", \"unidad_servicio_id\": \"Tepeaca\"}','2025-12-30 19:47:00','2025-12-30 19:47:00'),(190,180,1,'Creación','{\"activo\": \"1\", \"nombre\": \"Julio\", \"area_id\": \"Operaciones\", \"apellidos\": \"Gregorio Hernandez\", \"puesto_id\": \"Ayudante General\", \"subsidiaria_id\": \"Vysisa\", \"unidad_servicio_id\": \"Tepeaca\"}','2025-12-30 19:47:30','2025-12-30 19:47:30'),(191,181,1,'Creación','{\"activo\": \"1\", \"nombre\": \"Karime Michelle\", \"area_id\": \"Sistema de Gestión Integral\", \"apellidos\": \"Barojas Ortega\", \"puesto_id\": \"Asistente del Sistema de Gestión\", \"subsidiaria_id\": \"Vysisa\", \"unidad_servicio_id\": \"Cedis\"}','2025-12-30 19:48:08','2025-12-30 19:48:08'),(192,182,1,'Creación','{\"activo\": \"1\", \"nombre\": \"Karina\", \"area_id\": \"Abastos\", \"apellidos\": \"Dominguez Garrido\", \"puesto_id\": \"Responsable de Abastos\", \"subsidiaria_id\": \"Vysisa\", \"unidad_servicio_id\": \"Cedis\"}','2025-12-30 19:48:32','2025-12-30 19:48:32'),(193,183,1,'Creación','{\"activo\": \"1\", \"nombre\": \"Karina\", \"area_id\": \"Gestión Comercial\", \"apellidos\": \"Guadalupe Bernal\", \"puesto_id\": \"Ayudante Comercial\", \"subsidiaria_id\": \"Vysisa\", \"unidad_servicio_id\": \"Apaxco\"}','2025-12-30 19:49:58','2025-12-30 19:49:58'),(194,184,1,'Creación','{\"activo\": \"1\", \"nombre\": \"Karina\", \"area_id\": \"Gestión Comercial\", \"apellidos\": \"Juncal Javier\", \"puesto_id\": \"Auxiliar Comercial\", \"subsidiaria_id\": \"Vysisa\", \"unidad_servicio_id\": \"Apaxco\"}','2025-12-30 19:50:18','2025-12-30 19:50:18'),(195,185,1,'Creación','{\"activo\": \"1\", \"nombre\": \"Leonardo Daniel\", \"area_id\": \"Sistemas\", \"apellidos\": \"Centeno Guerrero\", \"puesto_id\": \"Coordinador de Sistemas\", \"subsidiaria_id\": \"Tip Top\", \"unidad_servicio_id\": \"Aztecas\"}','2025-12-30 19:50:56','2025-12-30 19:50:56'),(196,186,1,'Creación','{\"activo\": \"1\", \"nombre\": \"Lourdes Edith\", \"area_id\": \"Tesorería\", \"apellidos\": \"Noriega Alvarez\", \"puesto_id\": \"Responsable de Tesorería\", \"subsidiaria_id\": \"Tip Top\", \"unidad_servicio_id\": \"Aztecas\"}','2025-12-30 19:51:29','2025-12-30 19:51:29'),(197,187,1,'Creación','{\"activo\": \"1\", \"nombre\": \"Luis Alberto\", \"area_id\": \"Operaciones\", \"apellidos\": \"Cordero Arriaga\", \"puesto_id\": \"Vulcanizador 3\", \"subsidiaria_id\": \"Vysisa del Sureste\", \"unidad_servicio_id\": \"Vysureste\"}','2025-12-30 19:52:04','2025-12-30 19:52:04'),(198,188,1,'Creación','{\"activo\": \"1\", \"nombre\": \"Luis Alberto\", \"area_id\": \"Operaciones\", \"apellidos\": \"Mateos Guapillo\", \"puesto_id\": \"Auxiliar Vulcanizador 1\", \"subsidiaria_id\": \"Vysisa\", \"unidad_servicio_id\": \"Orizaba\"}','2025-12-30 19:52:31','2025-12-30 19:52:31'),(199,189,1,'Creación','{\"activo\": \"1\", \"nombre\": \"Luis Alberto\", \"area_id\": \"Operaciones\", \"apellidos\": \"de Blas Castillo\", \"puesto_id\": \"Vulcanizador 1\", \"subsidiaria_id\": \"Vysisa\", \"unidad_servicio_id\": \"Apaxco\"}','2025-12-30 19:52:57','2025-12-30 19:52:57'),(200,189,1,'Actualización','{\"nombre\": {\"a\": \"Luis Alejandro\", \"de\": \"Luis Alberto\"}, \"area_id\": {\"a\": null, \"de\": \"Operaciones\"}, \"puesto_id\": {\"a\": \"Supervisor 1\", \"de\": \"Vulcanizador 1\"}, \"unidad_servicio_id\": {\"a\": \"Aztecas\", \"de\": \"Apaxco\"}}','2025-12-30 19:53:53','2025-12-30 19:53:53'),(201,190,1,'Creación','{\"activo\": \"1\", \"nombre\": \"Luis Alberto\", \"area_id\": \"Operaciones\", \"apellidos\": \"Mendoza Martinez\", \"puesto_id\": \"Vulcanizador 1\", \"subsidiaria_id\": \"Vysisa\", \"unidad_servicio_id\": \"Apaxco\"}','2025-12-30 19:54:31','2025-12-30 19:54:31'),(202,191,1,'Creación','{\"activo\": \"1\", \"nombre\": \"Luis Alejandro\", \"area_id\": null, \"apellidos\": \"Torrez Castellanos\", \"puesto_id\": \"Asesor Técnico\", \"subsidiaria_id\": \"Vysisa\", \"unidad_servicio_id\": \"Colima\"}','2025-12-30 20:31:24','2025-12-30 20:31:24'),(203,192,1,'Creación','{\"activo\": \"1\", \"nombre\": \"Luis Angel\", \"area_id\": \"Operaciones\", \"apellidos\": \"Bautista Hernandez\", \"puesto_id\": \"Auxiliar Vulcanizador 2\", \"subsidiaria_id\": \"Vysisa\", \"unidad_servicio_id\": \"Cedis\"}','2025-12-30 20:33:47','2025-12-30 20:33:47'),(204,193,1,'Creación','{\"activo\": \"1\", \"nombre\": \"Luis Angel\", \"area_id\": \"Seguridad y Salud\", \"apellidos\": \"Rosales Hernandez\", \"puesto_id\": \"Supervisor de Seguridad\", \"subsidiaria_id\": \"Vysisa\", \"unidad_servicio_id\": \"Tepeaca\"}','2025-12-30 20:34:50','2025-12-30 20:34:50'),(205,194,1,'Creación','{\"activo\": \"1\", \"nombre\": \"Luis Antonio\", \"area_id\": \"Operaciones\", \"apellidos\": \"Herrera de la Rosa\", \"puesto_id\": \"Ayudante General\", \"subsidiaria_id\": \"Vysisa\", \"unidad_servicio_id\": \"Zacatecas\"}','2025-12-30 20:35:13','2025-12-30 20:35:13'),(206,195,1,'Creación','{\"activo\": \"1\", \"nombre\": \"Luis\", \"area_id\": \"Ventas\", \"apellidos\": \"Chapela Najera\", \"puesto_id\": \"Gerente de Ventas\", \"subsidiaria_id\": \"Inmitec\", \"unidad_servicio_id\": \"Aztecas\"}','2025-12-30 20:36:03','2025-12-30 20:36:03'),(207,196,1,'Creación','{\"activo\": \"1\", \"nombre\": \"Luis Enrique\", \"area_id\": \"Operaciones\", \"apellidos\": \"Davila Cruz\", \"puesto_id\": \"Ayudante General\", \"subsidiaria_id\": \"Vysisa\", \"unidad_servicio_id\": \"Peñasquito\"}','2025-12-30 20:36:28','2025-12-30 20:36:28'),(208,197,1,'Creación','{\"activo\": \"1\", \"nombre\": \"Luis Enrique\", \"area_id\": \"Operaciones\", \"apellidos\": \"Gonzalez Barrera\", \"puesto_id\": \"Auxiliar Vulcanizador 1\", \"subsidiaria_id\": \"Vysisa\", \"unidad_servicio_id\": \"Morelos\"}','2025-12-30 20:36:55','2025-12-30 20:36:55'),(209,198,1,'Creación','{\"activo\": \"1\", \"nombre\": \"Luis Gustavo\", \"area_id\": \"Operaciones\", \"apellidos\": \"Andres Guerrero\", \"puesto_id\": \"Ayudante General\", \"subsidiaria_id\": \"Vysisa\", \"unidad_servicio_id\": \"Morelos\"}','2025-12-30 20:37:19','2025-12-30 20:37:19'),(210,199,1,'Creación','{\"activo\": \"1\", \"nombre\": \"Manuel Alejandro\", \"area_id\": null, \"apellidos\": \"Reyes Cuellar\", \"puesto_id\": \"Coordinador de Calidad\", \"subsidiaria_id\": \"Vysisa\", \"unidad_servicio_id\": \"Cedis\"}','2025-12-30 20:37:48','2025-12-30 20:37:48'),(211,200,1,'Creación','{\"activo\": \"1\", \"nombre\": \"Marco Antonio\", \"area_id\": \"Servicios Generales\", \"apellidos\": \"Garcia Zuñiga\", \"puesto_id\": \"Coordinador de Servicios Generales\", \"subsidiaria_id\": \"Vysisa\", \"unidad_servicio_id\": \"Aztecas\"}','2025-12-30 20:38:54','2025-12-30 20:38:54'),(212,201,1,'Creación','{\"activo\": \"1\", \"nombre\": \"Marco Jesus\", \"area_id\": \"Operaciones\", \"apellidos\": \"Lopez Arriaga\", \"puesto_id\": \"Auxiliar Vulcanizador 1\", \"subsidiaria_id\": \"Vysisa\", \"unidad_servicio_id\": \"Cedis\"}','2025-12-30 20:39:17','2025-12-30 20:39:17'),(213,202,1,'Creación','{\"activo\": \"1\", \"nombre\": \"Marcos Emmanuel\", \"area_id\": \"Operaciones\", \"apellidos\": \"Osorio Duque\", \"puesto_id\": \"Auxiliar Vulcanizador 1\", \"subsidiaria_id\": \"Vysisa\", \"unidad_servicio_id\": \"Morelos\"}','2025-12-30 20:40:12','2025-12-30 20:40:12'),(214,203,1,'Creación','{\"activo\": \"1\", \"nombre\": \"Margarita de Lorena\", \"area_id\": \"Dirección\", \"apellidos\": \"Enriquez Zurita\", \"puesto_id\": \"Directora de Admon y Finanzas\", \"subsidiaria_id\": \"Vysisa\", \"unidad_servicio_id\": \"Aztecas\"}','2025-12-30 20:41:10','2025-12-30 20:41:10'),(215,204,1,'Creación','{\"activo\": \"1\", \"nombre\": \"Maria Eugenia\", \"area_id\": \"Contabilidad\", \"apellidos\": \"Castro Quezada\", \"puesto_id\": \"Auxiliar de Contabilidad\", \"subsidiaria_id\": \"Tip Top\", \"unidad_servicio_id\": \"Aztecas\"}','2025-12-30 20:41:42','2025-12-30 20:41:42'),(216,205,1,'Creación','{\"activo\": \"1\", \"nombre\": \"Maria Guadalupe\", \"area_id\": \"Seguridad y Salud\", \"apellidos\": \"Martinez Hernandez\", \"puesto_id\": \"Supervisor de Seguridad\", \"subsidiaria_id\": \"Vysisa\", \"unidad_servicio_id\": \"Peñasquito\"}','2025-12-30 20:42:06','2025-12-30 20:42:06'),(217,206,1,'Creación','{\"activo\": \"1\", \"nombre\": \"Maria Guadalupe\", \"area_id\": \"Atención a Clientes\", \"apellidos\": \"Martinez Zaragoza\", \"puesto_id\": \"Ejecutivo de Atención a Clientes\", \"subsidiaria_id\": \"Tip Top\", \"unidad_servicio_id\": \"Aztecas\"}','2025-12-30 20:43:08','2025-12-30 20:43:08'),(218,207,1,'Creación','{\"activo\": \"1\", \"nombre\": \"Maria Teresa\", \"area_id\": \"Tesorería\", \"apellidos\": \"Chijate Garcia\", \"puesto_id\": \"Asistente de Tesorería\", \"subsidiaria_id\": \"Tip Top\", \"unidad_servicio_id\": \"Aztecas\"}','2025-12-30 20:43:46','2025-12-30 20:43:46'),(219,208,1,'Creación','{\"activo\": \"1\", \"nombre\": \"Mariana\", \"area_id\": \"Ingeniería\", \"apellidos\": \"Herrejon Espejel\", \"puesto_id\": \"Practicante de Ingeniería\", \"subsidiaria_id\": \"Vysisa\", \"unidad_servicio_id\": \"Aztecas\"}','2025-12-30 20:44:17','2025-12-30 20:44:17'),(220,209,1,'Creación','{\"activo\": \"1\", \"nombre\": \"Maribel\", \"area_id\": \"Facturación\", \"apellidos\": \"Flores Parra\", \"puesto_id\": \"Auxiliar de Facturación\", \"subsidiaria_id\": \"Inmitec\", \"unidad_servicio_id\": \"Aztecas\"}','2025-12-30 20:44:59','2025-12-30 20:44:59'),(221,210,1,'Creación','{\"activo\": \"1\", \"nombre\": \"Maribel\", \"area_id\": \"Contabilidad\", \"apellidos\": \"Lopez Guido\", \"puesto_id\": \"Analista de Contabilidad\", \"subsidiaria_id\": \"Tip Top\", \"unidad_servicio_id\": \"Aztecas\"}','2025-12-30 20:45:26','2025-12-30 20:45:26'),(222,211,1,'Creación','{\"activo\": \"1\", \"nombre\": \"Marina\", \"area_id\": null, \"apellidos\": \"Cuadrilla Prado\", \"puesto_id\": \"Ayudante de Intendencia\", \"subsidiaria_id\": \"Vysisa\", \"unidad_servicio_id\": \"Cedis\"}','2025-12-30 20:45:56','2025-12-30 20:45:56'),(223,212,1,'Creación','{\"activo\": \"1\", \"nombre\": \"Mario Alberto\", \"area_id\": \"Operaciones\", \"apellidos\": \"Flores Diaz\", \"puesto_id\": \"Auxiliar Vulcanizador 1\", \"subsidiaria_id\": \"Vysisa\", \"unidad_servicio_id\": \"Peñasquito\"}','2025-12-30 20:46:27','2025-12-30 20:46:27'),(224,213,1,'Creación','{\"activo\": \"1\", \"nombre\": \"Mario Alberto\", \"area_id\": \"Operaciones\", \"apellidos\": \"Martinez Velazquez\", \"puesto_id\": \"Ayudante General\", \"subsidiaria_id\": \"Vysisa\", \"unidad_servicio_id\": \"Aztecas\"}','2025-12-30 20:46:51','2025-12-30 20:46:51'),(225,214,1,'Creación','{\"activo\": \"1\", \"nombre\": \"Marko Aldair\", \"area_id\": \"Operaciones\", \"apellidos\": \"Padilla Perez\", \"puesto_id\": \"Auxiliar Vulcanizador 1\", \"subsidiaria_id\": \"Vysisa del Sureste\", \"unidad_servicio_id\": \"Vysureste\"}','2025-12-30 20:47:20','2025-12-30 20:47:20'),(226,215,1,'Creación','{\"activo\": \"1\", \"nombre\": \"Martha Alicia\", \"area_id\": \"Gestión Comercial\", \"apellidos\": \"Puga Navarro\", \"puesto_id\": \"Auxiliar Comercial\", \"subsidiaria_id\": \"Vysisa\", \"unidad_servicio_id\": \"Colima\"}','2025-12-30 20:47:44','2025-12-30 20:47:44'),(227,216,1,'Creación','{\"activo\": \"1\", \"nombre\": \"Martha Guadalupe\", \"area_id\": \"Gestión Comercial\", \"apellidos\": \"Moreno Martinez\", \"puesto_id\": \"Coordinador Comercial\", \"subsidiaria_id\": \"Tip Top\", \"unidad_servicio_id\": \"Aztecas\"}','2025-12-30 20:48:12','2025-12-30 20:48:12'),(228,217,1,'Creación','{\"activo\": \"1\", \"nombre\": \"Martin Emiliano\", \"area_id\": null, \"apellidos\": \"Bañuelos Espinoza\", \"puesto_id\": \"Gerente de Filial\", \"subsidiaria_id\": \"Vysisa del Sureste\", \"unidad_servicio_id\": \"Vysureste\"}','2025-12-30 20:48:39','2025-12-30 20:48:39'),(229,218,1,'Creación','{\"activo\": \"1\", \"nombre\": \"Mauricio\", \"area_id\": \"Operaciones\", \"apellidos\": \"Huerta Ginez\", \"puesto_id\": \"Auxiliar Vulcanizador 2\", \"subsidiaria_id\": \"Vysisa\", \"unidad_servicio_id\": \"Tepeaca\"}','2025-12-30 20:49:56','2025-12-30 20:49:56'),(230,219,1,'Creación','{\"activo\": \"1\", \"nombre\": \"Miguel Angel\", \"area_id\": null, \"apellidos\": \"Chavez Leal\", \"puesto_id\": \"Responsable de Taller\", \"subsidiaria_id\": \"Vysisa\", \"unidad_servicio_id\": \"Peñasquito\"}','2025-12-30 20:50:19','2025-12-30 20:50:19'),(231,220,1,'Creación','{\"activo\": \"1\", \"nombre\": \"Miguel Angel\", \"area_id\": null, \"apellidos\": \"Sandoval Castro\", \"puesto_id\": \"Coordinador de Taller\", \"subsidiaria_id\": \"Vysisa\", \"unidad_servicio_id\": \"Colima\"}','2025-12-30 20:50:46','2025-12-30 20:50:46'),(232,221,1,'Creación','{\"activo\": \"1\", \"nombre\": \"Miguel Angel\", \"area_id\": \"Operaciones\", \"apellidos\": \"Soto Treque\", \"puesto_id\": \"Ayudante General\", \"subsidiaria_id\": \"Vysisa\", \"unidad_servicio_id\": \"Apaxco\"}','2025-12-30 20:51:26','2025-12-30 20:51:26'),(233,222,1,'Creación','{\"activo\": \"1\", \"nombre\": \"Miguel\", \"area_id\": \"Operaciones\", \"apellidos\": \"Torres Batallar\", \"puesto_id\": \"Ayudante General\", \"subsidiaria_id\": \"Vysisa\", \"unidad_servicio_id\": \"Morelos\"}','2025-12-30 20:52:06','2025-12-30 20:52:06'),(234,223,1,'Creación','{\"activo\": \"1\", \"nombre\": \"Miriam de Jesus\", \"area_id\": null, \"apellidos\": \"Huerta Bravo\", \"puesto_id\": \"Coordinador de Taller\", \"subsidiaria_id\": \"Vysisa\", \"unidad_servicio_id\": \"S.L.P.\"}','2025-12-30 20:52:30','2025-12-30 20:52:30'),(235,224,1,'Creación','{\"activo\": \"1\", \"nombre\": \"Miriam\", \"area_id\": \"Capital Humano\", \"apellidos\": \"Romero Huerta\", \"puesto_id\": \"Asistente de Desarrollo de Capital Humano\", \"subsidiaria_id\": \"Vysisa\", \"unidad_servicio_id\": \"Aztecas\"}','2025-12-30 20:54:05','2025-12-30 20:54:05'),(236,225,1,'Creación','{\"activo\": \"1\", \"nombre\": \"Octavio\", \"area_id\": null, \"apellidos\": \"de Jesus Antonio\", \"puesto_id\": \"Coordinador de Taller\", \"subsidiaria_id\": \"Tip Top\", \"unidad_servicio_id\": \"Orizaba\"}','2025-12-30 20:56:10','2025-12-30 20:56:10'),(237,224,1,'Actualización','{\"subsidiaria_id\": {\"a\": \"Tip Top\", \"de\": \"Vysisa\"}}','2025-12-30 20:56:18','2025-12-30 20:56:18'),(238,226,1,'Creación','{\"activo\": \"1\", \"nombre\": \"Olga Fharyde\", \"area_id\": null, \"apellidos\": \"Alvarez Quiroz\", \"puesto_id\": \"Coordinador de Taller\", \"subsidiaria_id\": \"Vysisa\", \"unidad_servicio_id\": \"Monterrey\"}','2025-12-30 20:57:11','2025-12-30 20:57:11'),(239,227,1,'Creación','{\"activo\": \"1\", \"nombre\": \"Omar\", \"area_id\": null, \"apellidos\": \"Leal Leal\", \"puesto_id\": \"Ingeniero de Campo\", \"subsidiaria_id\": \"Vysisa\", \"unidad_servicio_id\": \"Peñasquito\"}','2025-12-30 20:57:34','2025-12-30 20:57:34'),(240,228,1,'Creación','{\"activo\": \"1\", \"nombre\": \"Omar Valentino\", \"area_id\": \"Operaciones\", \"apellidos\": \"Lujan Sanchez\", \"puesto_id\": \"Ayudante General\", \"subsidiaria_id\": \"Vysisa\", \"unidad_servicio_id\": \"Cedis\"}','2025-12-30 20:58:05','2025-12-30 20:58:05'),(241,229,1,'Creación','{\"activo\": \"1\", \"nombre\": \"Oscar\", \"area_id\": \"Contabilidad\", \"apellidos\": \"de Leon Campos\", \"puesto_id\": \"Auxiliar de Contabilidad\", \"subsidiaria_id\": \"Tip Top\", \"unidad_servicio_id\": \"Aztecas\"}','2025-12-30 20:58:37','2025-12-30 20:58:37'),(242,230,1,'Creación','{\"activo\": \"1\", \"nombre\": \"Osvaldo\", \"area_id\": \"Operaciones\", \"apellidos\": \"Garcia Ramirez\", \"puesto_id\": \"Ayudante General\", \"subsidiaria_id\": \"Vysisa\", \"unidad_servicio_id\": \"Colima\"}','2025-12-30 20:59:02','2025-12-30 20:59:02'),(243,231,1,'Creación','{\"activo\": \"1\", \"nombre\": \"Oswaldo\", \"area_id\": \"Operaciones\", \"apellidos\": \"Navarro Islas\", \"puesto_id\": \"Ayudante General\", \"subsidiaria_id\": \"Vysisa\", \"unidad_servicio_id\": \"Aztecas\"}','2025-12-30 20:59:25','2025-12-30 20:59:25'),(244,232,1,'Creación','{\"activo\": \"1\", \"nombre\": \"Pedro Alberto\", \"area_id\": \"Ingeniería\", \"apellidos\": \"Maldonado Estrada\", \"puesto_id\": \"Responsable de Ingeniería\", \"subsidiaria_id\": \"Vysisa\", \"unidad_servicio_id\": \"Aztecas\"}','2025-12-30 20:59:57','2025-12-30 20:59:57'),(245,233,1,'Creación','{\"activo\": \"1\", \"nombre\": \"Pilar\", \"area_id\": null, \"apellidos\": \"Arreola Rodriguez\", \"puesto_id\": \"Ayudante de Intendencia\", \"subsidiaria_id\": \"Vysisa\", \"unidad_servicio_id\": \"Aztecas\"}','2025-12-30 21:00:17','2025-12-30 21:00:17'),(246,234,1,'Creación','{\"activo\": \"1\", \"nombre\": \"Raul\", \"area_id\": \"Operaciones\", \"apellidos\": \"Espindola\", \"puesto_id\": \"Vulcanizador 2\", \"subsidiaria_id\": \"Vysisa\", \"unidad_servicio_id\": \"Aztecas\"}','2025-12-30 21:00:36','2025-12-30 21:00:36'),(247,235,1,'Creación','{\"activo\": \"1\", \"nombre\": \"Raul\", \"area_id\": null, \"apellidos\": \"Perez Huerta\", \"puesto_id\": \"Promotor de Marca\", \"subsidiaria_id\": \"Vysisa\", \"unidad_servicio_id\": \"Aztecas\"}','2025-12-30 21:01:01','2025-12-30 21:01:01'),(248,236,1,'Creación','{\"activo\": \"1\", \"nombre\": \"Raul\", \"area_id\": null, \"apellidos\": \"Rivera Guzman\", \"puesto_id\": \"Responsable de Línea\", \"subsidiaria_id\": \"Tip Top\", \"unidad_servicio_id\": \"Aztecas\"}','2025-12-30 21:02:17','2025-12-30 21:02:17'),(249,237,1,'Creación','{\"activo\": \"1\", \"nombre\": \"Raul\", \"area_id\": \"Operaciones\", \"apellidos\": \"Vazquez Sanchez\", \"puesto_id\": \"Ayudante General\", \"subsidiaria_id\": \"Vysisa\", \"unidad_servicio_id\": \"Tepeaca\"}','2025-12-30 21:02:59','2025-12-30 21:02:59'),(250,238,1,'Creación','{\"activo\": \"1\", \"nombre\": \"Raymundo\", \"area_id\": null, \"apellidos\": \"Bernal Jimenez\", \"puesto_id\": \"Supervisor 1\", \"subsidiaria_id\": \"Vysisa\", \"unidad_servicio_id\": \"Apaxco\"}','2025-12-30 21:03:19','2025-12-30 21:03:19'),(251,239,1,'Creación','{\"activo\": \"1\", \"nombre\": \"Renan\", \"area_id\": null, \"apellidos\": \"Aran Alejandre\", \"puesto_id\": \"Supervisor 3\", \"subsidiaria_id\": \"Vysisa\", \"unidad_servicio_id\": \"Tepeaca\"}','2025-12-30 21:03:36','2025-12-30 21:03:36'),(252,240,1,'Creación','{\"activo\": \"1\", \"nombre\": \"Renata Aurora\", \"area_id\": \"Marketing\", \"apellidos\": \"Flores Nava\", \"puesto_id\": \"Asistente de Marketing\", \"subsidiaria_id\": \"Tip Top\", \"unidad_servicio_id\": \"Aztecas\"}','2025-12-30 21:04:24','2025-12-30 21:04:24'),(253,241,1,'Creación','{\"activo\": \"1\", \"nombre\": \"Rene\", \"area_id\": \"Almacén\", \"apellidos\": \"Meneses Flores\", \"puesto_id\": \"Coordinador de Almacén\", \"subsidiaria_id\": \"Vysisa\", \"unidad_servicio_id\": \"Cedis\"}','2025-12-30 21:04:50','2025-12-30 21:04:50'),(254,242,1,'Creación','{\"activo\": \"1\", \"nombre\": \"Roberto Carlos\", \"area_id\": \"Operaciones\", \"apellidos\": \"Ramirez Chavez\", \"puesto_id\": \"Auxiliar Vulcanizador 1\", \"subsidiaria_id\": \"Vysisa\", \"unidad_servicio_id\": \"Torreon\"}','2025-12-30 21:05:15','2025-12-30 21:05:15'),(255,243,1,'Creación','{\"activo\": \"1\", \"nombre\": \"Rodolfo Julian\", \"area_id\": \"Operaciones\", \"apellidos\": \"Arias Contreras\", \"puesto_id\": \"Ayudante General\", \"subsidiaria_id\": \"Vysisa\", \"unidad_servicio_id\": \"Colima\"}','2025-12-30 21:05:38','2025-12-30 21:05:38'),(256,244,1,'Creación','{\"activo\": \"1\", \"nombre\": \"Rosa Angelica\", \"area_id\": \"Contabilidad\", \"apellidos\": \"Rios Contreras\", \"puesto_id\": \"Auxiliar de Contabilidad\", \"subsidiaria_id\": \"Tip Top\", \"unidad_servicio_id\": \"Aztecas\"}','2025-12-30 21:05:57','2025-12-30 21:05:57'),(257,245,1,'Creación','{\"activo\": \"1\", \"nombre\": \"Rosalba\", \"area_id\": null, \"apellidos\": \"Gonzalez Ramirez\", \"puesto_id\": \"Coordinador de Taller\", \"subsidiaria_id\": \"Vysisa\", \"unidad_servicio_id\": \"Huichapan\"}','2025-12-30 21:06:35','2025-12-30 21:06:35'),(258,246,1,'Creación','{\"activo\": \"1\", \"nombre\": \"Sara\", \"area_id\": \"Administrativo\", \"apellidos\": \"Lopez Brito\", \"puesto_id\": \"Auxiliar Administrativo\", \"subsidiaria_id\": \"Vysisa\", \"unidad_servicio_id\": \"Cedis\"}','2025-12-30 21:07:11','2025-12-30 21:07:11'),(259,247,1,'Creación','{\"activo\": \"1\", \"nombre\": \"Saul\", \"area_id\": \"Operaciones\", \"apellidos\": \"Lopez Garcia\", \"puesto_id\": \"Ayudante General\", \"subsidiaria_id\": \"Vysisa\", \"unidad_servicio_id\": \"Cedis\"}','2025-12-30 21:07:33','2025-12-30 21:07:33'),(260,248,1,'Creación','{\"activo\": \"1\", \"nombre\": \"Saul\", \"area_id\": \"Almacén\", \"apellidos\": \"Reyes Andrade\", \"puesto_id\": \"Ayudante de Almacén\", \"subsidiaria_id\": \"Vysisa\", \"unidad_servicio_id\": \"Cedis\"}','2025-12-30 21:08:36','2025-12-30 21:08:36'),(261,249,1,'Creación','{\"activo\": \"1\", \"nombre\": \"Sergio\", \"area_id\": \"Operaciones\", \"apellidos\": \"Arenas Yañez\", \"puesto_id\": \"Vulcanizador 2\", \"subsidiaria_id\": \"Vysisa\", \"unidad_servicio_id\": \"Aztecas\"}','2025-12-30 21:08:57','2025-12-30 21:08:57'),(262,250,1,'Creación','{\"activo\": \"1\", \"nombre\": \"Sergio\", \"area_id\": null, \"apellidos\": \"Marquez Martin\", \"puesto_id\": \"Asesor Técnico\", \"subsidiaria_id\": \"Vysisa\", \"unidad_servicio_id\": \"Aztecas\"}','2025-12-30 21:09:21','2025-12-30 21:09:21'),(263,251,1,'Creación','{\"activo\": \"1\", \"nombre\": \"Silvia Senen\", \"area_id\": \"Dirección\", \"apellidos\": \"Mayorga Lepe\", \"puesto_id\": \"Asistente de Dirección\", \"subsidiaria_id\": \"Tip Top\", \"unidad_servicio_id\": \"Aztecas\"}','2025-12-30 21:09:48','2025-12-30 21:09:48'),(264,252,1,'Creación','{\"activo\": \"1\", \"nombre\": \"Teodulo Gerardo\", \"area_id\": null, \"apellidos\": \"Navarro Hernandez\", \"puesto_id\": \"Chofer\", \"subsidiaria_id\": \"Tip Top\", \"unidad_servicio_id\": \"Aztecas\"}','2025-12-30 21:10:09','2025-12-30 21:10:09'),(265,253,1,'Creación','{\"activo\": \"1\", \"nombre\": \"Terencio\", \"area_id\": \"Operaciones\", \"apellidos\": \"Cortes Evaristo\", \"puesto_id\": \"Vulcanizador 2\", \"subsidiaria_id\": \"Vysisa\", \"unidad_servicio_id\": \"Xoxtla\"}','2025-12-30 21:10:59','2025-12-30 21:10:59'),(266,254,1,'Creación','{\"activo\": \"1\", \"nombre\": \"Teresa de los Angeles\", \"area_id\": \"Ingeniería\", \"apellidos\": \"Acevedo Dominguez\", \"puesto_id\": \"Asesor Técnico\", \"subsidiaria_id\": \"Vysisa\", \"unidad_servicio_id\": \"Aztecas\"}','2025-12-30 21:11:24','2025-12-30 21:11:24'),(267,255,1,'Creación','{\"activo\": \"1\", \"nombre\": \"Ulises Abel\", \"area_id\": \"Seguridad y Salud\", \"apellidos\": \"Rodriguez Ortega\", \"puesto_id\": \"Supervisor de Seguridad\", \"subsidiaria_id\": \"Vysisa\", \"unidad_servicio_id\": \"Aztecas\"}','2025-12-30 21:13:10','2025-12-30 21:13:10'),(268,256,1,'Creación','{\"activo\": \"1\", \"nombre\": \"Ulises\", \"area_id\": \"Operaciones\", \"apellidos\": \"Lujano Morales\", \"puesto_id\": \"Ayudante General\", \"subsidiaria_id\": \"Vysisa\", \"unidad_servicio_id\": \"Cedis\"}','2025-12-30 21:14:05','2025-12-30 21:14:05'),(269,257,1,'Creación','{\"activo\": \"1\", \"nombre\": \"Ulises\", \"area_id\": \"Operaciones\", \"apellidos\": \"Martinez Maqueda\", \"puesto_id\": \"Auxiliar Vulcanizador 2\", \"subsidiaria_id\": \"Vysisa\", \"unidad_servicio_id\": \"Apaxco\"}','2025-12-30 21:14:32','2025-12-30 21:14:32'),(270,258,1,'Creación','{\"activo\": \"1\", \"nombre\": \"Valentin\", \"area_id\": null, \"apellidos\": \"Bernal Cruz\", \"puesto_id\": \"Responsable de Taller\", \"subsidiaria_id\": \"Vysisa\", \"unidad_servicio_id\": \"Apaxco\"}','2025-12-30 21:14:57','2025-12-30 21:14:57'),(271,259,1,'Creación','{\"activo\": \"1\", \"nombre\": \"Vanesa Lizbet\", \"area_id\": \"Gestión Comercial\", \"apellidos\": \"Hernandez Castro\", \"puesto_id\": \"Auxiliar Comercial\", \"subsidiaria_id\": \"Vysisa\", \"unidad_servicio_id\": \"Peñasquito\"}','2025-12-30 21:15:33','2025-12-30 21:15:33'),(272,260,1,'Creación','{\"activo\": \"1\", \"nombre\": \"Vannia\", \"area_id\": \"Ingeniería\", \"apellidos\": \"Victoria Ramirez\", \"puesto_id\": \"Auxiliar Administrativo de Ingeniería\", \"subsidiaria_id\": \"Vysisa\", \"unidad_servicio_id\": \"Aztecas\"}','2025-12-30 21:15:53','2025-12-30 21:15:53'),(273,261,1,'Creación','{\"activo\": \"1\", \"nombre\": \"Venancio\", \"area_id\": \"Operaciones\", \"apellidos\": \"Lopez Trejo\", \"puesto_id\": \"Auxiliar Vulcanizador 2\", \"subsidiaria_id\": \"Vysisa\", \"unidad_servicio_id\": \"Huichapan\"}','2025-12-30 21:16:21','2025-12-30 21:16:21'),(274,262,1,'Creación','{\"activo\": \"1\", \"nombre\": \"Veronica\", \"area_id\": \"Contabilidad\", \"apellidos\": \"Garcia Garcia\", \"puesto_id\": \"Auxiliar de Cobranza\", \"subsidiaria_id\": \"Tip Top\", \"unidad_servicio_id\": \"Aztecas\"}','2025-12-30 21:16:50','2025-12-30 21:16:50'),(275,263,1,'Creación','{\"activo\": \"1\", \"nombre\": \"Vicente\", \"area_id\": \"Operaciones\", \"apellidos\": \"Sanchez Bahena\", \"puesto_id\": \"Director Operativo\", \"subsidiaria_id\": \"Vysisa\", \"unidad_servicio_id\": \"Aztecas\"}','2025-12-30 21:17:10','2025-12-30 21:17:10'),(276,264,1,'Creación','{\"activo\": \"1\", \"nombre\": \"Victor Alejandro\", \"area_id\": \"Operaciones\", \"apellidos\": \"Gonzalez Salas\", \"puesto_id\": \"Ayudante General\", \"subsidiaria_id\": \"Vysisa\", \"unidad_servicio_id\": \"Monterrey\"}','2025-12-30 21:17:39','2025-12-30 21:17:39'),(277,265,1,'Creación','{\"activo\": \"1\", \"nombre\": \"Victor Manuel\", \"area_id\": \"Operaciones\", \"apellidos\": \"Martinez Tellez\", \"puesto_id\": \"Vulcanizador 3\", \"subsidiaria_id\": \"Vysisa\", \"unidad_servicio_id\": \"Tepeaca\"}','2025-12-30 21:18:06','2025-12-30 21:18:06'),(278,266,1,'Creación','{\"activo\": \"1\", \"nombre\": \"Wilber Alexis\", \"area_id\": \"Operaciones\", \"apellidos\": \"Placencia Santos\", \"puesto_id\": \"Ayudante General\", \"subsidiaria_id\": \"Vysisa\", \"unidad_servicio_id\": \"Morelos\"}','2025-12-30 21:18:58','2025-12-30 21:18:58'),(279,267,1,'Creación','{\"activo\": \"1\", \"nombre\": \"Yadhira\", \"area_id\": \"Sistema de Gestión Integral\", \"apellidos\": \"Vazquez Hernandez\", \"puesto_id\": \"Asistente del Sistema de Gestión\", \"subsidiaria_id\": \"Vysisa\", \"unidad_servicio_id\": \"Cedis\"}','2025-12-30 21:19:25','2025-12-30 21:19:25'),(280,268,1,'Creación','{\"activo\": \"1\", \"nombre\": \"Yadira\", \"area_id\": \"Gestión Comercial\", \"apellidos\": \"Mendoza Morales\", \"puesto_id\": \"Auxiliar Comercial\", \"subsidiaria_id\": \"Vysisa\", \"unidad_servicio_id\": \"Morelos\"}','2025-12-30 21:19:54','2025-12-30 21:19:54'),(281,269,1,'Creación','{\"activo\": \"1\", \"nombre\": \"Yael Alain\", \"area_id\": \"Sistemas\", \"apellidos\": \"Romero Cazarez\", \"puesto_id\": \"Ingeniero de Sistemas\", \"subsidiaria_id\": \"Tip Top\", \"unidad_servicio_id\": \"Aztecas\"}','2025-12-30 21:20:10','2025-12-30 21:20:10'),(282,270,1,'Creación','{\"activo\": \"1\", \"nombre\": \"Yazmin Selene\", \"area_id\": \"Marketing\", \"apellidos\": \"Villaseñor Romero\", \"puesto_id\": \"Responsable de Marketing\", \"subsidiaria_id\": \"Tip Top\", \"unidad_servicio_id\": \"Aztecas\"}','2025-12-30 21:20:31','2025-12-30 21:20:31'),(283,271,1,'Creación','{\"activo\": \"1\", \"nombre\": \"Alicia de los Angeles\", \"area_id\": \"Seguridad y Salud\", \"apellidos\": \"Nava Rojas\", \"puesto_id\": \"Coordinador de Seguridad\", \"subsidiaria_id\": \"Vysisa\", \"unidad_servicio_id\": \"Aztecas\"}','2025-12-30 22:27:13','2025-12-30 22:27:13'),(284,272,1,'Creación','{\"activo\": \"1\", \"nombre\": \"Brando Alexis\", \"area_id\": \"Ventas\", \"apellidos\": \"Treviño Hernandez\", \"puesto_id\": \"Asesor Técnico\", \"subsidiaria_id\": \"Vysisa\", \"unidad_servicio_id\": \"Monterrey\"}','2025-12-30 22:29:51','2025-12-30 22:29:51'),(285,273,1,'Creación','{\"activo\": \"1\", \"nombre\": \"Daniel de Jesus\", \"area_id\": \"Seguridad y Salud\", \"apellidos\": \"Perez Garcia\", \"puesto_id\": \"Auxiliar de Seguridad\", \"subsidiaria_id\": \"Vysisa\", \"unidad_servicio_id\": \"Orizaba\"}','2025-12-30 22:35:28','2025-12-30 22:35:28'),(286,274,1,'Creación','{\"activo\": \"1\", \"nombre\": \"Diana Lidia\", \"area_id\": \"Capital Humano\", \"apellidos\": \"Lopez Flores\", \"puesto_id\": \"Gerente de Desarrollo Organizacional\", \"subsidiaria_id\": \"Vysisa\", \"unidad_servicio_id\": \"Aztecas\"}','2025-12-30 22:37:09','2025-12-30 22:37:09'),(287,275,1,'Creación','{\"activo\": \"1\", \"nombre\": \"Jesus Adrian\", \"area_id\": null, \"apellidos\": \"Flandez Valencia\", \"puesto_id\": null, \"subsidiaria_id\": \"Vysisa\", \"unidad_servicio_id\": \"Cedis\"}','2025-12-30 22:38:42','2025-12-30 22:38:42'),(288,208,3,'Actualización','{\"activo\": {\"a\": \"0\", \"de\": 1}}','2026-01-06 15:19:42','2026-01-06 15:19:42'),(289,208,3,'Actualización','{\"activo\": {\"a\": \"1\", \"de\": 0}}','2026-01-06 15:20:20','2026-01-06 15:20:20');
/*!40000 ALTER TABLE `colaboradores_historial` ENABLE KEYS */;
UNLOCK TABLES;

--
-- Table structure for table `devolucion_firma_links`
--

DROP TABLE IF EXISTS `devolucion_firma_links`;
/*!40101 SET @saved_cs_client     = @@character_set_client */;
/*!50503 SET character_set_client = utf8mb4 */;
CREATE TABLE `devolucion_firma_links` (
  `id` bigint unsigned NOT NULL AUTO_INCREMENT,
  `devolucion_id` bigint unsigned NOT NULL,
  `token` varchar(255) COLLATE utf8mb4_unicode_ci NOT NULL,
  `campo` varchar(255) COLLATE utf8mb4_unicode_ci NOT NULL DEFAULT 'entrego',
  `expires_at` timestamp NULL DEFAULT NULL,
  `signed_at` timestamp NULL DEFAULT NULL,
  `created_at` timestamp NULL DEFAULT NULL,
  `updated_at` timestamp NULL DEFAULT NULL,
  PRIMARY KEY (`id`),
  UNIQUE KEY `devolucion_firma_links_token_unique` (`token`),
  KEY `devolucion_firma_links_devolucion_id_foreign` (`devolucion_id`),
  CONSTRAINT `devolucion_firma_links_devolucion_id_foreign` FOREIGN KEY (`devolucion_id`) REFERENCES `devoluciones` (`id`) ON DELETE CASCADE
) ENGINE=InnoDB DEFAULT CHARSET=utf8mb4 COLLATE=utf8mb4_unicode_ci;
/*!40101 SET character_set_client = @saved_cs_client */;

--
-- Dumping data for table `devolucion_firma_links`
--

LOCK TABLES `devolucion_firma_links` WRITE;
/*!40000 ALTER TABLE `devolucion_firma_links` DISABLE KEYS */;
/*!40000 ALTER TABLE `devolucion_firma_links` ENABLE KEYS */;
UNLOCK TABLES;

--
-- Table structure for table `devolucion_producto`
--

DROP TABLE IF EXISTS `devolucion_producto`;
/*!40101 SET @saved_cs_client     = @@character_set_client */;
/*!50503 SET character_set_client = utf8mb4 */;
CREATE TABLE `devolucion_producto` (
  `id` bigint unsigned NOT NULL AUTO_INCREMENT,
  `devolucion_id` bigint unsigned NOT NULL,
  `producto_id` bigint unsigned NOT NULL,
  `producto_serie_id` bigint unsigned DEFAULT NULL,
  `created_at` timestamp NULL DEFAULT NULL,
  `updated_at` timestamp NULL DEFAULT NULL,
  PRIMARY KEY (`id`),
  KEY `devolucion_producto_devolucion_id_foreign` (`devolucion_id`),
  KEY `devolucion_producto_producto_id_foreign` (`producto_id`),
  KEY `devolucion_producto_producto_serie_id_foreign` (`producto_serie_id`),
  CONSTRAINT `devolucion_producto_devolucion_id_foreign` FOREIGN KEY (`devolucion_id`) REFERENCES `devoluciones` (`id`) ON DELETE CASCADE,
  CONSTRAINT `devolucion_producto_producto_id_foreign` FOREIGN KEY (`producto_id`) REFERENCES `productos` (`id`) ON DELETE CASCADE,
  CONSTRAINT `devolucion_producto_producto_serie_id_foreign` FOREIGN KEY (`producto_serie_id`) REFERENCES `producto_series` (`id`) ON DELETE SET NULL
) ENGINE=InnoDB DEFAULT CHARSET=utf8mb4 COLLATE=utf8mb4_unicode_ci;
/*!40101 SET character_set_client = @saved_cs_client */;

--
-- Dumping data for table `devolucion_producto`
--

LOCK TABLES `devolucion_producto` WRITE;
/*!40000 ALTER TABLE `devolucion_producto` DISABLE KEYS */;
/*!40000 ALTER TABLE `devolucion_producto` ENABLE KEYS */;
UNLOCK TABLES;

--
-- Table structure for table `devoluciones`
--

DROP TABLE IF EXISTS `devoluciones`;
/*!40101 SET @saved_cs_client     = @@character_set_client */;
/*!50503 SET character_set_client = utf8mb4 */;
CREATE TABLE `devoluciones` (
  `id` bigint unsigned NOT NULL AUTO_INCREMENT,
  `empresa_tenant_id` bigint unsigned NOT NULL,
  `folio` varchar(20) COLLATE utf8mb4_unicode_ci NOT NULL,
  `responsiva_id` bigint unsigned NOT NULL,
  `fecha_devolucion` date NOT NULL,
  `motivo` enum('baja_colaborador','renovacion') COLLATE utf8mb4_unicode_ci NOT NULL,
  `recibi_id` bigint unsigned DEFAULT NULL,
  `entrego_colaborador_id` bigint unsigned DEFAULT NULL,
  `firma_entrego_path` varchar(255) COLLATE utf8mb4_unicode_ci DEFAULT NULL,
  `psitio_colaborador_id` bigint unsigned DEFAULT NULL,
  `firma_psitio_path` varchar(255) COLLATE utf8mb4_unicode_ci DEFAULT NULL,
  `created_at` timestamp NULL DEFAULT NULL,
  `updated_at` timestamp NULL DEFAULT NULL,
  PRIMARY KEY (`id`),
  UNIQUE KEY `devoluciones_empresa_folio_unique` (`empresa_tenant_id`,`folio`),
  KEY `devoluciones_responsiva_id_foreign` (`responsiva_id`),
  KEY `devoluciones_recibi_id_foreign` (`recibi_id`),
  KEY `devoluciones_entrego_colaborador_id_foreign` (`entrego_colaborador_id`),
  KEY `devoluciones_psitio_colaborador_id_foreign` (`psitio_colaborador_id`),
  KEY `devoluciones_empresa_tenant_id_index` (`empresa_tenant_id`),
  CONSTRAINT `devoluciones_entrego_colaborador_id_foreign` FOREIGN KEY (`entrego_colaborador_id`) REFERENCES `colaboradores` (`id`) ON DELETE SET NULL,
  CONSTRAINT `devoluciones_psitio_colaborador_id_foreign` FOREIGN KEY (`psitio_colaborador_id`) REFERENCES `colaboradores` (`id`) ON DELETE SET NULL,
  CONSTRAINT `devoluciones_recibi_id_foreign` FOREIGN KEY (`recibi_id`) REFERENCES `users` (`id`) ON DELETE SET NULL,
  CONSTRAINT `devoluciones_responsiva_id_foreign` FOREIGN KEY (`responsiva_id`) REFERENCES `responsivas` (`id`) ON DELETE CASCADE
) ENGINE=InnoDB DEFAULT CHARSET=utf8mb4 COLLATE=utf8mb4_unicode_ci;
/*!40101 SET character_set_client = @saved_cs_client */;

--
-- Dumping data for table `devoluciones`
--

LOCK TABLES `devoluciones` WRITE;
/*!40000 ALTER TABLE `devoluciones` DISABLE KEYS */;
/*!40000 ALTER TABLE `devoluciones` ENABLE KEYS */;
UNLOCK TABLES;

--
-- Table structure for table `empresas`
--

DROP TABLE IF EXISTS `empresas`;
/*!40101 SET @saved_cs_client     = @@character_set_client */;
/*!50503 SET character_set_client = utf8mb4 */;
CREATE TABLE `empresas` (
  `id` bigint unsigned NOT NULL AUTO_INCREMENT,
  `nombre` varchar(255) COLLATE utf8mb4_unicode_ci NOT NULL,
  `created_at` timestamp NULL DEFAULT NULL,
  `updated_at` timestamp NULL DEFAULT NULL,
  PRIMARY KEY (`id`)
) ENGINE=InnoDB AUTO_INCREMENT=3 DEFAULT CHARSET=utf8mb4 COLLATE=utf8mb4_unicode_ci;
/*!40101 SET character_set_client = @saved_cs_client */;

--
-- Dumping data for table `empresas`
--

LOCK TABLES `empresas` WRITE;
/*!40000 ALTER TABLE `empresas` DISABLE KEYS */;
INSERT INTO `empresas` VALUES (1,'Vysisa','2025-12-11 23:51:35','2025-12-11 23:51:35'),(2,'Reprosisa','2025-12-11 23:51:41','2025-12-11 23:51:41');
/*!40000 ALTER TABLE `empresas` ENABLE KEYS */;
UNLOCK TABLES;

--
-- Table structure for table `failed_jobs`
--

DROP TABLE IF EXISTS `failed_jobs`;
/*!40101 SET @saved_cs_client     = @@character_set_client */;
/*!50503 SET character_set_client = utf8mb4 */;
CREATE TABLE `failed_jobs` (
  `id` bigint unsigned NOT NULL AUTO_INCREMENT,
  `uuid` varchar(255) COLLATE utf8mb4_unicode_ci NOT NULL,
  `connection` text COLLATE utf8mb4_unicode_ci NOT NULL,
  `queue` text COLLATE utf8mb4_unicode_ci NOT NULL,
  `payload` longtext COLLATE utf8mb4_unicode_ci NOT NULL,
  `exception` longtext COLLATE utf8mb4_unicode_ci NOT NULL,
  `failed_at` timestamp NOT NULL DEFAULT CURRENT_TIMESTAMP,
  PRIMARY KEY (`id`),
  UNIQUE KEY `failed_jobs_uuid_unique` (`uuid`)
) ENGINE=InnoDB DEFAULT CHARSET=utf8mb4 COLLATE=utf8mb4_unicode_ci;
/*!40101 SET character_set_client = @saved_cs_client */;

--
-- Dumping data for table `failed_jobs`
--

LOCK TABLES `failed_jobs` WRITE;
/*!40000 ALTER TABLE `failed_jobs` DISABLE KEYS */;
/*!40000 ALTER TABLE `failed_jobs` ENABLE KEYS */;
UNLOCK TABLES;

--
-- Table structure for table `job_batches`
--

DROP TABLE IF EXISTS `job_batches`;
/*!40101 SET @saved_cs_client     = @@character_set_client */;
/*!50503 SET character_set_client = utf8mb4 */;
CREATE TABLE `job_batches` (
  `id` varchar(255) COLLATE utf8mb4_unicode_ci NOT NULL,
  `name` varchar(255) COLLATE utf8mb4_unicode_ci NOT NULL,
  `total_jobs` int NOT NULL,
  `pending_jobs` int NOT NULL,
  `failed_jobs` int NOT NULL,
  `failed_job_ids` longtext COLLATE utf8mb4_unicode_ci NOT NULL,
  `options` mediumtext COLLATE utf8mb4_unicode_ci,
  `cancelled_at` int DEFAULT NULL,
  `created_at` int NOT NULL,
  `finished_at` int DEFAULT NULL,
  PRIMARY KEY (`id`)
) ENGINE=InnoDB DEFAULT CHARSET=utf8mb4 COLLATE=utf8mb4_unicode_ci;
/*!40101 SET character_set_client = @saved_cs_client */;

--
-- Dumping data for table `job_batches`
--

LOCK TABLES `job_batches` WRITE;
/*!40000 ALTER TABLE `job_batches` DISABLE KEYS */;
/*!40000 ALTER TABLE `job_batches` ENABLE KEYS */;
UNLOCK TABLES;

--
-- Table structure for table `jobs`
--

DROP TABLE IF EXISTS `jobs`;
/*!40101 SET @saved_cs_client     = @@character_set_client */;
/*!50503 SET character_set_client = utf8mb4 */;
CREATE TABLE `jobs` (
  `id` bigint unsigned NOT NULL AUTO_INCREMENT,
  `queue` varchar(255) COLLATE utf8mb4_unicode_ci NOT NULL,
  `payload` longtext COLLATE utf8mb4_unicode_ci NOT NULL,
  `attempts` tinyint unsigned NOT NULL,
  `reserved_at` int unsigned DEFAULT NULL,
  `available_at` int unsigned NOT NULL,
  `created_at` int unsigned NOT NULL,
  PRIMARY KEY (`id`),
  KEY `jobs_queue_index` (`queue`)
) ENGINE=InnoDB DEFAULT CHARSET=utf8mb4 COLLATE=utf8mb4_unicode_ci;
/*!40101 SET character_set_client = @saved_cs_client */;

--
-- Dumping data for table `jobs`
--

LOCK TABLES `jobs` WRITE;
/*!40000 ALTER TABLE `jobs` DISABLE KEYS */;
/*!40000 ALTER TABLE `jobs` ENABLE KEYS */;
UNLOCK TABLES;

--
-- Table structure for table `migrations`
--

DROP TABLE IF EXISTS `migrations`;
/*!40101 SET @saved_cs_client     = @@character_set_client */;
/*!50503 SET character_set_client = utf8mb4 */;
CREATE TABLE `migrations` (
  `id` int unsigned NOT NULL AUTO_INCREMENT,
  `migration` varchar(255) COLLATE utf8mb4_unicode_ci NOT NULL,
  `batch` int NOT NULL,
  PRIMARY KEY (`id`)
) ENGINE=InnoDB AUTO_INCREMENT=73 DEFAULT CHARSET=utf8mb4 COLLATE=utf8mb4_unicode_ci;
/*!40101 SET character_set_client = @saved_cs_client */;

--
-- Dumping data for table `migrations`
--

LOCK TABLES `migrations` WRITE;
/*!40000 ALTER TABLE `migrations` DISABLE KEYS */;
INSERT INTO `migrations` VALUES (1,'0001_01_01_000000_create_empresas_table',1),(2,'0001_01_01_000000_create_users_table',1),(3,'0001_01_01_000001_create_cache_table',1),(4,'0001_01_01_000002_create_jobs_table',1),(5,'2025_08_08_205736_create_permission_tables',1),(6,'2025_08_08_231704_remove_rol_from_users_table',1),(7,'2025_08_12_000001_create_unidades_servicio_table',1),(8,'2025_08_12_000002_create_areas_table',1),(9,'2025_08_12_000003_create_puestos_table',1),(10,'2025_08_12_000004_create_subsidiarias_table',1),(11,'2025_08_12_000010_create_colaboradores_table',1),(12,'2025_08_12_000011_add_responsable_unidades_table',1),(13,'2025_08_12_161848_add_display_name_and_description_to_roles_table',1),(14,'2025_08_22_000000_create_productos_table',1),(15,'2025_08_22_000001_create_producto_series_table',1),(16,'2025_08_22_000002_create_producto_existencias_table',1),(17,'2025_08_22_000003_create_producto_movimientos_table',1),(18,'2025_08_27_000001_create_responsivas_table',1),(19,'2025_08_27_000002_create_responsiva_detalles_table',1),(20,'2025_08_27_000003_add_asignado_en_responsiva_id_to_producto_series',1),(21,'2025_08_27_000004_add_specs_json_to_producto_series',1),(22,'2025_08_27_000005_add_descripcion_to_productos_table',1),(23,'2025_08_28_000001_add_extra_fields_to_responsivas_table',1),(24,'2025_08_28_000002_add_extra_fechasol_to_responsiva_table',1),(25,'2025_09_02_000001_add_empresa_id_to_responsivas_table',1),(26,'2025_09_02_000002_add_empresa_tenant_id_and_folio_index_to_responsivas',1),(27,'2025_09_04_000001_create_producto_serie_fotos',1),(28,'2025_09_05_000001_change_tipo_to_varchar_in_productos',1),(29,'2025_09_05_000002_alter_responsivas_unique_folio_per_tenant',1),(30,'2025_09_17_000001_add_sign_fields_to_responsivas',1),(31,'2025_10_01_000001_create_ordenes_compra_table',1),(32,'2025_10_02_000001_create_proveedores_table',1),(33,'2025_10_02_000002_add_proveedor_id_to_orden_compras',1),(34,'2025_10_02_000003_add_rfc_to_proveedores_table',1),(35,'2025_10_02_000004_drop_text_proveedor_from_ordenes_compra',1),(36,'2025_10_02_000005_add_fk_proveedor_to_ordenes_compra',1),(37,'2025_10_03_000001_create_orden_compra_detalles_table',1),(38,'2025_10_14_000001_create_oc_counters_table',1),(39,'2025_10_14_000002_add_seq_to_ordenes_compra_table',1),(40,'2025_10_14_000003_add_unique_index_seq_on_ocs',1),(41,'2025_10_15_000001_add_created_updated_by_to_ordenes_compra',1),(42,'2025_10_15_000002_add_notas_to_ordenes_compra',1),(43,'2025_10_16_000001_add_estado_to_ordenes_compra_table',1),(44,'2025_10_16_000002_create_oc_adjuntos_table',1),(45,'2025_10_16_000003_create_oc_logs_table',1),(46,'2025_10_28_000001_create_devoluciones_table',1),(47,'2025_10_29_000001_create_devolucion_producto_table',1),(48,'2025_10_29_000002_update_devolucion_producto_table',1),(49,'2025_10_29_000003_update_estado_enum_in_producto_series_table',1),(50,'2025_10_29_000004_fix_enum_estado_in_producto_series',1),(51,'2025_10_29_000005_add_activo_to_colaboradores_table',1),(52,'2025_10_29_000006_add_recepcion_to_ordenes_compra_table',1),(53,'2025_11_05_000001_create_colaboradores_historial_table',1),(54,'2025_11_05_000002_create_unidades_servicio_historial_table',1),(55,'2025_11_05_000003_create_area_historials_table',1),(56,'2025_11_05_000004_create_puestos_historial_table',1),(57,'2025_11_05_000005_create_subsidiarias_historial_table',1),(58,'2025_11_05_000006_create_productos_historial_table',1),(59,'2025_11_05_000007_create_producto_series_historial_table',1),(60,'2025_11_05_000008_create_responsivas_historial_table',1),(61,'2025_11_18_000001_update_unique_folio_devoluciones',1),(62,'2025_12_11_000000_add_firmas_to_devoluciones_table',1),(63,'2025_12_11_000001_create_devolucion_firma_links_table',1),(64,'2025_12_11_000002_add_campo_to_devolucion_firma_links_table',1),(65,'2025_12_12_000001_add_activo_to_proveedores_table',2),(66,'2026_01_06_000001_add_subsidiaria_id_to_producto_series_table',3),(67,'2026_01_06_000002_add_unidad_servicio_id_to_producto_series_table',4),(68,'2026_01_07_000001_create_cartuchos_table',5),(69,'2026_01_07_000002_create_cartucho_detalles_table',5),(70,'2026_01_07_000003_add_firma_colaborador_to_cartuchos_table',5),(71,'2026_01_08_000001_add_isr_to_orden_compra_detalles_table',6),(72,'2026_01_20_000001_add_ret_iva_to_orden_compra_detalles_table',7);
/*!40000 ALTER TABLE `migrations` ENABLE KEYS */;
UNLOCK TABLES;

--
-- Table structure for table `model_has_permissions`
--

DROP TABLE IF EXISTS `model_has_permissions`;
/*!40101 SET @saved_cs_client     = @@character_set_client */;
/*!50503 SET character_set_client = utf8mb4 */;
CREATE TABLE `model_has_permissions` (
  `permission_id` bigint unsigned NOT NULL,
  `model_type` varchar(255) COLLATE utf8mb4_unicode_ci NOT NULL,
  `model_id` bigint unsigned NOT NULL,
  PRIMARY KEY (`permission_id`,`model_id`,`model_type`),
  KEY `model_has_permissions_model_id_model_type_index` (`model_id`,`model_type`),
  CONSTRAINT `model_has_permissions_permission_id_foreign` FOREIGN KEY (`permission_id`) REFERENCES `permissions` (`id`) ON DELETE CASCADE
) ENGINE=InnoDB DEFAULT CHARSET=utf8mb4 COLLATE=utf8mb4_unicode_ci;
/*!40101 SET character_set_client = @saved_cs_client */;

--
-- Dumping data for table `model_has_permissions`
--

LOCK TABLES `model_has_permissions` WRITE;
/*!40000 ALTER TABLE `model_has_permissions` DISABLE KEYS */;
/*!40000 ALTER TABLE `model_has_permissions` ENABLE KEYS */;
UNLOCK TABLES;

--
-- Table structure for table `model_has_roles`
--

DROP TABLE IF EXISTS `model_has_roles`;
/*!40101 SET @saved_cs_client     = @@character_set_client */;
/*!50503 SET character_set_client = utf8mb4 */;
CREATE TABLE `model_has_roles` (
  `role_id` bigint unsigned NOT NULL,
  `model_type` varchar(255) COLLATE utf8mb4_unicode_ci NOT NULL,
  `model_id` bigint unsigned NOT NULL,
  PRIMARY KEY (`role_id`,`model_id`,`model_type`),
  KEY `model_has_roles_model_id_model_type_index` (`model_id`,`model_type`),
  CONSTRAINT `model_has_roles_role_id_foreign` FOREIGN KEY (`role_id`) REFERENCES `roles` (`id`) ON DELETE CASCADE
) ENGINE=InnoDB DEFAULT CHARSET=utf8mb4 COLLATE=utf8mb4_unicode_ci;
/*!40101 SET character_set_client = @saved_cs_client */;

--
-- Dumping data for table `model_has_roles`
--

LOCK TABLES `model_has_roles` WRITE;
/*!40000 ALTER TABLE `model_has_roles` DISABLE KEYS */;
INSERT INTO `model_has_roles` VALUES (1,'App\\Models\\User',1),(1,'App\\Models\\User',2),(1,'App\\Models\\User',3),(1,'App\\Models\\User',4),(1,'App\\Models\\User',5),(4,'App\\Models\\User',6),(4,'App\\Models\\User',7),(4,'App\\Models\\User',8),(4,'App\\Models\\User',9),(4,'App\\Models\\User',10),(4,'App\\Models\\User',11),(4,'App\\Models\\User',12),(4,'App\\Models\\User',13),(4,'App\\Models\\User',14),(4,'App\\Models\\User',15),(4,'App\\Models\\User',17);
/*!40000 ALTER TABLE `model_has_roles` ENABLE KEYS */;
UNLOCK TABLES;

--
-- Table structure for table `oc_adjuntos`
--

DROP TABLE IF EXISTS `oc_adjuntos`;
/*!40101 SET @saved_cs_client     = @@character_set_client */;
/*!50503 SET character_set_client = utf8mb4 */;
CREATE TABLE `oc_adjuntos` (
  `id` bigint unsigned NOT NULL AUTO_INCREMENT,
  `orden_compra_id` bigint unsigned NOT NULL,
  `disk` varchar(50) COLLATE utf8mb4_unicode_ci NOT NULL DEFAULT 'public',
  `path` varchar(255) COLLATE utf8mb4_unicode_ci NOT NULL,
  `original_name` varchar(255) COLLATE utf8mb4_unicode_ci NOT NULL,
  `mime` varchar(100) COLLATE utf8mb4_unicode_ci DEFAULT NULL,
  `size` bigint unsigned NOT NULL DEFAULT '0',
  `nota` varchar(255) COLLATE utf8mb4_unicode_ci DEFAULT NULL,
  `created_by` bigint unsigned DEFAULT NULL,
  `created_at` timestamp NULL DEFAULT NULL,
  `updated_at` timestamp NULL DEFAULT NULL,
  PRIMARY KEY (`id`),
  KEY `oc_adjuntos_orden_compra_id_foreign` (`orden_compra_id`),
  KEY `oc_adjuntos_created_by_foreign` (`created_by`),
  CONSTRAINT `oc_adjuntos_created_by_foreign` FOREIGN KEY (`created_by`) REFERENCES `users` (`id`) ON DELETE SET NULL,
  CONSTRAINT `oc_adjuntos_orden_compra_id_foreign` FOREIGN KEY (`orden_compra_id`) REFERENCES `ordenes_compra` (`id`) ON DELETE CASCADE
) ENGINE=InnoDB AUTO_INCREMENT=38 DEFAULT CHARSET=utf8mb4 COLLATE=utf8mb4_unicode_ci;
/*!40101 SET character_set_client = @saved_cs_client */;

--
-- Dumping data for table `oc_adjuntos`
--

LOCK TABLES `oc_adjuntos` WRITE;
/*!40000 ALTER TABLE `oc_adjuntos` DISABLE KEYS */;
INSERT INTO `oc_adjuntos` VALUES (5,4,'public','oc/4/kUcRcf8J4Pq8XHDOHtlPdy1hHNLMDPZffuh5PgSK.pdf','F1E85583.pdf','application/pdf',252485,NULL,9,'2025-12-31 00:52:24','2025-12-31 00:52:24'),(6,5,'public','oc/5/x7Aa2Nxk8b384clUIAvuBgGagxPBtm6MWGf4tORw.pdf','F0000015893 (002).pdf','application/pdf',470793,NULL,12,'2026-01-05 22:31:36','2026-01-05 22:31:36'),(7,2,'public','oc/2/pN8XYW05b0QHlC4mco0l9kFA1Rj0FNf7QgDM96RO.pdf','fcn101215a72-a264333.pdf','application/pdf',97625,NULL,6,'2026-01-06 00:58:09','2026-01-06 00:58:09'),(8,11,'public','oc/11/onSUStFITAq3QFLLWkstRYpjVykpgQKfs4rqsQbI.pdf','FPE92916.pdf','application/pdf',73098,NULL,6,'2026-01-06 18:09:54','2026-01-06 18:09:54'),(9,17,'public','oc/17/H2REAddni1fgQwWD9bg3SxTwh62nGdxOcj2gJeq4.pdf','PDF253.pdf','application/pdf',27514,NULL,6,'2026-01-08 23:07:45','2026-01-08 23:07:45'),(10,24,'public','oc/24/IUTsBPiOtXS4U39T5BFLnd3ny3c6GnTTIDfzEGvy.pdf','CMY431220M62-OA-229040.pdf','application/pdf',95661,NULL,9,'2026-01-12 15:16:28','2026-01-12 15:16:28'),(11,25,'public','oc/25/sbekyP6TOQM0lFYG9XzcInNkXWYjOdVuMByh7DtM.pdf','CMY431220M62-OA-229039.pdf','application/pdf',95856,NULL,9,'2026-01-12 15:17:40','2026-01-12 15:17:40'),(12,22,'public','oc/22/pwDS8oZjY2i2UTJ5xxRonokpBxef6EeVeijaDiVh.pdf','F1E85717.pdf','application/pdf',252639,NULL,9,'2026-01-12 23:08:32','2026-01-12 23:08:32'),(13,23,'public','oc/23/DKBZ7e1xYDAlKfWVqKlvqWnFkyJfIeNcUjKBRkMU.pdf','F1E85720.pdf','application/pdf',252827,NULL,9,'2026-01-12 23:09:58','2026-01-12 23:09:58'),(14,21,'public','oc/21/Jqs7r7Fp1sO4oXQ7hqVHrvRAVnMFrOtYDVPzgXwy.pdf','COMERCIALIZADORA.SANITARIA.OC.EE-6735.26.pdf','application/pdf',142715,NULL,10,'2026-01-12 23:44:29','2026-01-12 23:44:29'),(15,16,'public','oc/16/6t3I9ceTokYadA81UjNgBnj4wLxfgvxAN9FLIlZY.pdf','BDH BATERIAS FAC 21266.2026 OC.6730.pdf','application/pdf',1168720,NULL,10,'2026-01-12 23:46:20','2026-01-12 23:46:20'),(16,20,'public','oc/20/4Vi9l1WZCrKikrSNmMoxWOtbPvRXY8CUPREl3T08.pdf','TONRILLOS Y MANGUERAS.O.C.6334.26.pdf','application/pdf',149934,NULL,10,'2026-01-12 23:47:11','2026-01-12 23:47:11'),(17,8,'public','oc/8/5mBHeP50K66iRwGV0fTUckq66Encw5MagEPfcIkv.pdf','GONZALES R AUTO OC..EE-6722.26.pdf','application/pdf',185153,NULL,10,'2026-01-12 23:48:20','2026-01-12 23:48:20'),(18,27,'public','oc/27/HCOToUkZ2j10JQ2xDFBo3WZIPQeo6N1TrhpjS6xx.pdf','2866.pdf','application/pdf',51885,NULL,6,'2026-01-13 16:50:04','2026-01-13 16:50:04'),(19,33,'public','oc/33/T7WJeYOxqNyTs4UV6I7MZWGzMaiJsHtdvFvXuGCC.pdf','JOSELINE NIDO GARCIA O.C EE-6747.26.pdf','application/pdf',528281,NULL,10,'2026-01-14 16:19:23','2026-01-14 16:19:23'),(20,36,'public','oc/36/COYBejIaSqUGQ9P0UMcEGFWouvaFzuxeH5xjVJ0x.pdf','F1E85766.pdf','application/pdf',253412,NULL,9,'2026-01-14 22:04:37','2026-01-14 22:04:37'),(21,34,'public','oc/34/l7BVXWISbV32UbIbvvpybxo4SHdWHRVPhTGGH2BX.pdf','JORGE ALFONSO GAMEZ F O.C.EE-6748.pdf','application/pdf',45705,NULL,10,'2026-01-15 15:55:25','2026-01-15 15:55:25'),(22,13,'public','oc/13/6g4kywK1HfIJL68ZmsGh1ly3g1crREW1qBm2n2gk.pdf','FPA920817376_Factura_VMS1621_20260107 (002).pdf','application/pdf',31376,NULL,12,'2026-01-15 16:29:20','2026-01-15 16:29:20'),(23,14,'public','oc/14/HWl3aPIJoGujgGLcb2w2nyKBjBE6jALueTHI2ulX.pdf','FCG074901.pdf','application/pdf',109372,NULL,12,'2026-01-15 16:31:33','2026-01-15 16:31:33'),(24,6,'public','oc/6/khaP84VuIuPT1pJeHDPRAejnyEUvRrfYv4fdy4rU.pdf','7e8115f2-fd94-461c-bff9-aa3b7b524fe8.pdf','application/pdf',45931,NULL,12,'2026-01-15 18:39:11','2026-01-15 18:39:11'),(25,47,'public','oc/47/mkktQxVpPDLEDk0rMgtw0nd035EbsIZCehx1aNRx.pdf','FCG077047.pdf','application/pdf',113760,NULL,12,'2026-01-16 19:45:40','2026-01-16 19:45:40'),(26,54,'public','oc/54/oijadnIAF2bu966mqm66vCPLFLFFznl5uxUFcclb.pdf','ROBERTO GARCIA 166.pdf','application/pdf',70079,NULL,6,'2026-01-19 18:15:47','2026-01-19 18:15:47'),(27,54,'public','oc/54/fpUsYaMYj14XXrcQZdAttdSqZhlygbEfJSnyMUOd.pdf','ROBERTO GARCIA 167.pdf','application/pdf',70070,NULL,6,'2026-01-19 18:15:55','2026-01-19 18:15:55'),(28,39,'public','oc/39/cipQrDCId6aHk5ftpxMQf27o2ILSzjIXQcwQ04He.pdf','SERVI EQUIPO 85764.pdf','application/pdf',252826,NULL,6,'2026-01-19 18:20:49','2026-01-19 18:20:49'),(29,41,'public','oc/41/NaVXJMS1J1ry8o09WYxM3SUsm2QtsGrgpr1rQKPN.pdf','XINOVA 9846.pdf','application/pdf',468861,NULL,6,'2026-01-19 18:21:12','2026-01-19 18:21:12'),(30,56,'public','oc/56/qgm6oSZNzA612QjvUjo1oliE2cGBcK6hxwwdk4Fg.pdf','OC-6770.pdf','application/pdf',173212,NULL,8,'2026-01-20 16:15:41','2026-01-20 16:15:41'),(31,59,'public','oc/59/3q8wrCrwoWEtUWHDaSKBTgCYWtDoG8sX1OIiRQTh.pdf','BNO211013D80FHMO13835.pdf','application/pdf',53393,NULL,12,'2026-01-20 19:18:58','2026-01-20 19:18:58'),(32,48,'public','oc/48/ZBgwSR8aImW6YteA3r7cUPM6aVF7kSofRP2BiDbG.pdf','F1E85930.pdf','application/pdf',253094,NULL,9,'2026-01-22 23:10:00','2026-01-22 23:10:00'),(33,10,'public','oc/10/2QPpefidw8IbHlSc59V8StXpI2nua0BOYRh00Tre.pdf','fcn101215a72-a264783.pdf','application/pdf',97219,NULL,9,'2026-01-22 23:12:43','2026-01-22 23:12:43'),(34,9,'public','oc/9/rqVqT06ohNI8ZV26N1LKtPuiBt7ngLYyjrKslaY7.pdf','F1E85641.pdf','application/pdf',253035,NULL,9,'2026-01-22 23:14:52','2026-01-22 23:14:52'),(36,60,'public','oc/60/pTUSxZtm8baft3PxKyo5pnc9qlxfG8cB2G0I8Ocj.pdf','SPN1705306J7_Factura_20260121_S10801.PDF','application/pdf',33994,NULL,8,'2026-01-23 15:42:49','2026-01-23 15:42:49'),(37,53,'public','oc/53/IeqHSNzAtJAl8AjONpYIsaxrgqtiROzhHBlpgTcl.pdf','SPN1705306J7_Factura_20260120_S10798.PDF','application/pdf',33905,NULL,8,'2026-01-23 15:43:39','2026-01-23 15:43:39');
/*!40000 ALTER TABLE `oc_adjuntos` ENABLE KEYS */;
UNLOCK TABLES;

--
-- Table structure for table `oc_counters`
--

DROP TABLE IF EXISTS `oc_counters`;
/*!40101 SET @saved_cs_client     = @@character_set_client */;
/*!50503 SET character_set_client = utf8mb4 */;
CREATE TABLE `oc_counters` (
  `id` bigint unsigned NOT NULL AUTO_INCREMENT,
  `tenant_id` bigint unsigned NOT NULL,
  `last_seq` bigint unsigned NOT NULL DEFAULT '0',
  `created_at` timestamp NULL DEFAULT NULL,
  `updated_at` timestamp NULL DEFAULT NULL,
  PRIMARY KEY (`id`),
  UNIQUE KEY `oc_counters_tenant_id_unique` (`tenant_id`),
  KEY `oc_counters_tenant_id_index` (`tenant_id`)
) ENGINE=InnoDB AUTO_INCREMENT=2 DEFAULT CHARSET=utf8mb4 COLLATE=utf8mb4_unicode_ci;
/*!40101 SET character_set_client = @saved_cs_client */;

--
-- Dumping data for table `oc_counters`
--

LOCK TABLES `oc_counters` WRITE;
/*!40000 ALTER TABLE `oc_counters` DISABLE KEYS */;
INSERT INTO `oc_counters` VALUES (1,2,6785,'2025-12-29 19:16:20','2026-01-23 16:32:48');
/*!40000 ALTER TABLE `oc_counters` ENABLE KEYS */;
UNLOCK TABLES;

--
-- Table structure for table `oc_logs`
--

DROP TABLE IF EXISTS `oc_logs`;
/*!40101 SET @saved_cs_client     = @@character_set_client */;
/*!50503 SET character_set_client = utf8mb4 */;
CREATE TABLE `oc_logs` (
  `id` bigint unsigned NOT NULL AUTO_INCREMENT,
  `orden_compra_id` bigint unsigned NOT NULL,
  `user_id` bigint unsigned DEFAULT NULL,
  `type` varchar(40) COLLATE utf8mb4_unicode_ci NOT NULL,
  `data` json DEFAULT NULL,
  `created_at` timestamp NULL DEFAULT NULL,
  `updated_at` timestamp NULL DEFAULT NULL,
  PRIMARY KEY (`id`),
  KEY `oc_logs_user_id_foreign` (`user_id`),
  KEY `oc_logs_orden_compra_id_created_at_index` (`orden_compra_id`,`created_at`),
  KEY `oc_logs_type_index` (`type`),
  CONSTRAINT `oc_logs_orden_compra_id_foreign` FOREIGN KEY (`orden_compra_id`) REFERENCES `ordenes_compra` (`id`) ON DELETE CASCADE,
  CONSTRAINT `oc_logs_user_id_foreign` FOREIGN KEY (`user_id`) REFERENCES `users` (`id`) ON DELETE SET NULL
) ENGINE=InnoDB AUTO_INCREMENT=191 DEFAULT CHARSET=utf8mb4 COLLATE=utf8mb4_unicode_ci;
/*!40101 SET character_set_client = @saved_cs_client */;

--
-- Dumping data for table `oc_logs`
--

LOCK TABLES `oc_logs` WRITE;
/*!40000 ALTER TABLE `oc_logs` DISABLE KEYS */;
INSERT INTO `oc_logs` VALUES (2,2,9,'created','{\"iva\": 299.416, \"fecha\": \"2025-12-29\", \"items\": [{\"id\": 2, \"um\": \"PZ\", \"nota\": null, \"moneda\": \"MXN\", \"precio\": \"125.3500\", \"importe\": \"626.7500\", \"cantidad\": \"5.000\", \"concepto\": \"BSU30 BROCHA LA SUPER BYP 3\\\"\"}, {\"id\": 3, \"um\": \"PZ\", \"nota\": null, \"moneda\": \"MXN\", \"precio\": \"248.9200\", \"importe\": \"1244.6000\", \"cantidad\": \"5.000\", \"concepto\": \"BSU30 BROCHA LA SUPER BYP 3\\\"\"}], \"notas\": \"FAVOR DE AGREGAR # DE ORDEN DE COMPRA A LA FACTURA Y ENVIAR LA FACTURA A jose.uriel@reprosisa.com.mx Y almacen@reprosisa.com.mx\", \"total\": \"2170.77\", \"estado\": \"abierta\", \"subtotal\": 1871.35, \"proveedor\": \"Firma Comercializadora del Norte FCN\", \"descripcion\": \"Trapos y emplaye para uso de taller\", \"solicitante\": \"Luz Haydee Valenzuela Encinas\", \"numero_orden\": \"UF-6716\", \"iva_porcentaje\": 16}','2025-12-29 19:44:41','2025-12-29 19:44:41'),(5,3,15,'created','{\"iva\": 1024, \"fecha\": \"2025-12-29\", \"items\": [{\"id\": 4, \"um\": \"PZA\", \"nota\": null, \"moneda\": \"MXN\", \"precio\": \"1460.0000\", \"importe\": \"4380.0000\", \"cantidad\": \"3.000\", \"concepto\": \"TONER NEGRO 17A HP\"}, {\"id\": 5, \"um\": \"PZA\", \"nota\": null, \"moneda\": \"MXN\", \"precio\": \"505.0000\", \"importe\": \"2020.0000\", \"cantidad\": \"4.000\", \"concepto\": \"CARTUCHO 662XL NEGRO HP\"}], \"notas\": null, \"total\": \"7424.00\", \"estado\": \"abierta\", \"subtotal\": 6400, \"proveedor\": \"Conrado Antonio Molina Durazo\", \"descripcion\": \"Cartucho para impresoras oficina operaciones (isidro) y U.S. Chihuahua (Juan Carlos Montaño)\", \"solicitante\": \"Juan Francisco Flores Maytorena\", \"numero_orden\": \"JF-6717\", \"iva_porcentaje\": 16}','2025-12-29 22:15:06','2025-12-29 22:15:06'),(6,2,2,'item_updated','{\"id\": 2, \"changes\": {\"total\": {\"to\": 727.03, \"from\": \"727.0300\"}, \"precio\": {\"to\": 125.35, \"from\": \"125.3500\"}, \"importe\": {\"to\": 626.75, \"from\": \"626.7500\"}, \"iva_pct\": {\"to\": 16, \"from\": \"16.00\"}, \"cantidad\": {\"to\": 5, \"from\": \"5.000\"}, \"concepto\": {\"to\": \"trapo industrial limpio color 10 kg\", \"from\": \"BSU30 BROCHA LA SUPER BYP 3\\\"\"}, \"subtotal\": {\"to\": 626.75, \"from\": \"626.7500\"}, \"iva_monto\": {\"to\": 100.28, \"from\": \"100.2800\"}}, \"concepto\": \"trapo industrial limpio color 10 kg\"}','2025-12-29 22:29:56','2025-12-29 22:29:56'),(7,2,2,'item_updated','{\"id\": 3, \"changes\": {\"total\": {\"to\": 1443.736, \"from\": \"1443.7360\"}, \"precio\": {\"to\": 248.92, \"from\": \"248.9200\"}, \"importe\": {\"to\": 1244.6, \"from\": \"1244.6000\"}, \"iva_pct\": {\"to\": 16, \"from\": \"16.00\"}, \"cantidad\": {\"to\": 5, \"from\": \"5.000\"}, \"concepto\": {\"to\": \"pelicula plastica 18\\\" x 1000 FT calibre 50\", \"from\": \"BSU30 BROCHA LA SUPER BYP 3\\\"\"}, \"subtotal\": {\"to\": 1244.6, \"from\": \"1244.6000\"}, \"iva_monto\": {\"to\": 199.136, \"from\": \"199.1360\"}}, \"concepto\": \"pelicula plastica 18\\\" x 1000 FT calibre 50\"}','2025-12-29 22:29:56','2025-12-29 22:29:56'),(8,2,2,'item_updated','{\"id\": 2, \"changes\": {\"total\": {\"to\": 727.03, \"from\": \"727.0300\"}, \"precio\": {\"to\": 125.35, \"from\": \"125.3500\"}, \"importe\": {\"to\": 626.75, \"from\": \"626.7500\"}, \"iva_pct\": {\"to\": 16, \"from\": \"16.00\"}, \"cantidad\": {\"to\": 5, \"from\": \"5.000\"}, \"concepto\": {\"to\": \"pelicula plastica 18\\\" x 1000 FT calibre 50\", \"from\": \"trapo industrial limpio color 10 kg\"}, \"subtotal\": {\"to\": 626.75, \"from\": \"626.7500\"}, \"iva_monto\": {\"to\": 100.28, \"from\": \"100.2800\"}}, \"concepto\": \"pelicula plastica 18\\\" x 1000 FT calibre 50\"}','2025-12-29 22:31:21','2025-12-29 22:31:21'),(9,2,2,'item_updated','{\"id\": 3, \"changes\": {\"total\": {\"to\": 1443.736, \"from\": \"1443.7360\"}, \"precio\": {\"to\": 248.92, \"from\": \"248.9200\"}, \"importe\": {\"to\": 1244.6, \"from\": \"1244.6000\"}, \"iva_pct\": {\"to\": 16, \"from\": \"16.00\"}, \"cantidad\": {\"to\": 5, \"from\": \"5.000\"}, \"concepto\": {\"to\": \"\\\"trapo industrial limpio color 10 kg\", \"from\": \"pelicula plastica 18\\\" x 1000 FT calibre 50\"}, \"subtotal\": {\"to\": 1244.6, \"from\": \"1244.6000\"}, \"iva_monto\": {\"to\": 199.136, \"from\": \"199.1360\"}}, \"concepto\": \"\\\"trapo industrial limpio color 10 kg\"}','2025-12-29 22:31:21','2025-12-29 22:31:21'),(10,2,9,'recepcion_changed','{\"to\": \"recibido\", \"from\": \"sin_recepcion\"}','2025-12-29 23:58:04','2025-12-29 23:58:04'),(17,2,9,'attachment_added','{\"mime\": \"application/pdf\", \"name\": \"FIRMA.pdf\", \"path\": \"oc/2/4L0T6xA5uBCxrK207lQIcE0DCstMHKWDFo4sgHOF.pdf\", \"size\": 6795244}','2025-12-30 22:19:27','2025-12-30 22:19:27'),(18,4,9,'created','{\"iva\": 144.32, \"fecha\": \"2025-12-30\", \"items\": [{\"id\": 6, \"um\": \"PZ\", \"nota\": null, \"moneda\": \"MXN\", \"precio\": \"22.5500\", \"importe\": \"902.0000\", \"cantidad\": \"40.000\", \"concepto\": \"BSU30 BROCHA LA SUPER BYP 3\\\"\"}], \"notas\": \"Favor de enviar la factura también al correo de jose.franco@reprosisa.com.mx\", \"total\": \"1046.32\", \"estado\": \"abierta\", \"subtotal\": 902, \"proveedor\": \"Servi Equipos Soldadura\", \"descripcion\": \"Brochas consumo taller\", \"solicitante\": \"José Uriel Franco Zazueta\", \"numero_orden\": \"UF-6718\", \"iva_porcentaje\": 16}','2025-12-30 23:25:46','2025-12-30 23:25:46'),(19,4,9,'recepcion_changed','{\"to\": \"recibido\", \"from\": \"sin_recepcion\"}','2025-12-30 23:27:52','2025-12-30 23:27:52'),(20,4,9,'attachment_added','{\"mime\": \"application/pdf\", \"name\": \"F1E85583.pdf\", \"path\": \"oc/4/kUcRcf8J4Pq8XHDOHtlPdy1hHNLMDPZffuh5PgSK.pdf\", \"size\": 252485}','2025-12-31 00:52:24','2025-12-31 00:52:24'),(21,5,12,'created','{\"iva\": 154.56, \"fecha\": \"2026-01-05\", \"items\": [{\"id\": 7, \"um\": \"servicio\", \"nota\": null, \"moneda\": \"MXN\", \"precio\": \"966.0000\", \"importe\": \"966.0000\", \"cantidad\": \"1.000\", \"concepto\": \"calibración de equipo\"}], \"notas\": \"Equipo para calibración (termohigrómetro).\", \"total\": \"1120.56\", \"estado\": \"abierta\", \"subtotal\": 966, \"proveedor\": \"Maquinas de Medicion por Coordenadas\", \"descripcion\": \"servicio de calibración de higrómetro\", \"solicitante\": \"Luis Alberto Palma Noriega\", \"numero_orden\": \"LP-6719\", \"iva_porcentaje\": 16}','2026-01-05 15:49:56','2026-01-05 15:49:56'),(22,6,12,'created','{\"iva\": 93.2192, \"fecha\": \"2026-01-05\", \"items\": [{\"id\": 8, \"um\": \"pz\", \"nota\": null, \"moneda\": \"MXN\", \"precio\": \"71.9200\", \"importe\": \"71.9200\", \"cantidad\": \"1.000\", \"concepto\": \"TERMINAL (100PZS) AISL. H 6/20 D PUNTERA AISLADA CALIBRE 10AWG, AMARILLA\"}, {\"id\": 9, \"um\": \"pz\", \"nota\": null, \"moneda\": \"MXN\", \"precio\": \"62.9300\", \"importe\": \"125.8600\", \"cantidad\": \"2.000\", \"concepto\": \"TERMINAL (20PZS) DOBLE ROJO 7AWG PUNTERA TUBULAR DOBLE, 17 MM, 12 MM, ROJO\"}, {\"id\": 10, \"um\": \"pz\", \"nota\": null, \"moneda\": \"MXN\", \"precio\": \"134.8400\", \"importe\": \"134.8400\", \"cantidad\": \"1.000\", \"concepto\": \"TERMINAL (100PZ) TUBULAR, ESTÁNDAR, 15 MM, 12 MM, AZUL 6AWG\"}, {\"id\": 11, \"um\": \"pz\", \"nota\": null, \"moneda\": \"MXN\", \"precio\": \"125.0000\", \"importe\": \"250.0000\", \"cantidad\": \"2.000\", \"concepto\": \"TERMINAL KPH 1.5/3.5\"}], \"notas\": null, \"total\": \"675.84\", \"estado\": \"abierta\", \"subtotal\": 582.62, \"proveedor\": \"Soluciones en Tableros y Control\", \"descripcion\": \"terminales para los cableado electrico\", \"solicitante\": \"Luis Alberto Palma Noriega\", \"numero_orden\": \"LP-6720\", \"iva_porcentaje\": 16}','2026-01-05 18:48:45','2026-01-05 18:48:45'),(23,7,10,'created','{\"iva\": 270.7585, \"fecha\": \"2026-01-05\", \"items\": [{\"id\": 12, \"um\": \"pza\", \"nota\": null, \"moneda\": \"MXN\", \"precio\": \"18.1034\", \"importe\": \"362.0680\", \"cantidad\": \"20.000\", \"concepto\": \"marcador cera blanco phano dixon\"}, {\"id\": 13, \"um\": \"caja\", \"nota\": null, \"moneda\": \"MXN\", \"precio\": \"57.7586\", \"importe\": \"57.7586\", \"cantidad\": \"1.000\", \"concepto\": \"boligrafo 1.0mm cristal negro\"}, {\"id\": 14, \"um\": \"caja\", \"nota\": null, \"moneda\": \"MXN\", \"precio\": \"57.7586\", \"importe\": \"57.7586\", \"cantidad\": \"1.000\", \"concepto\": \"boligrafo 1.00mm azul\"}, {\"id\": 15, \"um\": \"pza\", \"nota\": null, \"moneda\": \"MXN\", \"precio\": \"31.0345\", \"importe\": \"62.0690\", \"cantidad\": \"2.000\", \"concepto\": \"binder clips 32mm\"}, {\"id\": 16, \"um\": \"pza\", \"nota\": null, \"moneda\": \"MXN\", \"precio\": \"40.5172\", \"importe\": \"81.0344\", \"cantidad\": \"2.000\", \"concepto\": \"perforadora de un orificia de 6 mm\"}, {\"id\": 17, \"um\": \"pza\", \"nota\": null, \"moneda\": \"MXN\", \"precio\": \"235.3448\", \"importe\": \"235.3448\", \"cantidad\": \"1.000\", \"concepto\": \"archivero oficio 13 compartimientos negro\"}, {\"id\": 18, \"um\": \"pza\", \"nota\": null, \"moneda\": \"MXN\", \"precio\": \"418.1034\", \"importe\": \"836.2068\", \"cantidad\": \"2.000\", \"concepto\": \"cintas de empaque 48x 150 canela\"}], \"notas\": \"papeleria oficina sahuaro\", \"total\": \"1963.00\", \"estado\": \"abierta\", \"subtotal\": 1692.2402, \"proveedor\": \"Papeleria Danny\", \"descripcion\": \"material de oficina papeleria\", \"solicitante\": \"Eugenio Encinas Galaz\", \"numero_orden\": \"EE-6721\", \"iva_porcentaje\": 16}','2026-01-05 19:50:17','2026-01-05 19:50:17'),(24,5,12,'attachment_added','{\"mime\": \"application/pdf\", \"name\": \"F0000015893 (002).pdf\", \"path\": \"oc/5/x7Aa2Nxk8b384clUIAvuBgGagxPBtm6MWGf4tORw.pdf\", \"size\": 470793}','2026-01-05 22:31:36','2026-01-05 22:31:36'),(25,8,10,'created','{\"iva\": 1054.5184, \"fecha\": \"2026-01-05\", \"items\": [{\"id\": 19, \"um\": \"SV\", \"nota\": null, \"moneda\": \"MXN\", \"precio\": \"6590.7400\", \"importe\": \"6590.7400\", \"cantidad\": \"1.000\", \"concepto\": \"SERVICIO EN AGENCIA DE LOS 65 MIL PLC UM-7920A\"}], \"notas\": \"SERVICIO RAM 2022 PLC UM-7920A DE LOS 65 MIL\", \"total\": \"7645.26\", \"estado\": \"abierta\", \"subtotal\": 6590.74, \"proveedor\": \"Gonzalez R Automotriz\", \"descripcion\": \"SERVICIO EN AGENCIA RAM 2022 DE LOS 65 MIL\", \"solicitante\": \"Eugenio Encinas Galaz\", \"numero_orden\": \"EE-6722\", \"iva_porcentaje\": 16}','2026-01-05 22:55:56','2026-01-05 22:55:56'),(26,9,9,'created','{\"iva\": 346.368, \"fecha\": \"2026-01-05\", \"items\": [{\"id\": 20, \"um\": \"pz\", \"nota\": null, \"moneda\": \"MXN\", \"precio\": \"22.5500\", \"importe\": \"2164.8000\", \"cantidad\": \"96.000\", \"concepto\": \"BSU30 BROCHA LA SUPER BYP 3\\\"\"}], \"notas\": \"Favor de enviar la factura también al correo jose.franco@reprosisa.com.mx\", \"total\": \"2511.17\", \"estado\": \"abierta\", \"subtotal\": 2164.8, \"proveedor\": \"Servi Equipos Soldadura\", \"descripcion\": \"Brochas para reposición taller\", \"solicitante\": \"José Uriel Franco Zazueta\", \"numero_orden\": \"UF-6723\", \"iva_porcentaje\": 16}','2026-01-05 23:40:56','2026-01-05 23:40:56'),(27,2,6,'attachment_removed','{\"mime\": \"application/pdf\", \"name\": \"FIRMA.pdf\", \"path\": \"oc/2/4L0T6xA5uBCxrK207lQIcE0DCstMHKWDFo4sgHOF.pdf\", \"size\": 6795244}','2026-01-06 00:57:49','2026-01-06 00:57:49'),(28,2,6,'attachment_added','{\"mime\": \"application/pdf\", \"name\": \"fcn101215a72-a264333.pdf\", \"path\": \"oc/2/pN8XYW05b0QHlC4mco0l9kFA1Rj0FNf7QgDM96RO.pdf\", \"size\": 97625}','2026-01-06 00:58:09','2026-01-06 00:58:09'),(29,10,9,'created','{\"iva\": 681.2992, \"fecha\": \"2026-01-06\", \"items\": [{\"id\": 21, \"um\": \"pz\", \"nota\": null, \"moneda\": \"MXN\", \"precio\": \"1064.5300\", \"importe\": \"4258.1200\", \"cantidad\": \"4.000\", \"concepto\": \"BANDA PLANA POLIESTER OJO-OJO 4T 6 MTS\"}], \"notas\": \"FAVOR DE ENVIAR LA FACTURA TAMBIÉN AL CORREO jose.franco@reprosisa.com.mx\", \"total\": \"4939.42\", \"estado\": \"abierta\", \"subtotal\": 4258.12, \"proveedor\": \"Firma Comercializadora del Norte FCN\", \"descripcion\": \"Reposición de slingas grises\", \"solicitante\": \"José Uriel Franco Zazueta\", \"numero_orden\": \"UF-6724\", \"iva_porcentaje\": 16}','2026-01-06 15:26:45','2026-01-06 15:26:45'),(30,11,6,'created','{\"iva\": 480, \"fecha\": \"2026-01-06\", \"items\": [{\"id\": 22, \"um\": \"pz\", \"nota\": null, \"moneda\": \"MXN\", \"precio\": \"25.0000\", \"importe\": \"3000.0000\", \"cantidad\": \"120.000\", \"concepto\": \"ENVASE PLASTICO 4 LTS. GRADUADO \\\"FE\\\"\"}], \"notas\": \"ENVASE PLASTICO 4 LTS. GRADUADO \\\"FE\\\"\", \"total\": \"3480.00\", \"estado\": \"abierta\", \"subtotal\": 3000, \"proveedor\": \"Plasticos y Resinas Tres Rios SA de CV\", \"descripcion\": \"galones para solventes\\r\\ncotizacion-PE12290\", \"solicitante\": \"Luz Haydee Valenzuela Encinas\", \"numero_orden\": \"LV-6725\", \"iva_porcentaje\": 16}','2026-01-06 16:15:12','2026-01-06 16:15:12'),(31,11,6,'attachment_added','{\"mime\": \"application/pdf\", \"name\": \"FPE92916.pdf\", \"path\": \"oc/11/onSUStFITAq3QFLLWkstRYpjVykpgQKfs4rqsQbI.pdf\", \"size\": 73098}','2026-01-06 18:09:54','2026-01-06 18:09:54'),(32,12,11,'created','{\"iva\": 334.3392, \"fecha\": \"2026-01-06\", \"items\": [{\"id\": 23, \"um\": \"Pieza\", \"nota\": null, \"moneda\": \"MXN\", \"precio\": \"258.0600\", \"importe\": \"516.1200\", \"cantidad\": \"2.000\", \"concepto\": \"Protector 1 lt\"}, {\"id\": 24, \"um\": \"Kilo\", \"nota\": null, \"moneda\": \"MXN\", \"precio\": \"52.6200\", \"importe\": \"105.2400\", \"cantidad\": \"2.000\", \"concepto\": \"Clavo std 3\\\"\"}, {\"id\": 25, \"um\": \"Pieza\", \"nota\": null, \"moneda\": \"MXN\", \"precio\": \"79.0700\", \"importe\": \"395.3500\", \"cantidad\": \"5.000\", \"concepto\": \"Disco laminado 4 1/2\"}, {\"id\": 26, \"um\": \"Pieza\", \"nota\": null, \"moneda\": \"MXN\", \"precio\": \"51.6400\", \"importe\": \"154.9200\", \"cantidad\": \"3.000\", \"concepto\": \"Disco desbaste 4 1/2\"}, {\"id\": 27, \"um\": \"Pieza\", \"nota\": null, \"moneda\": \"MXN\", \"precio\": \"88.9900\", \"importe\": \"88.9900\", \"cantidad\": \"1.000\", \"concepto\": \"Candado hierro ancho\"}, {\"id\": 28, \"um\": \"Pieza\", \"nota\": null, \"moneda\": \"MXN\", \"precio\": \"94.5800\", \"importe\": \"472.9000\", \"cantidad\": \"5.000\", \"concepto\": \"Varilla roscada 5/8\"}, {\"id\": 29, \"um\": \"Pieza\", \"nota\": null, \"moneda\": \"MXN\", \"precio\": \"18.9900\", \"importe\": \"189.9000\", \"cantidad\": \"10.000\", \"concepto\": \"Contacto dupex\"}, {\"id\": 30, \"um\": \"Pieza\", \"nota\": null, \"moneda\": \"MXN\", \"precio\": \"16.6200\", \"importe\": \"166.2000\", \"cantidad\": \"10.000\", \"concepto\": \"Clavija 2 polos\"}], \"notas\": null, \"total\": \"2423.96\", \"estado\": \"abierta\", \"subtotal\": 2089.62, \"proveedor\": \"Firma Comercializadora del Norte FCN\", \"descripcion\": \"Material para consumo de taller.\", \"solicitante\": \"Vicente Antonio Jiménez Rodríguez\", \"numero_orden\": \"VJ-6726\", \"iva_porcentaje\": 16}','2026-01-06 21:56:26','2026-01-06 21:56:26'),(33,13,12,'created','{\"iva\": 87.5936, \"fecha\": \"2026-01-07\", \"items\": [{\"id\": 31, \"um\": \"pz\", \"nota\": null, \"moneda\": \"MXN\", \"precio\": \"27.5900\", \"importe\": \"275.9000\", \"cantidad\": \"10.000\", \"concepto\": \"CONTACTO DÚPLEX, 2 POLOS, 3 HILOS, 20A, STD\"}, {\"id\": 32, \"um\": \"pz\", \"nota\": null, \"moneda\": \"MXN\", \"precio\": \"223.2800\", \"importe\": \"223.2800\", \"cantidad\": \"1.000\", \"concepto\": \"CONTACTO 2 POLOS + TIERRA CON 2 PUERTOS USB, OSLO, Pieza 1 BLANCO\"}, {\"id\": 33, \"um\": \"Bls\", \"nota\": null, \"moneda\": \"MXN\", \"precio\": \"48.2800\", \"importe\": \"48.2800\", \"cantidad\": \"1.000\", \"concepto\": \"PIJA MULTIUSOS 10 X 2\', C/100 PZAS\"}], \"notas\": null, \"total\": \"635.05\", \"estado\": \"abierta\", \"subtotal\": 547.4599999999999, \"proveedor\": \"Ferreteras Partida\", \"descripcion\": \"material de consumo\", \"solicitante\": \"Luis Alberto Palma Noriega\", \"numero_orden\": \"LP-6727\", \"iva_porcentaje\": 16}','2026-01-07 22:20:13','2026-01-07 22:20:13'),(34,14,12,'created','{\"iva\": 241.7854, \"fecha\": \"2026-01-07\", \"items\": [{\"id\": 34, \"um\": \"pz\", \"nota\": null, \"moneda\": \"MXN\", \"precio\": \"3.8973\", \"importe\": \"116.9190\", \"cantidad\": \"30.000\", \"concepto\": \"TORNILLO ALLEN PLANA STD 1/4X2 20H\"}, {\"id\": 35, \"um\": \"pz\", \"nota\": null, \"moneda\": \"MXN\", \"precio\": \"3.5805\", \"importe\": \"143.2200\", \"cantidad\": \"40.000\", \"concepto\": \"TAPS-025-0175 TORNILLO ALLEN PLANA STD 1/4X1 3/4 20H\"}, {\"id\": 36, \"um\": \"pz\", \"nota\": null, \"moneda\": \"MXN\", \"precio\": \"7.1990\", \"importe\": \"71.9900\", \"cantidad\": \"10.000\", \"concepto\": \"TAPS-025-0250 TORNILLO ALLEN PLANA STD 1/4X2 1/2 20H\"}, {\"id\": 37, \"um\": \"pz\", \"nota\": null, \"moneda\": \"MXN\", \"precio\": \"92.7900\", \"importe\": \"92.7900\", \"cantidad\": \"1.000\", \"concepto\": \"JUEGO 3 MACHUELOS AAC 1/4- 20 NC\"}, {\"id\": 38, \"um\": \"pz\", \"nota\": null, \"moneda\": \"MXN\", \"precio\": \"37.1680\", \"importe\": \"371.6800\", \"cantidad\": \"10.000\", \"concepto\": \"BROCA FIERRO 1/4 ZANCO RECTO ALTA VELOCIDAD\"}, {\"id\": 39, \"um\": \"pz\", \"nota\": null, \"moneda\": \"MXN\", \"precio\": \"14.7840\", \"importe\": \"147.8400\", \"cantidad\": \"10.000\", \"concepto\": \"BROCA FIERRO 1/8 ZANCO RECTO ALTA VELOCIDAD\"}, {\"id\": 40, \"um\": \"pz\", \"nota\": null, \"moneda\": \"MXN\", \"precio\": \"56.6720\", \"importe\": \"566.7200\", \"cantidad\": \"10.000\", \"concepto\": \"BROCA NUMERICA ZANCO RECTO AAV NO. 7\"}], \"notas\": null, \"total\": \"1752.94\", \"estado\": \"abierta\", \"subtotal\": 1511.159, \"proveedor\": \"Tornillos y Mangueras de Sonora\", \"descripcion\": \"Material de consumo\", \"solicitante\": \"Luis Alberto Palma Noriega\", \"numero_orden\": \"LP-6728\", \"iva_porcentaje\": 16}','2026-01-07 22:30:01','2026-01-07 22:30:01'),(35,15,8,'created','{\"iva\": 248.832, \"fecha\": \"2026-01-07\", \"items\": [{\"id\": 41, \"um\": \"pza\", \"nota\": null, \"moneda\": \"MXN\", \"precio\": \"518.4000\", \"importe\": \"1555.2000\", \"cantidad\": \"3.000\", \"concepto\": \"MICA INTERIOR APOLLO 60-600\"}], \"notas\": null, \"total\": \"1804.03\", \"estado\": \"abierta\", \"subtotal\": 1555.2, \"proveedor\": \"Aprosi Equipos S.A. de C.V.\", \"descripcion\": \"Micas para casco de sandblasteo\", \"solicitante\": \"Maria de los Angeles Zavala Machado\", \"numero_orden\": \"MZ-6729\", \"iva_porcentaje\": 16}','2026-01-07 23:08:23','2026-01-07 23:08:23'),(36,16,10,'created','{\"iva\": 686.896, \"fecha\": \"2026-01-08\", \"items\": [{\"id\": 42, \"um\": \"pza\", \"nota\": null, \"moneda\": \"MXN\", \"precio\": \"4293.1000\", \"importe\": \"4293.1000\", \"cantidad\": \"1.000\", \"concepto\": \"acumulador lth 48/91-730\"}], \"notas\": \"COMPRA DE BATERIA A CHEVROLET 2010 REPRONAVE\", \"total\": \"4980.00\", \"estado\": \"abierta\", \"subtotal\": 4293.1, \"proveedor\": \"BDH Baterias Distribuciones Hermosillo\", \"descripcion\": \"bateria para chevrolet 2010 plc VD-60352\", \"solicitante\": \"Eugenio Encinas Galaz\", \"numero_orden\": \"EE-6730\", \"iva_porcentaje\": 16}','2026-01-08 15:43:08','2026-01-08 15:43:08'),(37,17,6,'created','{\"iva\": 5680, \"fecha\": \"2026-01-08\", \"items\": [{\"id\": 43, \"um\": \"srv\", \"nota\": null, \"moneda\": \"MXN\", \"precio\": \"35500.0000\", \"importe\": \"35500.0000\", \"cantidad\": \"1.000\", \"concepto\": \"FLETE CON DESTINO A CD JUAREZ , 760KM EN RABON\"}], \"notas\": null, \"total\": \"41180.00\", \"estado\": \"abierta\", \"subtotal\": 35500, \"proveedor\": \"Benjamin Johsio Cordova Sepulveda\", \"descripcion\": \"flete a cd juarez remision 1354\", \"solicitante\": \"Luz Haydee Valenzuela Encinas\", \"numero_orden\": \"LV-6731\", \"iva_porcentaje\": 16}','2026-01-08 22:03:53','2026-01-08 22:03:53'),(38,11,6,'recepcion_changed','{\"to\": \"recibido\", \"from\": \"sin_recepcion\"}','2026-01-08 22:06:46','2026-01-08 22:06:46'),(39,17,6,'attachment_added','{\"mime\": \"application/pdf\", \"name\": \"PDF253.pdf\", \"path\": \"oc/17/H2REAddni1fgQwWD9bg3SxTwh62nGdxOcj2gJeq4.pdf\", \"size\": 27514}','2026-01-08 23:07:45','2026-01-08 23:07:45'),(40,18,8,'created','{\"iva\": 1245.12, \"fecha\": \"2026-01-08\", \"items\": [{\"id\": 44, \"um\": \"pza\", \"nota\": null, \"moneda\": \"MXN\", \"precio\": \"1297.0000\", \"importe\": \"7782.0000\", \"cantidad\": \"6.000\", \"concepto\": \"anclaje para alturas\"}], \"notas\": null, \"total\": \"9027.12\", \"estado\": \"abierta\", \"subtotal\": 7782, \"proveedor\": \"AMJ Equipo Industrial\", \"descripcion\": \"Material para trabajo de cemex\", \"solicitante\": \"Maria de los Angeles Zavala Machado\", \"numero_orden\": \"MZ-6732\", \"iva_porcentaje\": 16}','2026-01-09 00:34:15','2026-01-09 00:34:15'),(41,3,15,'recepcion_changed','{\"to\": \"recibido\", \"from\": \"sin_recepcion\"}','2026-01-09 15:54:46','2026-01-09 15:54:46'),(42,19,15,'created','{\"iva\": 452, \"fecha\": \"2026-01-09\", \"items\": [{\"id\": 45, \"um\": \"SER\", \"nota\": null, \"moneda\": \"MXN\", \"precio\": \"600.0000\", \"importe\": \"600.0000\", \"cantidad\": \"1.000\", \"concepto\": \"SERVICIO MTO. PREVENTIVO Y CORRECTIVO A MULTIFUNCIONAL BROTHER L5550DN\"}, {\"id\": 46, \"um\": \"PZA\", \"nota\": null, \"moneda\": \"MXN\", \"precio\": \"2225.0000\", \"importe\": \"2225.0000\", \"cantidad\": \"1.000\", \"concepto\": \"TAMBOR BROTHER DR820\"}], \"notas\": null, \"total\": \"3277.00\", \"estado\": \"abierta\", \"subtotal\": 2825, \"proveedor\": \"Conrado Antonio Molina Durazo\", \"descripcion\": \"Mantenimiento a impresora oficina sahuaro.\", \"solicitante\": \"Juan Francisco Flores Maytorena\", \"numero_orden\": \"JF-6733\", \"iva_porcentaje\": 16}','2026-01-09 15:58:53','2026-01-09 15:58:53'),(43,19,15,'recepcion_changed','{\"to\": \"recibido\", \"from\": \"sin_recepcion\"}','2026-01-09 16:03:44','2026-01-09 16:03:44'),(44,20,10,'created','{\"iva\": 200.112, \"fecha\": \"2026-01-09\", \"items\": [{\"id\": 47, \"um\": \"pza\", \"nota\": null, \"moneda\": \"MXN\", \"precio\": \"93.6000\", \"importe\": \"1123.2000\", \"cantidad\": \"12.000\", \"concepto\": \"ACEITE 20W50 946ML MOTR SUPERMOBIL\"}, {\"id\": 48, \"um\": \"PZA\", \"nota\": null, \"moneda\": \"MXN\", \"precio\": \"63.7500\", \"importe\": \"127.5000\", \"cantidad\": \"2.000\", \"concepto\": \"AA-46025 LIMPIADOR 550ML\"}], \"notas\": \"MATERIAL PARA RELLENAR NOVELES DE ACEITE CAMIONETAS\", \"total\": \"1450.81\", \"estado\": \"abierta\", \"subtotal\": 1250.7, \"proveedor\": \"Tornillos y Mangueras de Sonora\", \"descripcion\": \"compra de aceite para rellenar camioneta niveles COT H5202\", \"solicitante\": \"Eugenio Encinas Galaz\", \"numero_orden\": \"EE-6734\", \"iva_porcentaje\": 16}','2026-01-09 16:12:16','2026-01-09 16:12:16'),(45,21,10,'created','{\"iva\": 344.6064, \"fecha\": \"2026-01-09\", \"items\": [{\"id\": 49, \"um\": \"FAB03\", \"nota\": null, \"moneda\": \"MXN\", \"precio\": \"45.5000\", \"importe\": \"136.5000\", \"cantidad\": \"3.000\", \"concepto\": \"FABULOSO MAR FRESCO LITRO Z12\"}, {\"id\": 50, \"um\": \"FAB07\", \"nota\": null, \"moneda\": \"MXN\", \"precio\": \"50.0000\", \"importe\": \"150.0000\", \"cantidad\": \"3.000\", \"concepto\": \"FABULOSO NARANJA 1 LITRO Z12\"}, {\"id\": 51, \"um\": \"90612\", \"nota\": null, \"moneda\": \"MXN\", \"precio\": \"26.3500\", \"importe\": \"316.2000\", \"cantidad\": \"12.000\", \"concepto\": \"PAPEL HIGIENICO COTTONELLE 500 HOJAS ICON Z12\"}, {\"id\": 52, \"um\": \"NPARE00\", \"nota\": null, \"moneda\": \"MXN\", \"precio\": \"479.0000\", \"importe\": \"479.0000\", \"cantidad\": \"1.000\", \"concepto\": \"WIESE PASTILLA SANITARIA 60GRS Z50\"}, {\"id\": 53, \"um\": \"F4048BK\", \"nota\": null, \"moneda\": \"MXN\", \"precio\": \"86.9501\", \"importe\": \"173.9002\", \"cantidad\": \"2.000\", \"concepto\": \"BOLSA NEGRA 40X48 14MIC 90X 1.20 ROLLO\"}, {\"id\": 54, \"um\": \"NAEDC11\", \"nota\": null, \"moneda\": \"MXN\", \"precio\": \"71.5000\", \"importe\": \"286.0000\", \"cantidad\": \"4.000\", \"concepto\": \"WIESE AROMA P/DOSIFICADOR FRUTAS\"}, {\"id\": 55, \"um\": \"91794\", \"nota\": null, \"moneda\": \"MXN\", \"precio\": \"207.1900\", \"importe\": \"207.1900\", \"cantidad\": \"1.000\", \"concepto\": \"JABON LIQUIDO BLUMEN CHERRY BLOSSOM\"}, {\"id\": 56, \"um\": \"6403B\", \"nota\": null, \"moneda\": \"MXN\", \"precio\": \"134.9999\", \"importe\": \"404.9997\", \"cantidad\": \"3.000\", \"concepto\": \"MOTA P/TRATADO 90CMS AZUL\"}], \"notas\": \"MATERIAL DE LIMPIEZA REPROSISA\", \"total\": \"2498.40\", \"estado\": \"abierta\", \"subtotal\": 2153.7899, \"proveedor\": \"Comercializadora Sanitaria\", \"descripcion\": \"MATERIAL DE LIMPIEZA OFICINA REPROSISA\", \"solicitante\": \"Eugenio Encinas Galaz\", \"numero_orden\": \"EE-6735\", \"iva_porcentaje\": 16}','2026-01-09 16:33:47','2026-01-09 16:33:47'),(46,22,9,'created','{\"iva\": 355.84, \"fecha\": \"2026-01-09\", \"items\": [{\"id\": 57, \"um\": \"pz\", \"nota\": null, \"moneda\": \"MXN\", \"precio\": \"2.7800\", \"importe\": \"2224.0000\", \"cantidad\": \"800.000\", \"concepto\": \"11-921B REPUESTO P/NAVAJA STANLEY\"}], \"notas\": \"FAVOR DE ENVIAR LA FACTURA AL CORREO jose.franco@reprosisa.com.mx\", \"total\": \"2579.84\", \"estado\": \"abierta\", \"subtotal\": 2224, \"proveedor\": \"Servi Equipos Soldadura\", \"descripcion\": \"Repuestos de navaja para taller sahuaro\", \"solicitante\": \"José Uriel Franco Zazueta\", \"numero_orden\": \"UF-6736\", \"iva_porcentaje\": 16}','2026-01-09 16:49:16','2026-01-09 16:49:16'),(47,23,9,'created','{\"iva\": 2538.24, \"fecha\": \"2026-01-09\", \"items\": [{\"id\": 58, \"um\": \"pz\", \"nota\": null, \"moneda\": \"MXN\", \"precio\": \"5288.0000\", \"importe\": \"15864.0000\", \"cantidad\": \"3.000\", \"concepto\": \"EP448 ESLINGA PLANA OJO-OJO POLIESTER 4\\\" X 8 M 4 CAPAS\"}], \"notas\": \"FAVOR DE ENVIAR LA FACTURA TAMBIÉN AL CORREO jose.franco@reprosisa.com.mx\", \"total\": \"18402.24\", \"estado\": \"abierta\", \"subtotal\": 15864, \"proveedor\": \"Servi Equipos Soldadura\", \"descripcion\": \"Eslingas para reposición de taller repronave y taller sahuaro\", \"solicitante\": \"José Uriel Franco Zazueta\", \"numero_orden\": \"UF-6737\", \"iva_porcentaje\": 16}','2026-01-09 17:01:24','2026-01-09 17:01:24'),(48,24,9,'created','{\"iva\": 2686.5152, \"fecha\": \"2026-01-09\", \"items\": [{\"id\": 59, \"um\": \"pz\", \"nota\": null, \"moneda\": \"MXN\", \"precio\": \"8511.9600\", \"importe\": \"8511.9600\", \"cantidad\": \"1.000\", \"concepto\": \"POLIPASTO DE PALANCA CORTA UNO PLUS MARCA YALE DE 3000 KG CON 1.5 METROS DE ALTURA\"}, {\"id\": 60, \"um\": \"PZ\", \"nota\": null, \"moneda\": \"MXN\", \"precio\": \"4411.7500\", \"importe\": \"4411.7500\", \"cantidad\": \"1.000\", \"concepto\": \"POLIPASTO DE PALANCA CORTA UNO PLUS MARCA YALE DE 750 KG CON 1.5 METROS  DE ALTURA\"}, {\"id\": 61, \"um\": \"PZ\", \"nota\": null, \"moneda\": \"MXN\", \"precio\": \"3867.0100\", \"importe\": \"3867.0100\", \"cantidad\": \"1.000\", \"concepto\": \"LLAVE DE IMPACTO 1/2 800 RPM PAS.RET\"}], \"notas\": \"Favor de enviar la factura al correo jose.franco@reprosisa.com.mx\", \"total\": \"19477.24\", \"estado\": \"abierta\", \"subtotal\": 16790.72, \"proveedor\": \"Casa Myers\", \"descripcion\": \"Reposición herramienta milpillas\", \"solicitante\": \"José Uriel Franco Zazueta\", \"numero_orden\": \"UF-6738\", \"iva_porcentaje\": 16}','2026-01-09 19:27:11','2026-01-09 19:27:11'),(49,25,9,'created','{\"iva\": 1610.2832, \"fecha\": \"2026-01-09\", \"items\": [{\"id\": 62, \"um\": \"pz\", \"nota\": null, \"moneda\": \"MXN\", \"precio\": \"3864.5800\", \"importe\": \"3864.5800\", \"cantidad\": \"1.000\", \"concepto\": \"herramienta multicorte osciladora potencia 3 amp 1.6 grados 13\\\" 29 accesorios y maleta\"}, {\"id\": 63, \"um\": \"pz\", \"nota\": null, \"moneda\": \"MXN\", \"precio\": \"4601.7300\", \"importe\": \"4601.7300\", \"cantidad\": \"1.000\", \"concepto\": \"pulidora lijadora angular 7\\\" (178mm) y 12550w 0-600/0-3500RPM\"}, {\"id\": 64, \"um\": \"pz\", \"nota\": null, \"moneda\": \"MXN\", \"precio\": \"1597.9600\", \"importe\": \"1597.9600\", \"cantidad\": \"1.000\", \"concepto\": \"taladro  3/8\\\" 480W 0-2800 RPM\"}], \"notas\": \"Favor de enviar la factura al correo jose.franco@reprosisa.com.mx\", \"total\": \"11674.55\", \"estado\": \"abierta\", \"subtotal\": 10064.27, \"proveedor\": \"Casa Myers\", \"descripcion\": \"Reposición de herramienta milpillas\", \"solicitante\": \"José Uriel Franco Zazueta\", \"numero_orden\": \"UF-6739\", \"iva_porcentaje\": 16}','2026-01-09 19:31:58','2026-01-09 19:31:58'),(50,26,10,'created','{\"iva\": 26240, \"fecha\": \"2026-01-09\", \"items\": [{\"id\": 65, \"um\": \"SV\", \"nota\": null, \"moneda\": \"MXN\", \"precio\": \"4000.0000\", \"importe\": \"4000.0000\", \"cantidad\": \"1.000\", \"concepto\": \"CARGO ADMINISTRACION\"}, {\"id\": 66, \"um\": \"SV\", \"nota\": null, \"moneda\": \"MXN\", \"precio\": \"160000.0000\", \"importe\": \"160000.0000\", \"cantidad\": \"1.000\", \"concepto\": \"EFECTICARD COMBUSTIBLE\"}], \"notas\": \"PEDIDO EFECTIVALE\", \"total\": \"190240.00\", \"estado\": \"abierta\", \"subtotal\": 164000, \"proveedor\": \"Efectivale\", \"descripcion\": \"BANAMEX            REFERENCIA 0000000PD00977296885\\r\\nCUENTA 661/2822288\\r\\nCLABE  124-180-066128222885\", \"solicitante\": \"Eugenio Encinas Galaz\", \"numero_orden\": \"EE-6740\", \"iva_porcentaje\": 16}','2026-01-09 22:52:32','2026-01-09 22:52:32'),(51,26,1,'item_updated','{\"id\": 65, \"changes\": {\"total\": {\"to\": 4015.6098, \"from\": \"4640.0000\"}, \"precio\": {\"to\": 4000, \"from\": \"4000.0000\"}, \"importe\": {\"to\": 4000, \"from\": \"4000.0000\"}, \"iva_pct\": {\"to\": 0, \"from\": \"16.00\"}, \"cantidad\": {\"to\": 1, \"from\": \"1.000\"}, \"subtotal\": {\"to\": 4000, \"from\": \"4000.0000\"}, \"iva_monto\": {\"to\": 15.6098, \"from\": \"640.0000\"}}, \"concepto\": \"CARGO ADMINISTRACION\"}','2026-01-09 22:54:26','2026-01-09 22:54:26'),(52,26,1,'item_updated','{\"id\": 66, \"changes\": {\"total\": {\"to\": 160624.3902, \"from\": \"185600.0000\"}, \"precio\": {\"to\": 160000, \"from\": \"160000.0000\"}, \"importe\": {\"to\": 160000, \"from\": \"160000.0000\"}, \"iva_pct\": {\"to\": 0, \"from\": \"16.00\"}, \"cantidad\": {\"to\": 1, \"from\": \"1.000\"}, \"subtotal\": {\"to\": 160000, \"from\": \"160000.0000\"}, \"iva_monto\": {\"to\": 624.3902, \"from\": \"25600.0000\"}}, \"concepto\": \"EFECTICARD COMBUSTIBLE\"}','2026-01-09 22:54:26','2026-01-09 22:54:26'),(53,26,1,'updated','{\"monto\": {\"to\": \"164640.00\", \"from\": \"190240.00\"}}','2026-01-09 22:54:26','2026-01-09 22:54:26'),(54,26,1,'item_updated','{\"id\": 65, \"changes\": {\"precio\": {\"to\": 4000, \"from\": \"4000.0000\"}, \"importe\": {\"to\": 4000, \"from\": \"4000.0000\"}, \"iva_pct\": {\"to\": 0, \"from\": \"0.00\"}, \"cantidad\": {\"to\": 1, \"from\": \"1.000\"}, \"subtotal\": {\"to\": 4000, \"from\": \"4000.0000\"}}, \"concepto\": \"CARGO ADMINISTRACION\"}','2026-01-09 22:57:50','2026-01-09 22:57:50'),(55,26,1,'item_updated','{\"id\": 66, \"changes\": {\"precio\": {\"to\": 160000, \"from\": \"160000.0000\"}, \"importe\": {\"to\": 160000, \"from\": \"160000.0000\"}, \"iva_pct\": {\"to\": 0, \"from\": \"0.00\"}, \"cantidad\": {\"to\": 1, \"from\": \"1.000\"}, \"subtotal\": {\"to\": 160000, \"from\": \"160000.0000\"}}, \"concepto\": \"EFECTICARD COMBUSTIBLE\"}','2026-01-09 22:57:50','2026-01-09 22:57:50'),(56,26,1,'updated','{\"notas\": {\"to\": \"PEDIDO EFECTIVALE\\r\\n\\r\\nBANAMEX            REFERENCIA 0000000PD00977296885\\r\\nCUENTA 661/2822288\\r\\nCLABE  124-180-066128222885\", \"from\": \"PEDIDO EFECTIVALE\"}}','2026-01-09 22:57:50','2026-01-09 22:57:50'),(57,27,6,'created','{\"iva\": 184, \"fecha\": \"2026-01-09\", \"items\": [{\"id\": 67, \"um\": \"dias\", \"nota\": null, \"moneda\": \"MXN\", \"precio\": \"420.0000\", \"importe\": \"2100.0000\", \"cantidad\": \"5.000\", \"concepto\": \"3 cuerpos de andamios metalicos (6 Marcos, 6 crutcetas y 8 coples para andamio metalico).\"}, {\"id\": 68, \"um\": \"dias\", \"nota\": null, \"moneda\": \"MXN\", \"precio\": \"40.0000\", \"importe\": \"200.0000\", \"cantidad\": \"5.000\", \"concepto\": \"Plataforma de seguridad para andamio metalico. RENTA POR DÍA\"}], \"notas\": null, \"total\": \"2484.00\", \"estado\": \"abierta\", \"subtotal\": 2300, \"proveedor\": \"Benjamin Eduardo Schirrmeister Montoya\", \"descripcion\": \"rentar de andamios para la instalación de placas en chute de criba C2 para cananea\", \"solicitante\": \"Luz Haydee Valenzuela Encinas\", \"numero_orden\": \"LV-6741\", \"iva_porcentaje\": 8}','2026-01-10 01:21:27','2026-01-10 01:21:27'),(58,22,9,'recepcion_changed','{\"to\": \"recibido\", \"from\": \"sin_recepcion\"}','2026-01-12 15:13:22','2026-01-12 15:13:22'),(59,24,9,'recepcion_changed','{\"to\": \"recibido\", \"from\": \"sin_recepcion\"}','2026-01-12 15:14:00','2026-01-12 15:14:00'),(60,25,9,'recepcion_changed','{\"to\": \"recibido\", \"from\": \"sin_recepcion\"}','2026-01-12 15:14:01','2026-01-12 15:14:01'),(61,24,9,'attachment_added','{\"mime\": \"application/pdf\", \"name\": \"CMY431220M62-OA-229040.pdf\", \"path\": \"oc/24/IUTsBPiOtXS4U39T5BFLnd3ny3c6GnTTIDfzEGvy.pdf\", \"size\": 95661}','2026-01-12 15:16:28','2026-01-12 15:16:28'),(62,25,9,'attachment_added','{\"mime\": \"application/pdf\", \"name\": \"CMY431220M62-OA-229039.pdf\", \"path\": \"oc/25/sbekyP6TOQM0lFYG9XzcInNkXWYjOdVuMByh7DtM.pdf\", \"size\": 95856}','2026-01-12 15:17:40','2026-01-12 15:17:40'),(63,9,9,'recepcion_changed','{\"to\": \"recibido\", \"from\": \"sin_recepcion\"}','2026-01-12 15:18:32','2026-01-12 15:18:32'),(64,28,10,'created','{\"iva\": 303.448, \"fecha\": \"2026-01-12\", \"items\": [{\"id\": 69, \"um\": \"PZA\", \"nota\": null, \"moneda\": \"MXN\", \"precio\": \"203.2000\", \"importe\": \"1422.4000\", \"cantidad\": \"7.000\", \"concepto\": \"CASTROL DE LITRO\"}, {\"id\": 70, \"um\": \"PZA\", \"nota\": null, \"moneda\": \"MXN\", \"precio\": \"86.2200\", \"importe\": \"86.2200\", \"cantidad\": \"1.000\", \"concepto\": \"FILTRO DE ACEITE\"}, {\"id\": 71, \"um\": \"PZA\", \"nota\": null, \"moneda\": \"MXN\", \"precio\": \"387.9300\", \"importe\": \"387.9300\", \"cantidad\": \"1.000\", \"concepto\": \"GA437 FILTRO AIRE\"}], \"notas\": \"SERVICIO DE CAMBIO DE ACEITE FORD F150 2021 DE CHIHUAHUA\", \"total\": \"2200.00\", \"estado\": \"abierta\", \"subtotal\": 1896.55, \"proveedor\": \"Tannolub Servicios y Refacciones\", \"descripcion\": \"SERVICIO CAMBIO ACEITE FORD F150\", \"solicitante\": \"Eugenio Encinas Galaz\", \"numero_orden\": \"EE-6742\", \"iva_porcentaje\": 16}','2026-01-12 17:00:58','2026-01-12 17:00:58'),(65,29,10,'created','{\"iva\": 1072, \"fecha\": \"2026-01-12\", \"items\": [{\"id\": 72, \"um\": \"PZA\", \"nota\": null, \"moneda\": \"MXN\", \"precio\": \"1800.0000\", \"importe\": \"1800.0000\", \"cantidad\": \"1.000\", \"concepto\": \"BALATAS DELANTERAS\"}, {\"id\": 73, \"um\": \"PZA\", \"nota\": null, \"moneda\": \"MXN\", \"precio\": \"1700.0000\", \"importe\": \"1700.0000\", \"cantidad\": \"1.000\", \"concepto\": \"BALATAS TRACERAS\"}, {\"id\": 74, \"um\": \"SV\", \"nota\": null, \"moneda\": \"MXN\", \"precio\": \"800.0000\", \"importe\": \"800.0000\", \"cantidad\": \"1.000\", \"concepto\": \"TORNO DE DISCO\"}, {\"id\": 75, \"um\": \"SV\", \"nota\": null, \"moneda\": \"MXN\", \"precio\": \"2400.0000\", \"importe\": \"2400.0000\", \"cantidad\": \"1.000\", \"concepto\": \"MANO DE OBRA\"}], \"notas\": \"FORD F150 2021  CHIHUAHUA\\r\\nPLACAS UY-1997A\\r\\nKILOMETRAJE    131538\", \"total\": \"7772.00\", \"estado\": \"abierta\", \"subtotal\": 6700, \"proveedor\": \"Ivan Ortiz Badilla\", \"descripcion\": \"REPARACION DE FRENOS FROD F150 2021 DE CHIHUAHUA\", \"solicitante\": \"Eugenio Encinas Galaz\", \"numero_orden\": \"EE-6743\", \"iva_porcentaje\": 16}','2026-01-12 17:29:20','2026-01-12 17:29:20'),(66,30,10,'created','{\"iva\": 480, \"fecha\": \"2026-01-12\", \"items\": [{\"id\": 76, \"um\": \"PZA\", \"nota\": null, \"moneda\": \"MXN\", \"precio\": \"1100.0000\", \"importe\": \"1100.0000\", \"cantidad\": \"1.000\", \"concepto\": \"BALATAS TRASERAS\"}, {\"id\": 77, \"um\": \"SV\", \"nota\": null, \"moneda\": \"MXN\", \"precio\": \"400.0000\", \"importe\": \"400.0000\", \"cantidad\": \"1.000\", \"concepto\": \"TORNO DE DISCO\"}, {\"id\": 78, \"um\": \"SV\", \"nota\": null, \"moneda\": \"MXN\", \"precio\": \"1500.0000\", \"importe\": \"1500.0000\", \"cantidad\": \"1.000\", \"concepto\": \"PROGAMACION\"}], \"notas\": \"MAVRICK 2022\\r\\nPLACAS UM-2458A\\r\\nKILOMETRAJE  168598\", \"total\": \"3480.00\", \"estado\": \"abierta\", \"subtotal\": 3000, \"proveedor\": \"Ivan Ortiz Badilla\", \"descripcion\": \"SERVICIO DE FRENOS A MAVRICK 2022\", \"solicitante\": \"Eugenio Encinas Galaz\", \"numero_orden\": \"EE-6744\", \"iva_porcentaje\": 16}','2026-01-12 17:33:49','2026-01-12 17:33:49'),(67,31,10,'created','{\"iva\": 352, \"fecha\": \"2026-01-12\", \"items\": [{\"id\": 79, \"um\": \"SV\", \"nota\": null, \"moneda\": \"MXN\", \"precio\": \"800.0000\", \"importe\": \"800.0000\", \"cantidad\": \"1.000\", \"concepto\": \"TORNO DE DISCO\"}, {\"id\": 80, \"um\": \"SV\", \"nota\": null, \"moneda\": \"MXN\", \"precio\": \"1400.0000\", \"importe\": \"1400.0000\", \"cantidad\": \"1.000\", \"concepto\": \"MANO DE OBRA\"}], \"notas\": \"RAM 2020\\r\\nPLACAS VE-68806\\r\\nKILOMETRAJE 185868\", \"total\": \"2552.00\", \"estado\": \"abierta\", \"subtotal\": 2200, \"proveedor\": \"Ivan Ortiz Badilla\", \"descripcion\": \"FRENOS DE RAM 2020\", \"solicitante\": \"Eugenio Encinas Galaz\", \"numero_orden\": \"EE-6745\", \"iva_porcentaje\": 16}','2026-01-12 17:37:09','2026-01-12 17:37:09'),(68,29,1,'item_updated','{\"id\": 72, \"changes\": {\"total\": {\"to\": 2061.9, \"from\": \"2088.0000\"}, \"precio\": {\"to\": 1800, \"from\": \"1800.0000\"}, \"importe\": {\"to\": 1800, \"from\": \"1800.0000\"}, \"iva_pct\": {\"to\": 0, \"from\": \"16.00\"}, \"cantidad\": {\"to\": 1, \"from\": \"1.000\"}, \"subtotal\": {\"to\": 1800, \"from\": \"1800.0000\"}, \"iva_monto\": {\"to\": 261.9, \"from\": \"288.0000\"}}, \"concepto\": \"BALATAS DELANTERAS\"}','2026-01-12 17:58:02','2026-01-12 17:58:02'),(69,29,1,'item_updated','{\"id\": 73, \"changes\": {\"total\": {\"to\": 1947.35, \"from\": \"1972.0000\"}, \"precio\": {\"to\": 1700, \"from\": \"1700.0000\"}, \"importe\": {\"to\": 1700, \"from\": \"1700.0000\"}, \"iva_pct\": {\"to\": 0, \"from\": \"16.00\"}, \"cantidad\": {\"to\": 1, \"from\": \"1.000\"}, \"subtotal\": {\"to\": 1700, \"from\": \"1700.0000\"}, \"iva_monto\": {\"to\": 247.35, \"from\": \"272.0000\"}}, \"concepto\": \"BALATAS TRACERAS\"}','2026-01-12 17:58:02','2026-01-12 17:58:02'),(70,29,1,'item_updated','{\"id\": 74, \"changes\": {\"total\": {\"to\": 916.4, \"from\": \"928.0000\"}, \"precio\": {\"to\": 800, \"from\": \"800.0000\"}, \"importe\": {\"to\": 800, \"from\": \"800.0000\"}, \"iva_pct\": {\"to\": 0, \"from\": \"16.00\"}, \"cantidad\": {\"to\": 1, \"from\": \"1.000\"}, \"subtotal\": {\"to\": 800, \"from\": \"800.0000\"}, \"iva_monto\": {\"to\": 116.4, \"from\": \"128.0000\"}}, \"concepto\": \"TORNO DE DISCO\"}','2026-01-12 17:58:02','2026-01-12 17:58:02'),(71,29,1,'item_updated','{\"id\": 75, \"changes\": {\"total\": {\"to\": 2749.2, \"from\": \"2784.0000\"}, \"precio\": {\"to\": 2400, \"from\": \"2400.0000\"}, \"importe\": {\"to\": 2400, \"from\": \"2400.0000\"}, \"iva_pct\": {\"to\": 0, \"from\": \"16.00\"}, \"cantidad\": {\"to\": 1, \"from\": \"1.000\"}, \"subtotal\": {\"to\": 2400, \"from\": \"2400.0000\"}, \"iva_monto\": {\"to\": 349.2, \"from\": \"384.0000\"}}, \"concepto\": \"MANO DE OBRA\"}','2026-01-12 17:58:02','2026-01-12 17:58:02'),(72,29,1,'updated','{\"monto\": {\"to\": \"7674.85\", \"from\": \"7772.00\"}}','2026-01-12 17:58:02','2026-01-12 17:58:02'),(73,29,1,'item_updated','{\"id\": 72, \"changes\": {\"total\": {\"to\": 2088, \"from\": \"2061.9000\"}, \"precio\": {\"to\": 1800, \"from\": \"1800.0000\"}, \"importe\": {\"to\": 1800, \"from\": \"1800.0000\"}, \"iva_pct\": {\"to\": 16, \"from\": \"0.00\"}, \"cantidad\": {\"to\": 1, \"from\": \"1.000\"}, \"subtotal\": {\"to\": 1800, \"from\": \"1800.0000\"}, \"iva_monto\": {\"to\": 288, \"from\": \"261.9000\"}}, \"concepto\": \"BALATAS DELANTERAS\"}','2026-01-12 17:58:28','2026-01-12 17:58:28'),(74,29,1,'item_updated','{\"id\": 73, \"changes\": {\"total\": {\"to\": 1972, \"from\": \"1947.3500\"}, \"precio\": {\"to\": 1700, \"from\": \"1700.0000\"}, \"importe\": {\"to\": 1700, \"from\": \"1700.0000\"}, \"iva_pct\": {\"to\": 16, \"from\": \"0.00\"}, \"cantidad\": {\"to\": 1, \"from\": \"1.000\"}, \"subtotal\": {\"to\": 1700, \"from\": \"1700.0000\"}, \"iva_monto\": {\"to\": 272, \"from\": \"247.3500\"}}, \"concepto\": \"BALATAS TRACERAS\"}','2026-01-12 17:58:28','2026-01-12 17:58:28'),(75,29,1,'item_updated','{\"id\": 74, \"changes\": {\"total\": {\"to\": 928, \"from\": \"916.4000\"}, \"precio\": {\"to\": 800, \"from\": \"800.0000\"}, \"importe\": {\"to\": 800, \"from\": \"800.0000\"}, \"iva_pct\": {\"to\": 16, \"from\": \"0.00\"}, \"cantidad\": {\"to\": 1, \"from\": \"1.000\"}, \"subtotal\": {\"to\": 800, \"from\": \"800.0000\"}, \"iva_monto\": {\"to\": 128, \"from\": \"116.4000\"}}, \"concepto\": \"TORNO DE DISCO\"}','2026-01-12 17:58:28','2026-01-12 17:58:28'),(76,29,1,'item_updated','{\"id\": 75, \"changes\": {\"total\": {\"to\": 2784, \"from\": \"2749.2000\"}, \"precio\": {\"to\": 2400, \"from\": \"2400.0000\"}, \"importe\": {\"to\": 2400, \"from\": \"2400.0000\"}, \"iva_pct\": {\"to\": 16, \"from\": \"0.00\"}, \"cantidad\": {\"to\": 1, \"from\": \"1.000\"}, \"subtotal\": {\"to\": 2400, \"from\": \"2400.0000\"}, \"iva_monto\": {\"to\": 384, \"from\": \"349.2000\"}}, \"concepto\": \"MANO DE OBRA\"}','2026-01-12 17:58:28','2026-01-12 17:58:28'),(77,29,1,'updated','{\"monto\": {\"to\": \"7772.00\", \"from\": \"7674.85\"}}','2026-01-12 17:58:28','2026-01-12 17:58:28'),(78,22,9,'attachment_added','{\"mime\": \"application/pdf\", \"name\": \"F1E85717.pdf\", \"path\": \"oc/22/pwDS8oZjY2i2UTJ5xxRonokpBxef6EeVeijaDiVh.pdf\", \"size\": 252639}','2026-01-12 23:08:33','2026-01-12 23:08:33'),(79,23,9,'attachment_added','{\"mime\": \"application/pdf\", \"name\": \"F1E85720.pdf\", \"path\": \"oc/23/DKBZ7e1xYDAlKfWVqKlvqWnFkyJfIeNcUjKBRkMU.pdf\", \"size\": 252827}','2026-01-12 23:09:58','2026-01-12 23:09:58'),(80,21,10,'attachment_added','{\"mime\": \"application/pdf\", \"name\": \"COMERCIALIZADORA.SANITARIA.OC.EE-6735.26.pdf\", \"path\": \"oc/21/Jqs7r7Fp1sO4oXQ7hqVHrvRAVnMFrOtYDVPzgXwy.pdf\", \"size\": 142715}','2026-01-12 23:44:29','2026-01-12 23:44:29'),(81,21,10,'recepcion_changed','{\"to\": \"recibido\", \"from\": \"sin_recepcion\"}','2026-01-12 23:45:41','2026-01-12 23:45:41'),(82,16,10,'attachment_added','{\"mime\": \"application/pdf\", \"name\": \"BDH BATERIAS FAC 21266.2026 OC.6730.pdf\", \"path\": \"oc/16/6t3I9ceTokYadA81UjNgBnj4wLxfgvxAN9FLIlZY.pdf\", \"size\": 1168720}','2026-01-12 23:46:20','2026-01-12 23:46:20'),(83,16,10,'recepcion_changed','{\"to\": \"recibido\", \"from\": \"sin_recepcion\"}','2026-01-12 23:46:29','2026-01-12 23:46:29'),(84,20,10,'attachment_added','{\"mime\": \"application/pdf\", \"name\": \"TONRILLOS Y MANGUERAS.O.C.6334.26.pdf\", \"path\": \"oc/20/4Vi9l1WZCrKikrSNmMoxWOtbPvRXY8CUPREl3T08.pdf\", \"size\": 149934}','2026-01-12 23:47:11','2026-01-12 23:47:11'),(85,20,10,'recepcion_changed','{\"to\": \"recibido\", \"from\": \"sin_recepcion\"}','2026-01-12 23:47:18','2026-01-12 23:47:18'),(86,8,10,'attachment_added','{\"mime\": \"application/pdf\", \"name\": \"GONZALES R AUTO OC..EE-6722.26.pdf\", \"path\": \"oc/8/5mBHeP50K66iRwGV0fTUckq66Encw5MagEPfcIkv.pdf\", \"size\": 185153}','2026-01-12 23:48:20','2026-01-12 23:48:20'),(87,8,10,'recepcion_changed','{\"to\": \"recibido\", \"from\": \"sin_recepcion\"}','2026-01-12 23:48:26','2026-01-12 23:48:26'),(88,32,10,'created','{\"iva\": 254.5472, \"fecha\": \"2026-01-12\", \"items\": [{\"id\": 81, \"um\": \"F9320\", \"nota\": null, \"moneda\": \"MXN\", \"precio\": \"500.0000\", \"importe\": \"1000.0000\", \"cantidad\": \"2.000\", \"concepto\": \"PAPEL IHG DALIA 200 MTS HD\"}, {\"id\": 82, \"um\": \"F3800\", \"nota\": null, \"moneda\": \"MXN\", \"precio\": \"590.9200\", \"importe\": \"590.9200\", \"cantidad\": \"1.000\", \"concepto\": \"TOALLA INTER TI250 BLANCA\"}], \"notas\": \"MATERIAL DE LIMPIEZA OFICINA SAHUARO\", \"total\": \"1845.47\", \"estado\": \"abierta\", \"subtotal\": 1590.92, \"proveedor\": \"Comercializadora Sanitaria\", \"descripcion\": \"material de limpieza oficina\", \"solicitante\": \"Eugenio Encinas Galaz\", \"numero_orden\": \"EE-6746\", \"iva_porcentaje\": 16}','2026-01-13 00:06:18','2026-01-13 00:06:18'),(89,12,11,'recepcion_changed','{\"to\": \"recibido\", \"from\": \"sin_recepcion\"}','2026-01-13 00:13:48','2026-01-13 00:13:48'),(90,33,10,'created','{\"iva\": 422.0688, \"fecha\": \"2026-01-13\", \"items\": [{\"id\": 83, \"um\": \"PZA\", \"nota\": null, \"moneda\": \"MXN\", \"precio\": \"2637.9300\", \"importe\": \"2637.9300\", \"cantidad\": \"1.000\", \"concepto\": \"LLANTA LT245/75/R16 SUMAXX ALLTERRAIN CARGA\"}], \"notas\": \"VAN EXPRESS 2017\\r\\nPLCAS  WDP-143B\\r\\nKILOMET:  204102\", \"total\": \"3060.00\", \"estado\": \"abierta\", \"subtotal\": 2637.93, \"proveedor\": \"Joseline Nido Garcia\", \"descripcion\": \"LLANTAS DE VAN EXPRESS 2017\", \"solicitante\": \"Isidro Encinas Quijada\", \"numero_orden\": \"EE-6747\", \"iva_porcentaje\": 16}','2026-01-13 16:48:26','2026-01-13 16:48:26'),(91,27,6,'attachment_added','{\"mime\": \"application/pdf\", \"name\": \"2866.pdf\", \"path\": \"oc/27/HCOToUkZ2j10JQ2xDFBo3WZIPQeo6N1TrhpjS6xx.pdf\", \"size\": 51885}','2026-01-13 16:50:04','2026-01-13 16:50:04'),(92,27,6,'recepcion_changed','{\"to\": \"recibido\", \"from\": \"sin_recepcion\"}','2026-01-13 16:50:22','2026-01-13 16:50:22'),(93,17,6,'recepcion_changed','{\"to\": \"recibido\", \"from\": \"sin_recepcion\"}','2026-01-13 16:50:38','2026-01-13 16:50:38'),(94,34,10,'created','{\"iva\": 944, \"fecha\": \"2026-01-13\", \"items\": [{\"id\": 84, \"um\": \"pza\", \"nota\": null, \"moneda\": \"MXN\", \"precio\": \"4500.0000\", \"importe\": \"4500.0000\", \"cantidad\": \"1.000\", \"concepto\": \"bomba de gasolina con servicio de instalacion\"}, {\"id\": 85, \"um\": \"pza\", \"nota\": null, \"moneda\": \"MXN\", \"precio\": \"250.0000\", \"importe\": \"1000.0000\", \"cantidad\": \"4.000\", \"concepto\": \"bujias\"}, {\"id\": 86, \"um\": \"pza\", \"nota\": null, \"moneda\": \"MXN\", \"precio\": \"400.0000\", \"importe\": \"400.0000\", \"cantidad\": \"1.000\", \"concepto\": \"filtro de gasolina con servicio de instalacion\"}], \"notas\": \"toyota 2020\\r\\nplc  VE-45871\\r\\nKILOMET  240135\", \"total\": \"6844.00\", \"estado\": \"abierta\", \"subtotal\": 5900, \"proveedor\": \"Jorge Alfonso Gamez Felix\", \"descripcion\": \"reparacion de falla de motor toyota hilux 2020\", \"solicitante\": \"Eugenio Encinas Galaz\", \"numero_orden\": \"EE-6748\", \"iva_porcentaje\": 16}','2026-01-13 17:01:26','2026-01-13 17:01:26'),(95,35,10,'created','{\"iva\": 482.8448, \"fecha\": \"2026-01-13\", \"items\": [{\"id\": 87, \"um\": \"PZA\", \"nota\": null, \"moneda\": \"MXN\", \"precio\": \"1853.4000\", \"importe\": \"1853.4000\", \"cantidad\": \"1.000\", \"concepto\": \"BALATAS DELANTERAS Y HERRAJES\"}, {\"id\": 88, \"um\": \"SV\", \"nota\": null, \"moneda\": \"MXN\", \"precio\": \"1164.3800\", \"importe\": \"1164.3800\", \"cantidad\": \"1.000\", \"concepto\": \"SERVICIO DE CAMBIO DE ACEITE Y FILTRO MOTOR\"}], \"notas\": \"CHEVROLET 2015\\r\\nPLACAS VE-19688\\r\\nKILOMETR  313773\", \"total\": \"3500.62\", \"estado\": \"abierta\", \"subtotal\": 3017.78, \"proveedor\": \"Melina Valenzuela Rodriguez\", \"descripcion\": \"FRENOS CHEVROLET 2015 MEXICALI\", \"solicitante\": \"Eugenio Encinas Galaz\", \"numero_orden\": \"EE-6749\", \"iva_porcentaje\": 16}','2026-01-13 17:47:01','2026-01-13 17:47:01'),(96,36,9,'created','{\"iva\": 1645.7856, \"fecha\": \"2026-01-13\", \"items\": [{\"id\": 89, \"um\": \"PZ\", \"nota\": null, \"moneda\": \"MXN\", \"precio\": \"5528.1600\", \"importe\": \"5528.1600\", \"cantidad\": \"1.000\", \"concepto\": \"DWFP55126 COMPRESOR 6 GAL 1 ETAPA LIBRE DE ACEITE 1.5 HP\"}, {\"id\": 90, \"um\": \"PZ\", \"nota\": null, \"moneda\": \"MXN\", \"precio\": \"4758.0000\", \"importe\": \"4758.0000\", \"cantidad\": \"1.000\", \"concepto\": \"DWP849X-B3 PULIDORA LIJADORA AUTOMOTRIZ 7\\\"-9\\\" 0-3000 RPM\"}], \"notas\": \"FAVOR DE ENVIAR LA FACTURA AL SIGUIENTE CORREO jose.franco@reprosisa.com.mx\", \"total\": \"11931.95\", \"estado\": \"abierta\", \"subtotal\": 10286.16, \"proveedor\": \"Servi Equipos Soldadura\", \"descripcion\": \"Herramienta a cambio de la herradura pulidor y compresor\", \"solicitante\": \"José Uriel Franco Zazueta\", \"numero_orden\": \"UF-6750\", \"iva_porcentaje\": 16}','2026-01-13 18:54:18','2026-01-13 18:54:18'),(97,37,11,'created','{\"iva\": 331.03360000000004, \"fecha\": \"2026-01-13\", \"items\": [{\"id\": 91, \"um\": \"Pieza\", \"nota\": null, \"moneda\": \"MXN\", \"precio\": \"887.9300\", \"importe\": \"1775.8600\", \"cantidad\": \"2.000\", \"concepto\": \"Galon de pintura\"}, {\"id\": 92, \"um\": \"Pieza\", \"nota\": null, \"moneda\": \"MXN\", \"precio\": \"146.5500\", \"importe\": \"293.1000\", \"cantidad\": \"2.000\", \"concepto\": \"Thinner 100\"}], \"notas\": \"Pintura para placas y tuberia.\", \"total\": \"2399.99\", \"estado\": \"abierta\", \"subtotal\": 2068.96, \"proveedor\": \"Alida Lucia Vargas Alvarez\", \"descripcion\": null, \"solicitante\": \"Vicente Antonio Jiménez Rodríguez\", \"numero_orden\": \"VJ-6751\", \"iva_porcentaje\": 16}','2026-01-13 19:36:56','2026-01-13 19:36:56'),(98,38,10,'created','{\"iva\": 611.0352, \"fecha\": \"2026-01-13\", \"items\": [{\"id\": 93, \"um\": \"PZA\", \"nota\": null, \"moneda\": \"MXN\", \"precio\": \"3818.9700\", \"importe\": \"3818.9700\", \"cantidad\": \"1.000\", \"concepto\": \"ACUMULADOR LTH H-34/78\"}], \"notas\": \"VAN EXPRESS 2017\\r\\nWDP-143B\\r\\nKILOMT 204080\", \"total\": \"4430.01\", \"estado\": \"abierta\", \"subtotal\": 3818.97, \"proveedor\": \"BDH Baterias Distribuciones Hermosillo\", \"descripcion\": \"VAN EXPRESS 2017\", \"solicitante\": \"Eugenio Encinas Galaz\", \"numero_orden\": \"EE-6752\", \"iva_porcentaje\": 16}','2026-01-13 22:46:19','2026-01-13 22:46:19'),(99,39,6,'created','{\"iva\": 286.9344, \"fecha\": \"2026-01-14\", \"items\": [{\"id\": 94, \"um\": \"pz\", \"nota\": null, \"moneda\": \"MXN\", \"precio\": \"99.6300\", \"importe\": \"1793.3400\", \"cantidad\": \"18.000\", \"concepto\": \"10-079 NAVAJA RETRACTIL STANLEY 10079 METALICA\"}], \"notas\": null, \"total\": \"2080.27\", \"estado\": \"abierta\", \"subtotal\": 1793.34, \"proveedor\": \"Servi Equipos Soldadura\", \"descripcion\": \"Navajas retráctil consumo\", \"solicitante\": \"Luz Haydee Valenzuela Encinas\", \"numero_orden\": \"LV-6753\", \"iva_porcentaje\": 16}','2026-01-14 15:57:35','2026-01-14 15:57:35'),(100,33,10,'attachment_added','{\"mime\": \"application/pdf\", \"name\": \"JOSELINE NIDO GARCIA O.C EE-6747.26.pdf\", \"path\": \"oc/33/T7WJeYOxqNyTs4UV6I7MZWGzMaiJsHtdvFvXuGCC.pdf\", \"size\": 528281}','2026-01-14 16:19:23','2026-01-14 16:19:23'),(101,33,10,'recepcion_changed','{\"to\": \"recibido\", \"from\": \"sin_recepcion\"}','2026-01-14 16:20:01','2026-01-14 16:20:01'),(102,40,13,'created','{\"iva\": 331.03360000000004, \"fecha\": \"2026-01-14\", \"items\": [{\"id\": 95, \"um\": \"GALON\", \"nota\": null, \"moneda\": \"MXN\", \"precio\": \"887.9300\", \"importe\": \"887.9300\", \"cantidad\": \"1.000\", \"concepto\": \"PINTURA CAFE CARIDAD\"}, {\"id\": 96, \"um\": \"GALON\", \"nota\": null, \"moneda\": \"MXN\", \"precio\": \"887.9300\", \"importe\": \"887.9300\", \"cantidad\": \"1.000\", \"concepto\": \"PINTURA GRIS REPROSISA\"}, {\"id\": 97, \"um\": \"GALON\", \"nota\": null, \"moneda\": \"MXN\", \"precio\": \"146.5500\", \"importe\": \"293.1000\", \"cantidad\": \"2.000\", \"concepto\": \"TINNER ESTANDAR\"}], \"notas\": null, \"total\": \"2399.99\", \"estado\": \"abierta\", \"subtotal\": 2068.96, \"proveedor\": \"Alida Lucia Vargas Alvarez\", \"descripcion\": \"PINTURA PARA CICLON Y PINTURA PARA PORTA CLIPS\", \"solicitante\": \"Isidro Encinas Quijada\", \"numero_orden\": \"IE-6754\", \"iva_porcentaje\": 16}','2026-01-14 17:30:24','2026-01-14 17:30:24'),(103,41,6,'created','{\"iva\": 4453.76, \"fecha\": \"2026-01-14\", \"items\": [{\"id\": 98, \"um\": \"pz\", \"nota\": null, \"moneda\": \"MXN\", \"precio\": \"1378.0000\", \"importe\": \"27560.0000\", \"cantidad\": \"20.000\", \"concepto\": \"Adhesivo Instantáneo AI01 KIT, 500g\"}, {\"id\": 99, \"um\": \"srv\", \"nota\": null, \"moneda\": \"MXN\", \"precio\": \"276.0000\", \"importe\": \"276.0000\", \"cantidad\": \"1.000\", \"concepto\": \"Cargo por envío por paquetería\"}], \"notas\": null, \"total\": \"32289.76\", \"estado\": \"abierta\", \"subtotal\": 27836, \"proveedor\": \"Xinova, S.A. de C.V.\", \"descripcion\": \"pegamento para elaborar faldon\", \"solicitante\": \"Luz Haydee Valenzuela Encinas\", \"numero_orden\": \"LV-6755\", \"iva_porcentaje\": 16}','2026-01-14 21:51:54','2026-01-14 21:51:54'),(104,39,6,'recepcion_changed','{\"to\": \"recibido\", \"from\": \"sin_recepcion\"}','2026-01-14 21:56:20','2026-01-14 21:56:20'),(105,36,9,'attachment_added','{\"mime\": \"application/pdf\", \"name\": \"F1E85766.pdf\", \"path\": \"oc/36/COYBejIaSqUGQ9P0UMcEGFWouvaFzuxeH5xjVJ0x.pdf\", \"size\": 253412}','2026-01-14 22:04:37','2026-01-14 22:04:37'),(106,30,1,'item_updated','{\"id\": 76, \"changes\": {\"total\": {\"to\": 1260.05, \"from\": \"1276.0000\"}, \"precio\": {\"to\": 1100, \"from\": \"1100.0000\"}, \"importe\": {\"to\": 1100, \"from\": \"1100.0000\"}, \"iva_pct\": {\"to\": 16, \"from\": \"16.00\"}, \"cantidad\": {\"to\": 1, \"from\": \"1.000\"}, \"subtotal\": {\"to\": 1100, \"from\": \"1100.0000\"}, \"iva_monto\": {\"to\": 176, \"from\": \"176.0000\"}}, \"concepto\": \"BALATAS TRASERAS\"}','2026-01-14 23:21:15','2026-01-14 23:21:15'),(107,30,1,'item_updated','{\"id\": 77, \"changes\": {\"total\": {\"to\": 458.2, \"from\": \"464.0000\"}, \"precio\": {\"to\": 400, \"from\": \"400.0000\"}, \"importe\": {\"to\": 400, \"from\": \"400.0000\"}, \"iva_pct\": {\"to\": 16, \"from\": \"16.00\"}, \"cantidad\": {\"to\": 1, \"from\": \"1.000\"}, \"subtotal\": {\"to\": 400, \"from\": \"400.0000\"}, \"iva_monto\": {\"to\": 64, \"from\": \"64.0000\"}}, \"concepto\": \"TORNO DE DISCO\"}','2026-01-14 23:21:15','2026-01-14 23:21:15'),(108,30,1,'item_updated','{\"id\": 78, \"changes\": {\"total\": {\"to\": 1718.25, \"from\": \"1740.0000\"}, \"precio\": {\"to\": 1500, \"from\": \"1500.0000\"}, \"importe\": {\"to\": 1500, \"from\": \"1500.0000\"}, \"iva_pct\": {\"to\": 16, \"from\": \"16.00\"}, \"cantidad\": {\"to\": 1, \"from\": \"1.000\"}, \"subtotal\": {\"to\": 1500, \"from\": \"1500.0000\"}, \"iva_monto\": {\"to\": 240, \"from\": \"240.0000\"}}, \"concepto\": \"PROGAMACION\"}','2026-01-14 23:21:15','2026-01-14 23:21:15'),(109,30,1,'updated','{\"monto\": {\"to\": \"3436.50\", \"from\": \"3480.00\"}}','2026-01-14 23:21:15','2026-01-14 23:21:15'),(110,31,1,'item_updated','{\"id\": 79, \"changes\": {\"total\": {\"to\": 916.4, \"from\": \"928.0000\"}, \"precio\": {\"to\": 800, \"from\": \"800.0000\"}, \"importe\": {\"to\": 800, \"from\": \"800.0000\"}, \"iva_pct\": {\"to\": 16, \"from\": \"16.00\"}, \"cantidad\": {\"to\": 1, \"from\": \"1.000\"}, \"subtotal\": {\"to\": 800, \"from\": \"800.0000\"}, \"iva_monto\": {\"to\": 128, \"from\": \"128.0000\"}}, \"concepto\": \"TORNO DE DISCO\"}','2026-01-14 23:22:01','2026-01-14 23:22:01'),(111,31,1,'item_updated','{\"id\": 80, \"changes\": {\"total\": {\"to\": 1603.7, \"from\": \"1624.0000\"}, \"precio\": {\"to\": 1400, \"from\": \"1400.0000\"}, \"importe\": {\"to\": 1400, \"from\": \"1400.0000\"}, \"iva_pct\": {\"to\": 16, \"from\": \"16.00\"}, \"cantidad\": {\"to\": 1, \"from\": \"1.000\"}, \"subtotal\": {\"to\": 1400, \"from\": \"1400.0000\"}, \"iva_monto\": {\"to\": 224, \"from\": \"224.0000\"}}, \"concepto\": \"MANO DE OBRA\"}','2026-01-14 23:22:01','2026-01-14 23:22:01'),(112,31,1,'updated','{\"monto\": {\"to\": \"2520.10\", \"from\": \"2552.00\"}}','2026-01-14 23:22:01','2026-01-14 23:22:01'),(113,29,1,'item_updated','{\"id\": 72, \"changes\": {\"total\": {\"to\": 2061.9, \"from\": \"2088.0000\"}, \"precio\": {\"to\": 1800, \"from\": \"1800.0000\"}, \"importe\": {\"to\": 1800, \"from\": \"1800.0000\"}, \"iva_pct\": {\"to\": 16, \"from\": \"16.00\"}, \"cantidad\": {\"to\": 1, \"from\": \"1.000\"}, \"subtotal\": {\"to\": 1800, \"from\": \"1800.0000\"}, \"iva_monto\": {\"to\": 288, \"from\": \"288.0000\"}}, \"concepto\": \"BALATAS DELANTERAS\"}','2026-01-14 23:22:45','2026-01-14 23:22:45'),(114,29,1,'item_updated','{\"id\": 73, \"changes\": {\"total\": {\"to\": 1947.35, \"from\": \"1972.0000\"}, \"precio\": {\"to\": 1700, \"from\": \"1700.0000\"}, \"importe\": {\"to\": 1700, \"from\": \"1700.0000\"}, \"iva_pct\": {\"to\": 16, \"from\": \"16.00\"}, \"cantidad\": {\"to\": 1, \"from\": \"1.000\"}, \"subtotal\": {\"to\": 1700, \"from\": \"1700.0000\"}, \"iva_monto\": {\"to\": 272, \"from\": \"272.0000\"}}, \"concepto\": \"BALATAS TRACERAS\"}','2026-01-14 23:22:45','2026-01-14 23:22:45'),(115,29,1,'item_updated','{\"id\": 74, \"changes\": {\"total\": {\"to\": 916.4, \"from\": \"928.0000\"}, \"precio\": {\"to\": 800, \"from\": \"800.0000\"}, \"importe\": {\"to\": 800, \"from\": \"800.0000\"}, \"iva_pct\": {\"to\": 16, \"from\": \"16.00\"}, \"cantidad\": {\"to\": 1, \"from\": \"1.000\"}, \"subtotal\": {\"to\": 800, \"from\": \"800.0000\"}, \"iva_monto\": {\"to\": 128, \"from\": \"128.0000\"}}, \"concepto\": \"TORNO DE DISCO\"}','2026-01-14 23:22:45','2026-01-14 23:22:45'),(116,29,1,'item_updated','{\"id\": 75, \"changes\": {\"total\": {\"to\": 2749.2, \"from\": \"2784.0000\"}, \"precio\": {\"to\": 2400, \"from\": \"2400.0000\"}, \"importe\": {\"to\": 2400, \"from\": \"2400.0000\"}, \"iva_pct\": {\"to\": 16, \"from\": \"16.00\"}, \"cantidad\": {\"to\": 1, \"from\": \"1.000\"}, \"subtotal\": {\"to\": 2400, \"from\": \"2400.0000\"}, \"iva_monto\": {\"to\": 384, \"from\": \"384.0000\"}}, \"concepto\": \"MANO DE OBRA\"}','2026-01-14 23:22:45','2026-01-14 23:22:45'),(117,29,1,'updated','{\"monto\": {\"to\": \"7674.85\", \"from\": \"7772.00\"}}','2026-01-14 23:22:45','2026-01-14 23:22:45'),(118,34,10,'attachment_added','{\"mime\": \"application/pdf\", \"name\": \"JORGE ALFONSO GAMEZ F O.C.EE-6748.pdf\", \"path\": \"oc/34/l7BVXWISbV32UbIbvvpybxo4SHdWHRVPhTGGH2BX.pdf\", \"size\": 45705}','2026-01-15 15:55:25','2026-01-15 15:55:25'),(119,34,10,'recepcion_changed','{\"to\": \"recibido\", \"from\": \"sin_recepcion\"}','2026-01-15 15:55:47','2026-01-15 15:55:47'),(120,42,10,'created','{\"iva\": 379.3104, \"fecha\": \"2026-01-15\", \"items\": [{\"id\": 100, \"um\": \"pza\", \"nota\": null, \"moneda\": \"MXN\", \"precio\": \"199.3500\", \"importe\": \"1594.8000\", \"cantidad\": \"8.000\", \"concepto\": \"CASTRO DEL LITRO\"}, {\"id\": 101, \"um\": \"PZA\", \"nota\": null, \"moneda\": \"MXN\", \"precio\": \"86.2400\", \"importe\": \"86.2400\", \"cantidad\": \"1.000\", \"concepto\": \"FILTRO DE ACEITE\"}, {\"id\": 102, \"um\": \"PZA\", \"nota\": null, \"moneda\": \"MXN\", \"precio\": \"387.9300\", \"importe\": \"387.9300\", \"cantidad\": \"1.000\", \"concepto\": \"GA348 FILTRO AIRE\"}, {\"id\": 103, \"um\": \"PZA\", \"nota\": null, \"moneda\": \"MXN\", \"precio\": \"301.7200\", \"importe\": \"301.7200\", \"cantidad\": \"1.000\", \"concepto\": \"FILTRO DE AIRE DE CABINA\"}], \"notas\": \"CHEVROLET 2022\\r\\nPLC  UM-2456A\\r\\nKL    176733\", \"total\": \"2750.00\", \"estado\": \"abierta\", \"subtotal\": 2370.6899999999996, \"proveedor\": \"Tannolub Servicios y Refacciones\", \"descripcion\": \"servicio de cambio aceite chevroelt 2022 rojo\", \"solicitante\": \"Eugenio Encinas Galaz\", \"numero_orden\": \"EE-6756\", \"iva_porcentaje\": 16}','2026-01-15 16:03:15','2026-01-15 16:03:15'),(121,43,12,'created','{\"iva\": 600, \"fecha\": \"2026-01-15\", \"items\": [{\"id\": 104, \"um\": \"pz\", \"nota\": null, \"moneda\": \"MXN\", \"precio\": \"62.5000\", \"importe\": \"3750.0000\", \"cantidad\": \"60.000\", \"concepto\": \"TUBO LED 18W T8 C/ PIN\"}], \"notas\": null, \"total\": \"4350.00\", \"estado\": \"abierta\", \"subtotal\": 3750, \"proveedor\": \"Ferreteras Partida\", \"descripcion\": \"tubos de led para lamparas\", \"solicitante\": \"Luis Alberto Palma Noriega\", \"numero_orden\": \"LP-6757\", \"iva_porcentaje\": 16}','2026-01-15 16:04:12','2026-01-15 16:04:12'),(122,44,10,'created','{\"iva\": 158.4, \"fecha\": \"2026-01-15\", \"items\": [{\"id\": 105, \"um\": \"SV\", \"nota\": null, \"moneda\": \"MXN\", \"precio\": \"87.5000\", \"importe\": \"350.0000\", \"cantidad\": \"4.000\", \"concepto\": \"SERVICIO DE BALANCEO\"}, {\"id\": 106, \"um\": \"SV\", \"nota\": null, \"moneda\": \"MXN\", \"precio\": \"80.0000\", \"importe\": \"320.0000\", \"cantidad\": \"4.000\", \"concepto\": \"SERVICIO DE MONTAJE\"}, {\"id\": 107, \"um\": \"SV\", \"nota\": null, \"moneda\": \"MXN\", \"precio\": \"320.0000\", \"importe\": \"320.0000\", \"cantidad\": \"1.000\", \"concepto\": \"SERVICIO Y LIMPIEZA DE FRENOS\"}], \"notas\": \"CHEVROLET 2010\\r\\nPLC  VB-85135\\r\\nKL   534334\", \"total\": \"1148.40\", \"estado\": \"abierta\", \"subtotal\": 990, \"proveedor\": \"Edith Longoria Villareal\", \"descripcion\": \"ROTACION DE LLANTAS CHEVROLET 2010\", \"solicitante\": \"Eugenio Encinas Galaz\", \"numero_orden\": \"EE-6758\", \"iva_porcentaje\": 16}','2026-01-15 16:22:06','2026-01-15 16:22:06'),(123,44,1,'item_updated','{\"id\": 105, \"changes\": {\"total\": {\"to\": 401.625, \"from\": \"406.0000\"}, \"precio\": {\"to\": 87.5, \"from\": \"87.5000\"}, \"importe\": {\"to\": 350, \"from\": \"350.0000\"}, \"iva_pct\": {\"to\": 16, \"from\": \"16.00\"}, \"cantidad\": {\"to\": 4, \"from\": \"4.000\"}, \"subtotal\": {\"to\": 350, \"from\": \"350.0000\"}, \"iva_monto\": {\"to\": 56, \"from\": \"56.0000\"}}, \"concepto\": \"SERVICIO DE BALANCEO\"}','2026-01-15 16:29:00','2026-01-15 16:29:00'),(124,44,1,'item_updated','{\"id\": 106, \"changes\": {\"total\": {\"to\": 367.2, \"from\": \"371.2000\"}, \"precio\": {\"to\": 80, \"from\": \"80.0000\"}, \"importe\": {\"to\": 320, \"from\": \"320.0000\"}, \"iva_pct\": {\"to\": 16, \"from\": \"16.00\"}, \"cantidad\": {\"to\": 4, \"from\": \"4.000\"}, \"subtotal\": {\"to\": 320, \"from\": \"320.0000\"}, \"iva_monto\": {\"to\": 51.2, \"from\": \"51.2000\"}}, \"concepto\": \"SERVICIO DE MONTAJE\"}','2026-01-15 16:29:00','2026-01-15 16:29:00'),(125,44,1,'item_updated','{\"id\": 107, \"changes\": {\"total\": {\"to\": 367.2, \"from\": \"371.2000\"}, \"precio\": {\"to\": 320, \"from\": \"320.0000\"}, \"importe\": {\"to\": 320, \"from\": \"320.0000\"}, \"iva_pct\": {\"to\": 16, \"from\": \"16.00\"}, \"cantidad\": {\"to\": 1, \"from\": \"1.000\"}, \"subtotal\": {\"to\": 320, \"from\": \"320.0000\"}, \"iva_monto\": {\"to\": 51.2, \"from\": \"51.2000\"}}, \"concepto\": \"SERVICIO Y LIMPIEZA DE FRENOS\"}','2026-01-15 16:29:00','2026-01-15 16:29:00'),(126,44,1,'updated','{\"monto\": {\"to\": \"1136.03\", \"from\": \"1148.40\"}}','2026-01-15 16:29:00','2026-01-15 16:29:00'),(127,13,12,'attachment_added','{\"mime\": \"application/pdf\", \"name\": \"FPA920817376_Factura_VMS1621_20260107 (002).pdf\", \"path\": \"oc/13/6g4kywK1HfIJL68ZmsGh1ly3g1crREW1qBm2n2gk.pdf\", \"size\": 31376}','2026-01-15 16:29:20','2026-01-15 16:29:20'),(128,14,12,'attachment_added','{\"mime\": \"application/pdf\", \"name\": \"FCG074901.pdf\", \"path\": \"oc/14/HWl3aPIJoGujgGLcb2w2nyKBjBE6jALueTHI2ulX.pdf\", \"size\": 109372}','2026-01-15 16:31:33','2026-01-15 16:31:33'),(129,13,12,'recepcion_changed','{\"to\": \"recibido\", \"from\": \"sin_recepcion\"}','2026-01-15 16:32:56','2026-01-15 16:32:56'),(130,14,12,'recepcion_changed','{\"to\": \"recibido\", \"from\": \"sin_recepcion\"}','2026-01-15 16:33:00','2026-01-15 16:33:00'),(131,45,11,'created','{\"iva\": 322.2271999999999, \"fecha\": \"2026-01-15\", \"items\": [{\"id\": 108, \"um\": \"Pieza\", \"nota\": null, \"moneda\": \"MXN\", \"precio\": \"116.3900\", \"importe\": \"698.3400\", \"cantidad\": \"6.000\", \"concepto\": \"Pegamento no mas clavos\"}, {\"id\": 109, \"um\": \"Pieza\", \"nota\": null, \"moneda\": \"MXN\", \"precio\": \"480.9000\", \"importe\": \"480.9000\", \"cantidad\": \"1.000\", \"concepto\": \"LLanta imponchable 16 para carretilla\"}, {\"id\": 110, \"um\": \"Pieza\", \"nota\": null, \"moneda\": \"MXN\", \"precio\": \"168.1000\", \"importe\": \"336.2000\", \"cantidad\": \"2.000\", \"concepto\": \"Llanta diablo completa\"}, {\"id\": 111, \"um\": \"Pieza\", \"nota\": null, \"moneda\": \"MXN\", \"precio\": \"114.9300\", \"importe\": \"114.9300\", \"cantidad\": \"1.000\", \"concepto\": \"Pistola esqueleto p/silicon\"}, {\"id\": 112, \"um\": \"Pieza\", \"nota\": null, \"moneda\": \"MXN\", \"precio\": \"62.7300\", \"importe\": \"62.7300\", \"cantidad\": \"1.000\", \"concepto\": \"Avellanador hss cambio rapodo\"}, {\"id\": 113, \"um\": \"Pieza\", \"nota\": null, \"moneda\": \"MXN\", \"precio\": \"1.1500\", \"importe\": \"34.5000\", \"cantidad\": \"30.000\", \"concepto\": \"Pija plana  12x2\"}, {\"id\": 114, \"um\": \"kilo\", \"nota\": null, \"moneda\": \"MXN\", \"precio\": \"95.4400\", \"importe\": \"286.3200\", \"cantidad\": \"3.000\", \"concepto\": \"Soldadura 6011 3/32\"}], \"notas\": \"Material de consumo y llantas p/carretilla y diablo\", \"total\": \"2336.15\", \"estado\": \"abierta\", \"subtotal\": 2013.92, \"proveedor\": \"Firma Comercializadora del Norte FCN\", \"descripcion\": \"Material p/ consumo de taller y llantas de carretilla y diablo.\", \"solicitante\": \"Vicente Antonio Jiménez Rodríguez\", \"numero_orden\": \"VJ-6759\", \"iva_porcentaje\": 16}','2026-01-15 17:33:20','2026-01-15 17:33:20'),(132,6,12,'attachment_added','{\"mime\": \"application/pdf\", \"name\": \"7e8115f2-fd94-461c-bff9-aa3b7b524fe8.pdf\", \"path\": \"oc/6/khaP84VuIuPT1pJeHDPRAejnyEUvRrfYv4fdy4rU.pdf\", \"size\": 45931}','2026-01-15 18:39:11','2026-01-15 18:39:11'),(133,46,10,'created','{\"iva\": 159.2592, \"fecha\": \"2026-01-15\", \"items\": [{\"id\": 115, \"um\": \"PZA\", \"nota\": null, \"moneda\": \"MXN\", \"precio\": \"379.6300\", \"importe\": \"379.6300\", \"cantidad\": \"1.000\", \"concepto\": \"CRUCETA CARDAL\"}, {\"id\": 116, \"um\": \"PZA\", \"nota\": null, \"moneda\": \"MXN\", \"precio\": \"1611.1100\", \"importe\": \"1611.1100\", \"cantidad\": \"1.000\", \"concepto\": \"SOPORTE TRANSMISION\"}], \"notas\": \"TOYOTA HILUX 2020\\r\\nPLC   VE-45871\\r\\nKL 240640\", \"total\": \"2150.00\", \"estado\": \"abierta\", \"subtotal\": 1990.74, \"proveedor\": \"Alex y Cia\", \"descripcion\": \"TOYOTA HILUX 2020 CANANEA\", \"solicitante\": \"Eugenio Encinas Galaz\", \"numero_orden\": \"EE-6760\", \"iva_porcentaje\": 8}','2026-01-15 23:25:51','2026-01-15 23:25:51'),(134,44,1,'item_updated','{\"id\": 105, \"changes\": {\"total\": {\"to\": 401.625, \"from\": \"401.6250\"}, \"precio\": {\"to\": 87.5, \"from\": \"87.5000\"}, \"importe\": {\"to\": 350, \"from\": \"350.0000\"}, \"iva_pct\": {\"to\": 16, \"from\": \"16.00\"}, \"cantidad\": {\"to\": 4, \"from\": \"4.000\"}, \"subtotal\": {\"to\": 350, \"from\": \"350.0000\"}, \"iva_monto\": {\"to\": 56, \"from\": \"56.0000\"}}, \"concepto\": \"SERVICIO DE BALANCEO\"}','2026-01-16 18:08:51','2026-01-16 18:08:51'),(135,44,1,'item_updated','{\"id\": 106, \"changes\": {\"total\": {\"to\": 367.2, \"from\": \"367.2000\"}, \"precio\": {\"to\": 80, \"from\": \"80.0000\"}, \"importe\": {\"to\": 320, \"from\": \"320.0000\"}, \"iva_pct\": {\"to\": 16, \"from\": \"16.00\"}, \"cantidad\": {\"to\": 4, \"from\": \"4.000\"}, \"subtotal\": {\"to\": 320, \"from\": \"320.0000\"}, \"iva_monto\": {\"to\": 51.2, \"from\": \"51.2000\"}}, \"concepto\": \"SERVICIO DE MONTAJE\"}','2026-01-16 18:08:51','2026-01-16 18:08:51'),(136,44,1,'item_updated','{\"id\": 107, \"changes\": {\"total\": {\"to\": 367.2, \"from\": \"367.2000\"}, \"precio\": {\"to\": 320, \"from\": \"320.0000\"}, \"importe\": {\"to\": 320, \"from\": \"320.0000\"}, \"iva_pct\": {\"to\": 16, \"from\": \"16.00\"}, \"cantidad\": {\"to\": 1, \"from\": \"1.000\"}, \"subtotal\": {\"to\": 320, \"from\": \"320.0000\"}, \"iva_monto\": {\"to\": 51.2, \"from\": \"51.2000\"}}, \"concepto\": \"SERVICIO Y LIMPIEZA DE FRENOS\"}','2026-01-16 18:08:51','2026-01-16 18:08:51'),(137,47,12,'created','{\"iva\": 192.9198, \"fecha\": \"2026-01-16\", \"items\": [{\"id\": 117, \"um\": \"pz\", \"nota\": null, \"moneda\": \"MXN\", \"precio\": \"1.0603\", \"importe\": \"106.0300\", \"cantidad\": \"100.000\", \"concepto\": \"TEGG-016-0050 TORNILLO ESTUFA GOTA GALV 5/32X1/2\"}, {\"id\": 118, \"um\": \"pz\", \"nota\": null, \"moneda\": \"MXN\", \"precio\": \"0.3620\", \"importe\": \"18.1000\", \"cantidad\": \"50.000\", \"concepto\": \"TULSG-016 TUERCA LIV STD GALV 5/32\"}, {\"id\": 119, \"um\": \"pz\", \"nota\": null, \"moneda\": \"MXN\", \"precio\": \"0.6723\", \"importe\": \"20.1690\", \"cantidad\": \"30.000\", \"concepto\": \"RONDANA PLANA GALV 1/4\"}, {\"id\": 120, \"um\": \"pz\", \"nota\": null, \"moneda\": \"MXN\", \"precio\": \"149.6100\", \"importe\": \"149.6100\", \"cantidad\": \"1.000\", \"concepto\": \"JUEGO 3 MACHUELOS AAC 5/32 - 32 NS\"}, {\"id\": 121, \"um\": \"pz\", \"nota\": null, \"moneda\": \"MXN\", \"precio\": \"179.8400\", \"importe\": \"719.3600\", \"cantidad\": \"4.000\", \"concepto\": \"1MD15W40 ACEITE 15W40 946ML DIESEL MOBIL\"}, {\"id\": 122, \"um\": \"pz\", \"nota\": null, \"moneda\": \"MXN\", \"precio\": \"192.4800\", \"importe\": \"192.4800\", \"cantidad\": \"1.000\", \"concepto\": \"TRU-17547 CAUTIN TIPO LAPIZ 60 WATTS - 230622\"}], \"notas\": null, \"total\": \"1398.67\", \"estado\": \"abierta\", \"subtotal\": 1205.749, \"proveedor\": \"Tornillos y Mangueras de Sonora\", \"descripcion\": \"consumibles\", \"solicitante\": \"Luis Alberto Palma Noriega\", \"numero_orden\": \"LP-6761\", \"iva_porcentaje\": 16}','2026-01-16 18:42:43','2026-01-16 18:42:43'),(138,48,9,'created','{\"iva\": 334.08, \"fecha\": \"2026-01-16\", \"items\": [{\"id\": 123, \"um\": \"PZ\", \"nota\": null, \"moneda\": \"MXN\", \"precio\": \"348.0000\", \"importe\": \"2088.0000\", \"cantidad\": \"6.000\", \"concepto\": \"3160 PIEDRA CINASA P/AFILAR 8X2X1 MOD 108\"}], \"notas\": \"Favor de enviar la factura al correo jose.franco@reprosisa.com.mx\", \"total\": \"2422.08\", \"estado\": \"abierta\", \"subtotal\": 2088, \"proveedor\": \"Servi Equipos Soldadura\", \"descripcion\": \"Piedras para consumo  taller sahuaro\", \"solicitante\": \"José Uriel Franco Zazueta\", \"numero_orden\": \"UF-6762\", \"iva_porcentaje\": 16}','2026-01-16 18:52:23','2026-01-16 18:52:23'),(139,48,9,'recepcion_changed','{\"to\": \"recibido\", \"from\": \"sin_recepcion\"}','2026-01-16 18:53:52','2026-01-16 18:53:52'),(140,36,9,'recepcion_changed','{\"to\": \"recibido\", \"from\": \"sin_recepcion\"}','2026-01-16 18:54:04','2026-01-16 18:54:04'),(141,44,1,'item_updated','{\"id\": 105, \"changes\": {\"total\": {\"to\": 401.625, \"from\": \"401.6250\"}, \"precio\": {\"to\": 87.5, \"from\": \"87.5000\"}, \"importe\": {\"to\": 350, \"from\": \"350.0000\"}, \"iva_pct\": {\"to\": 16, \"from\": \"16.00\"}, \"cantidad\": {\"to\": 4, \"from\": \"4.000\"}, \"subtotal\": {\"to\": 350, \"from\": \"350.0000\"}, \"iva_monto\": {\"to\": 56, \"from\": \"56.0000\"}}, \"concepto\": \"SERVICIO DE BALANCEO\"}','2026-01-16 18:54:09','2026-01-16 18:54:09'),(142,44,1,'item_updated','{\"id\": 106, \"changes\": {\"total\": {\"to\": 367.2, \"from\": \"367.2000\"}, \"precio\": {\"to\": 80, \"from\": \"80.0000\"}, \"importe\": {\"to\": 320, \"from\": \"320.0000\"}, \"iva_pct\": {\"to\": 16, \"from\": \"16.00\"}, \"cantidad\": {\"to\": 4, \"from\": \"4.000\"}, \"subtotal\": {\"to\": 320, \"from\": \"320.0000\"}, \"iva_monto\": {\"to\": 51.2, \"from\": \"51.2000\"}}, \"concepto\": \"SERVICIO DE MONTAJE\"}','2026-01-16 18:54:09','2026-01-16 18:54:09'),(143,44,1,'item_updated','{\"id\": 107, \"changes\": {\"total\": {\"to\": 367.2, \"from\": \"367.2000\"}, \"precio\": {\"to\": 320, \"from\": \"320.0000\"}, \"importe\": {\"to\": 320, \"from\": \"320.0000\"}, \"iva_pct\": {\"to\": 16, \"from\": \"16.00\"}, \"cantidad\": {\"to\": 1, \"from\": \"1.000\"}, \"subtotal\": {\"to\": 320, \"from\": \"320.0000\"}, \"iva_monto\": {\"to\": 51.2, \"from\": \"51.2000\"}}, \"concepto\": \"SERVICIO Y LIMPIEZA DE FRENOS\"}','2026-01-16 18:54:09','2026-01-16 18:54:09'),(144,44,1,'updated','{\"monto\": {\"to\": \"1136.02\", \"from\": \"1136.03\"}}','2026-01-16 18:54:09','2026-01-16 18:54:09'),(145,23,9,'recepcion_changed','{\"to\": \"recibido\", \"from\": \"sin_recepcion\"}','2026-01-16 18:54:12','2026-01-16 18:54:12'),(146,49,15,'created','{\"iva\": 355.2, \"fecha\": \"2026-01-16\", \"items\": [{\"id\": 124, \"um\": \"PZA\", \"nota\": null, \"moneda\": \"MXN\", \"precio\": \"740.0000\", \"importe\": \"2220.0000\", \"cantidad\": \"3.000\", \"concepto\": \"TONER NEGRO TN-1060 BROTHER\"}], \"notas\": null, \"total\": \"2575.20\", \"estado\": \"abierta\", \"subtotal\": 2220, \"proveedor\": \"Conrado Antonio Molina Durazo\", \"descripcion\": \"Toner 1060 para stock\", \"solicitante\": \"Juan Francisco Flores Maytorena\", \"numero_orden\": \"JF-6763\", \"iva_porcentaje\": 16}','2026-01-16 19:22:42','2026-01-16 19:22:42'),(147,47,12,'attachment_added','{\"mime\": \"application/pdf\", \"name\": \"FCG077047.pdf\", \"path\": \"oc/47/mkktQxVpPDLEDk0rMgtw0nd035EbsIZCehx1aNRx.pdf\", \"size\": 113760}','2026-01-16 19:45:40','2026-01-16 19:45:40'),(148,50,8,'created','{\"iva\": 2982.4, \"fecha\": \"2026-01-16\", \"items\": [{\"id\": 125, \"um\": \"estudio\", \"nota\": null, \"moneda\": \"MXN\", \"precio\": \"1800.0000\", \"importe\": \"12600.0000\", \"cantidad\": \"7.000\", \"concepto\": \"cemex-antidoping\"}, {\"id\": 126, \"um\": \"estudio\", \"nota\": null, \"moneda\": \"MXN\", \"precio\": \"480.0000\", \"importe\": \"1440.0000\", \"cantidad\": \"3.000\", \"concepto\": \"antidoping\"}, {\"id\": 127, \"um\": \"estudio\", \"nota\": null, \"moneda\": \"MXN\", \"precio\": \"350.0000\", \"importe\": \"2800.0000\", \"cantidad\": \"8.000\", \"concepto\": \"certificado medico\"}, {\"id\": 128, \"um\": \"estudio\", \"nota\": null, \"moneda\": \"MXN\", \"precio\": \"1800.0000\", \"importe\": \"1800.0000\", \"cantidad\": \"1.000\", \"concepto\": \"lentes\"}], \"notas\": \"estudios de personal para  ingresar a las unidades de servicio siendo: Cemex, Banamichi, Gcc, y lente para personal de Juárez.\", \"total\": \"21622.40\", \"estado\": \"abierta\", \"subtotal\": 18640, \"proveedor\": \"Jesus David Ochoa Perez\", \"descripcion\": null, \"solicitante\": \"Maria de los Angeles Zavala Machado\", \"numero_orden\": \"MZ-6764\", \"iva_porcentaje\": 16}','2026-01-16 23:43:39','2026-01-16 23:43:39'),(149,51,10,'created','{\"iva\": 26240, \"fecha\": \"2026-01-19\", \"items\": [{\"id\": 129, \"um\": \"SV\", \"nota\": null, \"moneda\": \"MXN\", \"precio\": \"4000.0000\", \"importe\": \"4000.0000\", \"cantidad\": \"1.000\", \"concepto\": \"CARGO ADMINISTRACION\"}, {\"id\": 130, \"um\": \"SV\", \"nota\": null, \"moneda\": \"MXN\", \"precio\": \"160000.0000\", \"importe\": \"160000.0000\", \"cantidad\": \"1.000\", \"concepto\": \"EFECTICARD COMBUSTIBLE\"}], \"notas\": \"BANAMEX REFERENCIA 0000000PD00979340578\\r\\nCUENTA  661/2822288\\r\\nCLABE  124-180-066128222885\", \"total\": \"190240.00\", \"estado\": \"abierta\", \"subtotal\": 164000, \"proveedor\": \"Efectivale\", \"descripcion\": \"gasolina del 09 al 19 enero 26\", \"solicitante\": \"Eugenio Encinas Galaz\", \"numero_orden\": \"EE-6765\", \"iva_porcentaje\": 16}','2026-01-19 15:38:15','2026-01-19 15:38:15'),(150,51,1,'item_updated','{\"id\": 129, \"changes\": {\"total\": {\"to\": 4015.6098, \"from\": \"4640.0000\"}, \"precio\": {\"to\": 4000, \"from\": \"4000.0000\"}, \"importe\": {\"to\": 4000, \"from\": \"4000.0000\"}, \"iva_pct\": {\"to\": 0, \"from\": \"16.00\"}, \"cantidad\": {\"to\": 1, \"from\": \"1.000\"}, \"subtotal\": {\"to\": 4000, \"from\": \"4000.0000\"}, \"iva_monto\": {\"to\": 15.6098, \"from\": \"640.0000\"}}, \"concepto\": \"CARGO ADMINISTRACION\"}','2026-01-19 15:47:57','2026-01-19 15:47:57'),(151,51,1,'item_updated','{\"id\": 130, \"changes\": {\"total\": {\"to\": 160624.3902, \"from\": \"185600.0000\"}, \"precio\": {\"to\": 160000, \"from\": \"160000.0000\"}, \"importe\": {\"to\": 160000, \"from\": \"160000.0000\"}, \"iva_pct\": {\"to\": 0, \"from\": \"16.00\"}, \"cantidad\": {\"to\": 1, \"from\": \"1.000\"}, \"subtotal\": {\"to\": 160000, \"from\": \"160000.0000\"}, \"iva_monto\": {\"to\": 624.3902, \"from\": \"25600.0000\"}}, \"concepto\": \"EFECTICARD COMBUSTIBLE\"}','2026-01-19 15:47:57','2026-01-19 15:47:57'),(152,51,1,'updated','{\"monto\": {\"to\": \"164640.00\", \"from\": \"190240.00\"}}','2026-01-19 15:47:57','2026-01-19 15:47:57'),(153,52,10,'created','{\"iva\": 1204.9344, \"fecha\": \"2026-01-19\", \"items\": [{\"id\": 131, \"um\": \"SV\", \"nota\": null, \"moneda\": \"MXN\", \"precio\": \"7530.8400\", \"importe\": \"7530.8400\", \"cantidad\": \"1.000\", \"concepto\": \"SERVICIO DE LOS 20 KL AGENCIA MITSU\"}], \"notas\": \"MITSU 2025 ALEJANDRO LUGO \\r\\nPLC VE-7852A\\r\\nKL 20242\", \"total\": \"8735.77\", \"estado\": \"abierta\", \"subtotal\": 7530.84, \"proveedor\": \"Mitsu Sonora\", \"descripcion\": \"SERVICIO MITSU 2025 ALEJANDRO LUGO DE LOS 20 MIL\", \"solicitante\": \"Eugenio Encinas Galaz\", \"numero_orden\": \"EE-6766\", \"iva_porcentaje\": 16}','2026-01-19 17:09:42','2026-01-19 17:09:42'),(154,53,8,'created','{\"iva\": 2080, \"fecha\": \"2026-01-19\", \"items\": [{\"id\": 132, \"um\": \"pza\", \"nota\": null, \"moneda\": \"MXN\", \"precio\": \"13000.0000\", \"importe\": \"13000.0000\", \"cantidad\": \"1.000\", \"concepto\": \"Radio para mina la herradura\"}], \"notas\": \"RADIO PARA EL PERSONAL DE LA MINA HERRADURA EN PEÑASCO\", \"total\": \"15080.00\", \"estado\": \"abierta\", \"subtotal\": 13000, \"proveedor\": \"Sistemas Profesionales Novatel\", \"descripcion\": \"RADIO PARA PERSONAL DE LA HERRADURA\", \"solicitante\": \"Maria de los Angeles Zavala Machado\", \"numero_orden\": \"MZ-6767\", \"iva_porcentaje\": 16}','2026-01-19 17:29:04','2026-01-19 17:29:04'),(155,54,6,'created','{\"iva\": 1008, \"fecha\": \"2026-01-19\", \"items\": [{\"id\": 133, \"um\": \"srv\", \"nota\": null, \"moneda\": \"MXN\", \"precio\": \"3500.0000\", \"importe\": \"3500.0000\", \"cantidad\": \"1.000\", \"concepto\": \"Reparación y servicio de lavadora\"}, {\"id\": 134, \"um\": \"srv\", \"nota\": null, \"moneda\": \"MXN\", \"precio\": \"2800.0000\", \"importe\": \"2800.0000\", \"cantidad\": \"1.000\", \"concepto\": \"Reparación y servicio de secadora.\"}], \"notas\": \"Se entregará al día siguiente el equipo, una vez pagado el servicio.\", \"total\": \"7229.25\", \"estado\": \"abierta\", \"subtotal\": 6300, \"proveedor\": \"ROBERTO GARCIA VERDUGO\", \"descripcion\": \"servicios de lavadoras y secadoras\\r\\nfacturas 166 y 167\", \"solicitante\": \"Luz Haydee Valenzuela Encinas\", \"numero_orden\": \"LV-6768\", \"iva_porcentaje\": 16}','2026-01-19 17:57:07','2026-01-19 17:57:07'),(156,55,6,'created','{\"iva\": 1457.4, \"fecha\": \"2026-01-19\", \"items\": [{\"id\": 135, \"um\": \"kg\", \"nota\": null, \"moneda\": \"MXN\", \"precio\": \"105.0000\", \"importe\": \"9108.7500\", \"cantidad\": \"86.750\", \"concepto\": \"FLEJE METALICO 5/8\\\"\"}], \"notas\": \"BANCO:     BANAMEX\\r\\nCUENTA:\\t5874283\\r\\nCLABE:\\t    0027 6006 0258 7428 38\", \"total\": \"10566.15\", \"estado\": \"abierta\", \"subtotal\": 9108.75, \"proveedor\": \"San Isidro Distribuciones\", \"descripcion\": \"fleje de fierro\", \"solicitante\": \"Luz Haydee Valenzuela Encinas\", \"numero_orden\": \"LV-6769\", \"iva_porcentaje\": 16}','2026-01-19 18:09:20','2026-01-19 18:09:20'),(157,54,6,'attachment_added','{\"mime\": \"application/pdf\", \"name\": \"ROBERTO GARCIA 166.pdf\", \"path\": \"oc/54/oijadnIAF2bu966mqm66vCPLFLFFznl5uxUFcclb.pdf\", \"size\": 70079}','2026-01-19 18:15:47','2026-01-19 18:15:47'),(158,54,6,'attachment_added','{\"mime\": \"application/pdf\", \"name\": \"ROBERTO GARCIA 167.pdf\", \"path\": \"oc/54/fpUsYaMYj14XXrcQZdAttdSqZhlygbEfJSnyMUOd.pdf\", \"size\": 70070}','2026-01-19 18:15:55','2026-01-19 18:15:55'),(159,54,6,'recepcion_changed','{\"to\": \"recibido\", \"from\": \"sin_recepcion\"}','2026-01-19 18:16:18','2026-01-19 18:16:18'),(160,39,6,'attachment_added','{\"mime\": \"application/pdf\", \"name\": \"SERVI EQUIPO 85764.pdf\", \"path\": \"oc/39/cipQrDCId6aHk5ftpxMQf27o2ILSzjIXQcwQ04He.pdf\", \"size\": 252826}','2026-01-19 18:20:49','2026-01-19 18:20:49'),(161,41,6,'attachment_added','{\"mime\": \"application/pdf\", \"name\": \"XINOVA 9846.pdf\", \"path\": \"oc/41/NaVXJMS1J1ry8o09WYxM3SUsm2QtsGrgpr1rQKPN.pdf\", \"size\": 468861}','2026-01-19 18:21:12','2026-01-19 18:21:12'),(162,43,1,'item_updated','{\"id\": 104, \"changes\": {\"total\": {\"to\": 5428.104, \"from\": \"4350.0000\"}, \"precio\": {\"to\": 77.99, \"from\": \"62.5000\"}, \"importe\": {\"to\": 4679.4, \"from\": \"3750.0000\"}, \"iva_pct\": {\"to\": 16, \"from\": \"16.00\"}, \"cantidad\": {\"to\": 60, \"from\": \"60.000\"}, \"concepto\": {\"to\": \"FOCO LED T8 18W 65K 100-265V CLARO 1.20 M\", \"from\": \"TUBO LED 18W T8 C/ PIN\"}, \"subtotal\": {\"to\": 4679.4, \"from\": \"3750.0000\"}, \"iva_monto\": {\"to\": 748.704, \"from\": \"600.0000\"}}, \"concepto\": \"FOCO LED T8 18W 65K 100-265V CLARO 1.20 M\"}','2026-01-19 18:50:08','2026-01-19 18:50:08'),(163,43,1,'updated','{\"monto\": {\"to\": \"5428.10\", \"from\": \"4350.00\"}}','2026-01-19 18:50:08','2026-01-19 18:50:08'),(164,56,8,'created','{\"iva\": 672, \"fecha\": \"2026-01-19\", \"items\": [{\"id\": 136, \"um\": \"PZA\", \"nota\": null, \"moneda\": \"MXN\", \"precio\": \"1400.0000\", \"importe\": \"4200.0000\", \"cantidad\": \"3.000\", \"concepto\": \"CURSOS DE SEGURIDAD EN HERMOSILLO\"}], \"notas\": \"cursos de seguridad en hermosillo\", \"total\": \"4872.00\", \"estado\": \"abierta\", \"subtotal\": 4200, \"proveedor\": \"SOI Servicios Integrales de Salud Ocupacional\", \"descripcion\": \"CURSOS DE SEGURIDAD EN HERMOSILLO Y PEÑASCO\", \"solicitante\": \"Maria de los Angeles Zavala Machado\", \"numero_orden\": \"MZ-6770\", \"iva_porcentaje\": 16}','2026-01-19 21:40:22','2026-01-19 21:40:22'),(165,57,8,'created','{\"iva\": 2016, \"fecha\": \"2026-01-19\", \"items\": [{\"id\": 137, \"um\": \"PZA\", \"nota\": null, \"moneda\": \"MXN\", \"precio\": \"4200.0000\", \"importe\": \"12600.0000\", \"cantidad\": \"3.000\", \"concepto\": \"CURSO DE SEGURIDAD EN PEÑASCO\"}], \"notas\": \"CURSOS DE SEGURIDAD QUE SE DIERON EN PEÑASCO\", \"total\": \"14616.00\", \"estado\": \"abierta\", \"subtotal\": 12600, \"proveedor\": \"SOI Servicios Integrales de Salud Ocupacional\", \"descripcion\": \"CURSOS DE SEGURIDAD EN PEÑASCO\", \"solicitante\": \"Maria de los Angeles Zavala Machado\", \"numero_orden\": \"MZ-6771\", \"iva_porcentaje\": 16}','2026-01-19 21:42:34','2026-01-19 21:42:34'),(166,58,6,'created','{\"iva\": 400, \"fecha\": \"2026-01-19\", \"items\": [{\"id\": 138, \"um\": \"srv\", \"nota\": null, \"moneda\": \"MXN\", \"precio\": \"5000.0000\", \"importe\": \"5000.0000\", \"cantidad\": \"1.000\", \"concepto\": \"servicio de grua\"}], \"notas\": null, \"total\": \"5337.50\", \"estado\": \"abierta\", \"subtotal\": 5000, \"proveedor\": \"Carlos Elias Valencia Luna\", \"descripcion\": \"servico de grua para sacar un carro de mina en cananea\", \"solicitante\": \"Luz Haydee Valenzuela Encinas\", \"numero_orden\": \"LV-6772\", \"iva_porcentaje\": 8}','2026-01-19 22:52:17','2026-01-19 22:52:17'),(167,59,12,'created','{\"iva\": 626.432, \"fecha\": \"2026-01-19\", \"items\": [{\"id\": 139, \"um\": \"pz\", \"nota\": null, \"moneda\": \"MXN\", \"precio\": \"1821.6000\", \"importe\": \"3643.2000\", \"cantidad\": \"2.000\", \"concepto\": \"CONTACTOR AF38-30-10 100-250V CA/CD ABB\"}, {\"id\": 140, \"um\": \"pz\", \"nota\": null, \"moneda\": \"MXN\", \"precio\": \"136.0000\", \"importe\": \"272.0000\", \"cantidad\": \"2.000\", \"concepto\": \"BLOCK AUX LATERAL CAL4-11N 1NA+1NC ABB\"}], \"notas\": null, \"total\": \"4541.63\", \"estado\": \"abierta\", \"subtotal\": 3915.2, \"proveedor\": \"Badesa de Noroeste, S.A. de C.V.\", \"descripcion\": \"Contactores para prensas\", \"solicitante\": \"Luis Alberto Palma Noriega\", \"numero_orden\": \"LP-6773\", \"iva_porcentaje\": 16}','2026-01-20 00:06:43','2026-01-20 00:06:43'),(168,60,8,'created','{\"iva\": 2865.3072, \"fecha\": \"2026-01-20\", \"items\": [{\"id\": 141, \"um\": \"PZA\", \"nota\": null, \"moneda\": \"MXN\", \"precio\": \"5969.3900\", \"importe\": \"17908.1700\", \"cantidad\": \"3.000\", \"concepto\": \"RADIO PARA PERSONAL DE PIEDRAS VERDES\"}], \"notas\": \"radio para personal de mina  piedras verdes\", \"total\": \"20773.48\", \"estado\": \"abierta\", \"subtotal\": 17908.17, \"proveedor\": \"Sistemas Profesionales Novatel\", \"descripcion\": \"RADIOS PARA PERSONAL DE MINAS PIEDRAS VERDES EN ALAMOS\", \"solicitante\": \"Maria de los Angeles Zavala Machado\", \"numero_orden\": \"MZ-6774\", \"iva_porcentaje\": 16}','2026-01-20 16:11:59','2026-01-20 16:11:59'),(169,56,8,'attachment_added','{\"mime\": \"application/pdf\", \"name\": \"OC-6770.pdf\", \"path\": \"oc/56/qgm6oSZNzA612QjvUjo1oliE2cGBcK6hxwwdk4Fg.pdf\", \"size\": 173212}','2026-01-20 16:15:41','2026-01-20 16:15:41'),(170,61,9,'created','{\"iva\": 476, \"fecha\": \"2026-01-20\", \"items\": [{\"id\": 142, \"um\": \"PZ\", \"nota\": null, \"moneda\": \"MXN\", \"precio\": \"595.0000\", \"importe\": \"2975.0000\", \"cantidad\": \"5.000\", \"concepto\": \"RESPALDO DE GOMA 7\\\" PARA LIJADORA MAKITA\"}], \"notas\": \"FAVOR DE ENVIAR LA FACTURA A jose.franco@reprosisa.com.mx\", \"total\": \"3451.00\", \"estado\": \"abierta\", \"subtotal\": 2975, \"proveedor\": \"Rubi Borbon Miranda\", \"descripcion\": \"Respaldos de goma para pulidores\", \"solicitante\": \"José Uriel Franco Zazueta\", \"numero_orden\": \"UF-6775\", \"iva_porcentaje\": 16}','2026-01-20 16:19:17','2026-01-20 16:19:17'),(171,58,1,'item_updated','{\"id\": 138, \"changes\": {\"total\": {\"to\": 5137.5, \"from\": \"5337.5000\"}, \"precio\": {\"to\": 5000, \"from\": \"5000.0000\"}, \"importe\": {\"to\": 5000, \"from\": \"5000.0000\"}, \"iva_pct\": {\"to\": 8, \"from\": \"8.00\"}, \"cantidad\": {\"to\": 1, \"from\": \"1.000\"}, \"subtotal\": {\"to\": 5000, \"from\": \"5000.0000\"}, \"iva_monto\": {\"to\": 400, \"from\": \"400.0000\"}}, \"concepto\": \"servicio de grua\"}','2026-01-20 19:09:20','2026-01-20 19:09:20'),(172,58,1,'updated','{\"monto\": {\"to\": \"5137.50\", \"from\": \"5337.50\"}}','2026-01-20 19:09:20','2026-01-20 19:09:20'),(173,59,12,'attachment_added','{\"mime\": \"application/pdf\", \"name\": \"BNO211013D80FHMO13835.pdf\", \"path\": \"oc/59/3q8wrCrwoWEtUWHDaSKBTgCYWtDoG8sX1OIiRQTh.pdf\", \"size\": 53393}','2026-01-20 19:18:58','2026-01-20 19:18:58'),(174,62,10,'created','{\"iva\": 239.1724, \"fecha\": \"2026-01-20\", \"items\": [{\"id\": 143, \"um\": \"PZA\", \"nota\": null, \"moneda\": \"MXN\", \"precio\": \"965.5172\", \"importe\": \"965.5172\", \"cantidad\": \"1.000\", \"concepto\": \"PAPEL CARTA BOND BLANCO\"}, {\"id\": 144, \"um\": \"PZA\", \"nota\": null, \"moneda\": \"MXN\", \"precio\": \"67.2414\", \"importe\": \"67.2414\", \"cantidad\": \"1.000\", \"concepto\": \"CALCULADORA ESCRITORIO\"}, {\"id\": 145, \"um\": \"PZA\", \"nota\": null, \"moneda\": \"MXN\", \"precio\": \"110.3448\", \"importe\": \"441.3792\", \"cantidad\": \"4.000\", \"concepto\": \"CARPETA VINIL 2 ARO BALNCA\"}, {\"id\": 146, \"um\": \"PZA\", \"nota\": null, \"moneda\": \"MXN\", \"precio\": \"10.3448\", \"importe\": \"20.6896\", \"cantidad\": \"2.000\", \"concepto\": \"CORRECTOR LIQUIDO TIPO BROCHA\"}], \"notas\": \"MATERIAL DE PAPELERIA OFICINA\", \"total\": \"1734.00\", \"estado\": \"abierta\", \"subtotal\": 1494.8274, \"proveedor\": \"Papeleria Danny\", \"descripcion\": \"MATERIAL DE OFICINA PENMONT\", \"solicitante\": \"Eugenio Encinas Galaz\", \"numero_orden\": \"EE-6776\", \"iva_porcentaje\": 16}','2026-01-20 22:48:05','2026-01-20 22:48:05'),(175,63,6,'created','{\"iva\": 1240, \"fecha\": \"2026-01-21\", \"items\": [{\"id\": 147, \"um\": \"cj\", \"nota\": null, \"moneda\": \"MXN\", \"precio\": \"77.5000\", \"importe\": \"7750.0000\", \"cantidad\": \"100.000\", \"concepto\": \"Cuchilla Utilitarias Gancho Acero al Carbono 1-7/8\\\" x 3/4\\\"  Artículo 6FUM6\"}], \"notas\": \"BANCO\\tBANCOMER\\r\\nCUENTA 012580001013203194\", \"total\": \"8990.00\", \"estado\": \"abierta\", \"subtotal\": 7750, \"proveedor\": \"Grainger\", \"descripcion\": \"navaja de gancho\", \"solicitante\": \"Luz Haydee Valenzuela Encinas\", \"numero_orden\": \"LV-6777\", \"iva_porcentaje\": 16}','2026-01-21 15:48:19','2026-01-21 15:48:19'),(176,64,10,'created','{\"iva\": 288.8888, \"fecha\": \"2026-01-21\", \"items\": [{\"id\": 148, \"um\": \"SV\", \"nota\": null, \"moneda\": \"MXN\", \"precio\": \"3611.1099\", \"importe\": \"3611.1099\", \"cantidad\": \"1.000\", \"concepto\": \"SERVICIO DE CAMBIO DE ACEITE DE LOS 90 MIL\"}], \"notas\": \"FORD F150 2024 UNIAD DE SERVIICO MINERA PENMONT \\r\\nPLC VB-8549-A\\r\\nKL- 89266\", \"total\": \"3900.00\", \"estado\": \"abierta\", \"subtotal\": 3611.1099, \"proveedor\": \"Automoviles de Caborca\", \"descripcion\": \"SERVICIO FORD F150 MINERA PENMONT\", \"solicitante\": \"Eugenio Encinas Galaz\", \"numero_orden\": \"EE-6778\", \"iva_porcentaje\": 8}','2026-01-21 22:57:14','2026-01-21 22:57:14'),(177,65,10,'created','{\"iva\": 1920, \"fecha\": \"2026-01-22\", \"items\": [{\"id\": 149, \"um\": \"SV\", \"nota\": null, \"moneda\": \"MXN\", \"precio\": \"7000.0000\", \"importe\": \"7000.0000\", \"cantidad\": \"1.000\", \"concepto\": \"SERVICIO DE DESAZOLVE DE FOSA\"}, {\"id\": 150, \"um\": \"SV\", \"nota\": null, \"moneda\": \"MXN\", \"precio\": \"5000.0000\", \"importe\": \"5000.0000\", \"cantidad\": \"1.000\", \"concepto\": \"SERVICIO DE VACTOR SONDEO DE REGISTROS\"}], \"notas\": \"SERVICIO DE LIMPIEZA DE REGISTROS YDESAZOLVE DE FOSA REPRONAVE\", \"total\": \"13920.00\", \"estado\": \"abierta\", \"subtotal\": 12000, \"proveedor\": \"Alonso Sanchez Rubalcaba\", \"descripcion\": \"LIMPIEZA FOSA SEPTICA\", \"solicitante\": \"Eugenio Encinas Galaz\", \"numero_orden\": \"EE-6779\", \"iva_porcentaje\": 16}','2026-01-22 15:33:00','2026-01-22 15:33:00'),(178,66,10,'created','{\"iva\": 117.2416, \"fecha\": \"2026-01-22\", \"items\": [{\"id\": 151, \"um\": \"sv\", \"nota\": null, \"moneda\": \"MXN\", \"precio\": \"732.7600\", \"importe\": \"732.7600\", \"cantidad\": \"1.000\", \"concepto\": \"MANO DE OBRA POR CAMBIO DE PIEZAS\"}], \"notas\": \"TOYOTA HILUX 2020 CANANEA\\r\\nPLC VE-45871\\r\\nKL  240640\", \"total\": \"850.00\", \"estado\": \"abierta\", \"subtotal\": 732.76, \"proveedor\": \"Carlos Jesus Mora Padilla\", \"descripcion\": \"cambio de soporte y cruceta hilux cananea\", \"solicitante\": \"Eugenio Encinas Galaz\", \"numero_orden\": \"EE-6780\", \"iva_porcentaje\": 16}','2026-01-22 15:47:15','2026-01-22 15:47:15'),(179,67,11,'created','{\"iva\": 331.03360000000004, \"fecha\": \"2026-01-22\", \"items\": [{\"id\": 152, \"um\": \"Pieza\", \"nota\": null, \"moneda\": \"MXN\", \"precio\": \"887.9300\", \"importe\": \"1775.8600\", \"cantidad\": \"2.000\", \"concepto\": \"Galon de pintura\"}, {\"id\": 153, \"um\": \"Pieza\", \"nota\": null, \"moneda\": \"MXN\", \"precio\": \"146.5500\", \"importe\": \"293.1000\", \"cantidad\": \"2.000\", \"concepto\": \"Thinner 100\"}], \"notas\": \"Pintura para placas.\", \"total\": \"2399.99\", \"estado\": \"abierta\", \"subtotal\": 2068.96, \"proveedor\": \"Alida Lucia Vargas Alvarez\", \"descripcion\": \"Pintura para placas.\", \"solicitante\": \"Vicente Antonio Jiménez Rodríguez\", \"numero_orden\": \"VJ-6781\", \"iva_porcentaje\": 16}','2026-01-22 17:17:18','2026-01-22 17:17:18'),(180,48,9,'attachment_added','{\"mime\": \"application/pdf\", \"name\": \"F1E85930.pdf\", \"path\": \"oc/48/ZBgwSR8aImW6YteA3r7cUPM6aVF7kSofRP2BiDbG.pdf\", \"size\": 253094}','2026-01-22 23:10:00','2026-01-22 23:10:00'),(181,10,9,'attachment_added','{\"mime\": \"application/pdf\", \"name\": \"fcn101215a72-a264783.pdf\", \"path\": \"oc/10/2QPpefidw8IbHlSc59V8StXpI2nua0BOYRh00Tre.pdf\", \"size\": 97219}','2026-01-22 23:12:43','2026-01-22 23:12:43'),(182,9,9,'attachment_added','{\"mime\": \"application/pdf\", \"name\": \"F1E85641.pdf\", \"path\": \"oc/9/rqVqT06ohNI8ZV26N1LKtPuiBt7ngLYyjrKslaY7.pdf\", \"size\": 253035}','2026-01-22 23:14:52','2026-01-22 23:14:52'),(183,68,12,'created','{\"iva\": 297.7952, \"fecha\": \"2026-01-23\", \"items\": [{\"id\": 154, \"um\": \"pz\", \"nota\": null, \"moneda\": \"MXN\", \"precio\": \"25.0000\", \"importe\": \"25.0000\", \"cantidad\": \"1.000\", \"concepto\": \"CANALETA DE 1 VIA, 10 X 20, CON ADHESIVO\"}, {\"id\": 155, \"um\": \"pz\", \"nota\": null, \"moneda\": \"MXN\", \"precio\": \"224.1400\", \"importe\": \"448.2800\", \"cantidad\": \"2.000\", \"concepto\": \"TUBO DE LED T8, PANTALLA TRANSP, B/FA8, 36 W, 2.4 M\"}, {\"id\": 156, \"um\": \"pz\", \"nota\": null, \"moneda\": \"MXN\", \"precio\": \"693.9700\", \"importe\": \"1387.9400\", \"cantidad\": \"2.000\", \"concepto\": \"TERMICO SQD 2 X 50 AMP QO250\"}], \"notas\": null, \"total\": \"2159.02\", \"estado\": \"abierta\", \"subtotal\": 1861.22, \"proveedor\": \"Ferreteras Partida\", \"descripcion\": \"material para alumbrado\", \"solicitante\": \"Luis Alberto Palma Noriega\", \"numero_orden\": \"LP-6782\", \"iva_porcentaje\": 16}','2026-01-23 15:26:29','2026-01-23 15:26:29'),(184,69,12,'created','{\"iva\": 127.4243, \"fecha\": \"2026-01-23\", \"items\": [{\"id\": 157, \"um\": \"pz\", \"nota\": null, \"moneda\": \"MXN\", \"precio\": \"286.2100\", \"importe\": \"286.2100\", \"cantidad\": \"1.000\", \"concepto\": \"MEZCL ECOLÓGICA T/BAR P/LAV, DICA (4032)\"}, {\"id\": 158, \"um\": \"pz\", \"nota\": null, \"moneda\": \"MXN\", \"precio\": \"149.5600\", \"importe\": \"149.5600\", \"cantidad\": \"1.000\", \"concepto\": \"JGO REPARACION P/SANITARIO 2\\\" CLASICO\"}, {\"id\": 159, \"um\": \"pz\", \"nota\": null, \"moneda\": \"MXN\", \"precio\": \"192.5300\", \"importe\": \"192.5300\", \"cantidad\": \"1.000\", \"concepto\": \"MANG COFLEX EN T, T/MET, 1/2 X 1/2 X 1/2 (AL-T55)\"}, {\"id\": 160, \"um\": \"pz\", \"nota\": null, \"moneda\": \"MXN\", \"precio\": \"56.0340\", \"importe\": \"168.1020\", \"cantidad\": \"3.000\", \"concepto\": \"FOCO LED T8 18W 65K 100-265V CLARO 1.20 M\"}], \"notas\": null, \"total\": \"923.82\", \"estado\": \"abierta\", \"subtotal\": 796.4019999999999, \"proveedor\": \"Ferreteras Partida\", \"descripcion\": \"Material para reparación de baño\", \"solicitante\": \"Luis Alberto Palma Noriega\", \"numero_orden\": \"LP-6783\", \"iva_porcentaje\": 16}','2026-01-23 15:31:30','2026-01-23 15:31:30'),(185,60,8,'attachment_added','{\"mime\": \"application/pdf\", \"name\": \"SPN1705306J7_Factura_20260120_S10798.PDF\", \"path\": \"oc/60/m9B0ML8NXacaenXe5GxMd1Ycm9xXKrTacpYLA1dA.pdf\", \"size\": 33905}','2026-01-23 15:42:11','2026-01-23 15:42:11'),(186,60,8,'attachment_removed','{\"mime\": \"application/pdf\", \"name\": \"SPN1705306J7_Factura_20260120_S10798.PDF\", \"path\": \"oc/60/m9B0ML8NXacaenXe5GxMd1Ycm9xXKrTacpYLA1dA.pdf\", \"size\": 33905}','2026-01-23 15:42:37','2026-01-23 15:42:37'),(187,60,8,'attachment_added','{\"mime\": \"application/pdf\", \"name\": \"SPN1705306J7_Factura_20260121_S10801.PDF\", \"path\": \"oc/60/pTUSxZtm8baft3PxKyo5pnc9qlxfG8cB2G0I8Ocj.pdf\", \"size\": 33994}','2026-01-23 15:42:49','2026-01-23 15:42:49'),(188,53,8,'attachment_added','{\"mime\": \"application/pdf\", \"name\": \"SPN1705306J7_Factura_20260120_S10798.PDF\", \"path\": \"oc/53/IeqHSNzAtJAl8AjONpYIsaxrgqtiROzhHBlpgTcl.pdf\", \"size\": 33905}','2026-01-23 15:43:39','2026-01-23 15:43:39'),(189,70,8,'created','{\"iva\": 1499.2, \"fecha\": \"2026-01-23\", \"items\": [{\"id\": 161, \"um\": \"PZA\", \"nota\": null, \"moneda\": \"MXN\", \"precio\": \"200.0000\", \"importe\": \"200.0000\", \"cantidad\": \"1.000\", \"concepto\": \"EXTINTOR DE PQS 2 KG\"}, {\"id\": 162, \"um\": \"PZA\", \"nota\": null, \"moneda\": \"MXN\", \"precio\": \"260.0000\", \"importe\": \"1040.0000\", \"cantidad\": \"4.000\", \"concepto\": \"EXTINTOR DE PQS 4.5 KG\"}, {\"id\": 163, \"um\": \"PZA\", \"nota\": null, \"moneda\": \"MXN\", \"precio\": \"280.0000\", \"importe\": \"280.0000\", \"cantidad\": \"1.000\", \"concepto\": \"EXTINTOR DE PQS 6 KG\"}, {\"id\": 164, \"um\": \"PZA\", \"nota\": null, \"moneda\": \"MXN\", \"precio\": \"350.0000\", \"importe\": \"4550.0000\", \"cantidad\": \"13.000\", \"concepto\": \"EXTINTOR DE PQS 9 KG\"}, {\"id\": 165, \"um\": \"PZA\", \"nota\": null, \"moneda\": \"MXN\", \"precio\": \"1950.0000\", \"importe\": \"1950.0000\", \"cantidad\": \"1.000\", \"concepto\": \"EXTINTOR DE PQS 50 KG\"}, {\"id\": 166, \"um\": \"PZA\", \"nota\": null, \"moneda\": \"MXN\", \"precio\": \"200.0000\", \"importe\": \"200.0000\", \"cantidad\": \"1.000\", \"concepto\": \"EXTINTOR DE AFF 9 KG\"}, {\"id\": 167, \"um\": \"PZA\", \"nota\": null, \"moneda\": \"MXN\", \"precio\": \"1150.0000\", \"importe\": \"1150.0000\", \"cantidad\": \"1.000\", \"concepto\": \"EXTINTOR DE AFF 50 KG\"}], \"notas\": null, \"total\": \"10869.20\", \"estado\": \"abierta\", \"subtotal\": 9370, \"proveedor\": \"Jose Antonio Borbon Gutierrez\", \"descripcion\": \"SERVICIO A EXTINTORES MES DE JULIO/2025\", \"solicitante\": \"Maria de los Angeles Zavala Machado\", \"numero_orden\": \"MZ-6784\", \"iva_porcentaje\": 16}','2026-01-23 16:27:03','2026-01-23 16:27:03'),(190,71,8,'created','{\"iva\": 977.6, \"fecha\": \"2026-01-23\", \"items\": [{\"id\": 168, \"um\": \"PZA\", \"nota\": null, \"moneda\": \"MXN\", \"precio\": \"260.0000\", \"importe\": \"260.0000\", \"cantidad\": \"1.000\", \"concepto\": \"EXTINTOR DE PQS 4.5 KG\"}, {\"id\": 169, \"um\": \"PZA\", \"nota\": null, \"moneda\": \"MXN\", \"precio\": \"1950.0000\", \"importe\": \"5850.0000\", \"cantidad\": \"3.000\", \"concepto\": \"EXTINTOR DE PQS 50 KG\"}], \"notas\": \"SERVICIO A EXTINTORES ENERO/2025, NO SE REALIZO ORDEN DE COMPRA EN SU MOMENTO POR EL RESPONSABLE\", \"total\": \"7087.60\", \"estado\": \"abierta\", \"subtotal\": 6110, \"proveedor\": \"Jose Antonio Borbon Gutierrez\", \"descripcion\": \"SERVICIO DE EXTINTORES MES ENERO/2025\", \"solicitante\": \"Maria de los Angeles Zavala Machado\", \"numero_orden\": \"MZ-6785\", \"iva_porcentaje\": 16}','2026-01-23 16:32:48','2026-01-23 16:32:48');
/*!40000 ALTER TABLE `oc_logs` ENABLE KEYS */;
UNLOCK TABLES;

--
-- Table structure for table `orden_compra_detalles`
--

DROP TABLE IF EXISTS `orden_compra_detalles`;
/*!40101 SET @saved_cs_client     = @@character_set_client */;
/*!50503 SET character_set_client = utf8mb4 */;
CREATE TABLE `orden_compra_detalles` (
  `id` bigint unsigned NOT NULL AUTO_INCREMENT,
  `orden_compra_id` bigint unsigned NOT NULL,
  `cantidad` decimal(12,3) NOT NULL DEFAULT '1.000',
  `unidad` varchar(50) COLLATE utf8mb4_unicode_ci DEFAULT NULL,
  `concepto` varchar(500) COLLATE utf8mb4_unicode_ci NOT NULL,
  `moneda` varchar(10) COLLATE utf8mb4_unicode_ci NOT NULL DEFAULT 'MXN',
  `precio` decimal(14,4) NOT NULL DEFAULT '0.0000',
  `importe` decimal(14,4) NOT NULL DEFAULT '0.0000',
  `iva_pct` decimal(5,2) NOT NULL DEFAULT '16.00',
  `iva_monto` decimal(14,4) NOT NULL DEFAULT '0.0000',
  `isr_pct` decimal(6,3) NOT NULL DEFAULT '0.000',
  `isr_monto` decimal(14,4) NOT NULL DEFAULT '0.0000',
  `ret_iva_pct` decimal(8,3) NOT NULL DEFAULT '0.000',
  `ret_iva_monto` decimal(12,4) NOT NULL DEFAULT '0.0000',
  `subtotal` decimal(14,4) NOT NULL DEFAULT '0.0000',
  `total` decimal(14,4) NOT NULL DEFAULT '0.0000',
  `created_at` timestamp NULL DEFAULT NULL,
  `updated_at` timestamp NULL DEFAULT NULL,
  PRIMARY KEY (`id`),
  KEY `orden_compra_detalles_orden_compra_id_foreign` (`orden_compra_id`),
  CONSTRAINT `orden_compra_detalles_orden_compra_id_foreign` FOREIGN KEY (`orden_compra_id`) REFERENCES `ordenes_compra` (`id`) ON DELETE CASCADE
) ENGINE=InnoDB AUTO_INCREMENT=170 DEFAULT CHARSET=utf8mb4 COLLATE=utf8mb4_unicode_ci;
/*!40101 SET character_set_client = @saved_cs_client */;

--
-- Dumping data for table `orden_compra_detalles`
--

LOCK TABLES `orden_compra_detalles` WRITE;
/*!40000 ALTER TABLE `orden_compra_detalles` DISABLE KEYS */;
INSERT INTO `orden_compra_detalles` VALUES (2,2,5.000,'PZ','pelicula plastica 18\" x 1000 FT calibre 50','MXN',125.3500,626.7500,16.00,100.2800,0.000,0.0000,0.000,0.0000,626.7500,727.0300,'2025-12-29 19:44:41','2025-12-29 22:31:21'),(3,2,5.000,'PZ','\"trapo industrial limpio color 10 kg','MXN',248.9200,1244.6000,16.00,199.1360,0.000,0.0000,0.000,0.0000,1244.6000,1443.7360,'2025-12-29 19:44:41','2025-12-29 22:31:21'),(4,3,3.000,'PZA','TONER NEGRO 17A HP','MXN',1460.0000,4380.0000,16.00,700.8000,0.000,0.0000,0.000,0.0000,4380.0000,5080.8000,'2025-12-29 22:15:06','2025-12-29 22:15:06'),(5,3,4.000,'PZA','CARTUCHO 662XL NEGRO HP','MXN',505.0000,2020.0000,16.00,323.2000,0.000,0.0000,0.000,0.0000,2020.0000,2343.2000,'2025-12-29 22:15:06','2025-12-29 22:15:06'),(6,4,40.000,'PZ','BSU30 BROCHA LA SUPER BYP 3\"','MXN',22.5500,902.0000,16.00,144.3200,0.000,0.0000,0.000,0.0000,902.0000,1046.3200,'2025-12-30 23:25:46','2025-12-30 23:25:46'),(7,5,1.000,'servicio','calibración de equipo','MXN',966.0000,966.0000,16.00,154.5600,0.000,0.0000,0.000,0.0000,966.0000,1120.5600,'2026-01-05 15:49:56','2026-01-05 15:49:56'),(8,6,1.000,'pz','TERMINAL (100PZS) AISL. H 6/20 D PUNTERA AISLADA CALIBRE 10AWG, AMARILLA','MXN',71.9200,71.9200,16.00,11.5072,0.000,0.0000,0.000,0.0000,71.9200,83.4272,'2026-01-05 18:48:45','2026-01-05 18:48:45'),(9,6,2.000,'pz','TERMINAL (20PZS) DOBLE ROJO 7AWG PUNTERA TUBULAR DOBLE, 17 MM, 12 MM, ROJO','MXN',62.9300,125.8600,16.00,20.1376,0.000,0.0000,0.000,0.0000,125.8600,145.9976,'2026-01-05 18:48:45','2026-01-05 18:48:45'),(10,6,1.000,'pz','TERMINAL (100PZ) TUBULAR, ESTÁNDAR, 15 MM, 12 MM, AZUL 6AWG','MXN',134.8400,134.8400,16.00,21.5744,0.000,0.0000,0.000,0.0000,134.8400,156.4144,'2026-01-05 18:48:45','2026-01-05 18:48:45'),(11,6,2.000,'pz','TERMINAL KPH 1.5/3.5','MXN',125.0000,250.0000,16.00,40.0000,0.000,0.0000,0.000,0.0000,250.0000,290.0000,'2026-01-05 18:48:45','2026-01-05 18:48:45'),(12,7,20.000,'pza','marcador cera blanco phano dixon','MXN',18.1034,362.0680,16.00,57.9309,0.000,0.0000,0.000,0.0000,362.0680,419.9989,'2026-01-05 19:50:16','2026-01-05 19:50:16'),(13,7,1.000,'caja','boligrafo 1.0mm cristal negro','MXN',57.7586,57.7586,16.00,9.2414,0.000,0.0000,0.000,0.0000,57.7586,67.0000,'2026-01-05 19:50:16','2026-01-05 19:50:16'),(14,7,1.000,'caja','boligrafo 1.00mm azul','MXN',57.7586,57.7586,16.00,9.2414,0.000,0.0000,0.000,0.0000,57.7586,67.0000,'2026-01-05 19:50:16','2026-01-05 19:50:16'),(15,7,2.000,'pza','binder clips 32mm','MXN',31.0345,62.0690,16.00,9.9310,0.000,0.0000,0.000,0.0000,62.0690,72.0000,'2026-01-05 19:50:16','2026-01-05 19:50:16'),(16,7,2.000,'pza','perforadora de un orificia de 6 mm','MXN',40.5172,81.0344,16.00,12.9655,0.000,0.0000,0.000,0.0000,81.0344,93.9999,'2026-01-05 19:50:16','2026-01-05 19:50:16'),(17,7,1.000,'pza','archivero oficio 13 compartimientos negro','MXN',235.3448,235.3448,16.00,37.6552,0.000,0.0000,0.000,0.0000,235.3448,273.0000,'2026-01-05 19:50:16','2026-01-05 19:50:16'),(18,7,2.000,'pza','cintas de empaque 48x 150 canela','MXN',418.1034,836.2068,16.00,133.7931,0.000,0.0000,0.000,0.0000,836.2068,969.9999,'2026-01-05 19:50:16','2026-01-05 19:50:16'),(19,8,1.000,'SV','SERVICIO EN AGENCIA DE LOS 65 MIL PLC UM-7920A','MXN',6590.7400,6590.7400,16.00,1054.5184,0.000,0.0000,0.000,0.0000,6590.7400,7645.2584,'2026-01-05 22:55:56','2026-01-05 22:55:56'),(20,9,96.000,'pz','BSU30 BROCHA LA SUPER BYP 3\"','MXN',22.5500,2164.8000,16.00,346.3680,0.000,0.0000,0.000,0.0000,2164.8000,2511.1680,'2026-01-05 23:40:56','2026-01-05 23:40:56'),(21,10,4.000,'pz','BANDA PLANA POLIESTER OJO-OJO 4T 6 MTS','MXN',1064.5300,4258.1200,16.00,681.2992,0.000,0.0000,0.000,0.0000,4258.1200,4939.4192,'2026-01-06 15:26:45','2026-01-06 15:26:45'),(22,11,120.000,'pz','ENVASE PLASTICO 4 LTS. GRADUADO \"FE\"','MXN',25.0000,3000.0000,16.00,480.0000,0.000,0.0000,0.000,0.0000,3000.0000,3480.0000,'2026-01-06 16:15:12','2026-01-06 16:15:12'),(23,12,2.000,'Pieza','Protector 1 lt','MXN',258.0600,516.1200,16.00,82.5792,0.000,0.0000,0.000,0.0000,516.1200,598.6992,'2026-01-06 21:56:26','2026-01-06 21:56:26'),(24,12,2.000,'Kilo','Clavo std 3\"','MXN',52.6200,105.2400,16.00,16.8384,0.000,0.0000,0.000,0.0000,105.2400,122.0784,'2026-01-06 21:56:26','2026-01-06 21:56:26'),(25,12,5.000,'Pieza','Disco laminado 4 1/2','MXN',79.0700,395.3500,16.00,63.2560,0.000,0.0000,0.000,0.0000,395.3500,458.6060,'2026-01-06 21:56:26','2026-01-06 21:56:26'),(26,12,3.000,'Pieza','Disco desbaste 4 1/2','MXN',51.6400,154.9200,16.00,24.7872,0.000,0.0000,0.000,0.0000,154.9200,179.7072,'2026-01-06 21:56:26','2026-01-06 21:56:26'),(27,12,1.000,'Pieza','Candado hierro ancho','MXN',88.9900,88.9900,16.00,14.2384,0.000,0.0000,0.000,0.0000,88.9900,103.2284,'2026-01-06 21:56:26','2026-01-06 21:56:26'),(28,12,5.000,'Pieza','Varilla roscada 5/8','MXN',94.5800,472.9000,16.00,75.6640,0.000,0.0000,0.000,0.0000,472.9000,548.5640,'2026-01-06 21:56:26','2026-01-06 21:56:26'),(29,12,10.000,'Pieza','Contacto dupex','MXN',18.9900,189.9000,16.00,30.3840,0.000,0.0000,0.000,0.0000,189.9000,220.2840,'2026-01-06 21:56:26','2026-01-06 21:56:26'),(30,12,10.000,'Pieza','Clavija 2 polos','MXN',16.6200,166.2000,16.00,26.5920,0.000,0.0000,0.000,0.0000,166.2000,192.7920,'2026-01-06 21:56:26','2026-01-06 21:56:26'),(31,13,10.000,'pz','CONTACTO DÚPLEX, 2 POLOS, 3 HILOS, 20A, STD','MXN',27.5900,275.9000,16.00,44.1440,0.000,0.0000,0.000,0.0000,275.9000,320.0440,'2026-01-07 22:20:13','2026-01-07 22:20:13'),(32,13,1.000,'pz','CONTACTO 2 POLOS + TIERRA CON 2 PUERTOS USB, OSLO, Pieza 1 BLANCO','MXN',223.2800,223.2800,16.00,35.7248,0.000,0.0000,0.000,0.0000,223.2800,259.0048,'2026-01-07 22:20:13','2026-01-07 22:20:13'),(33,13,1.000,'Bls','PIJA MULTIUSOS 10 X 2\', C/100 PZAS','MXN',48.2800,48.2800,16.00,7.7248,0.000,0.0000,0.000,0.0000,48.2800,56.0048,'2026-01-07 22:20:13','2026-01-07 22:20:13'),(34,14,30.000,'pz','TORNILLO ALLEN PLANA STD 1/4X2 20H','MXN',3.8973,116.9190,16.00,18.7070,0.000,0.0000,0.000,0.0000,116.9190,135.6260,'2026-01-07 22:30:01','2026-01-07 22:30:01'),(35,14,40.000,'pz','TAPS-025-0175 TORNILLO ALLEN PLANA STD 1/4X1 3/4 20H','MXN',3.5805,143.2200,16.00,22.9152,0.000,0.0000,0.000,0.0000,143.2200,166.1352,'2026-01-07 22:30:01','2026-01-07 22:30:01'),(36,14,10.000,'pz','TAPS-025-0250 TORNILLO ALLEN PLANA STD 1/4X2 1/2 20H','MXN',7.1990,71.9900,16.00,11.5184,0.000,0.0000,0.000,0.0000,71.9900,83.5084,'2026-01-07 22:30:01','2026-01-07 22:30:01'),(37,14,1.000,'pz','JUEGO 3 MACHUELOS AAC 1/4- 20 NC','MXN',92.7900,92.7900,16.00,14.8464,0.000,0.0000,0.000,0.0000,92.7900,107.6364,'2026-01-07 22:30:01','2026-01-07 22:30:01'),(38,14,10.000,'pz','BROCA FIERRO 1/4 ZANCO RECTO ALTA VELOCIDAD','MXN',37.1680,371.6800,16.00,59.4688,0.000,0.0000,0.000,0.0000,371.6800,431.1488,'2026-01-07 22:30:01','2026-01-07 22:30:01'),(39,14,10.000,'pz','BROCA FIERRO 1/8 ZANCO RECTO ALTA VELOCIDAD','MXN',14.7840,147.8400,16.00,23.6544,0.000,0.0000,0.000,0.0000,147.8400,171.4944,'2026-01-07 22:30:01','2026-01-07 22:30:01'),(40,14,10.000,'pz','BROCA NUMERICA ZANCO RECTO AAV NO. 7','MXN',56.6720,566.7200,16.00,90.6752,0.000,0.0000,0.000,0.0000,566.7200,657.3952,'2026-01-07 22:30:01','2026-01-07 22:30:01'),(41,15,3.000,'pza','MICA INTERIOR APOLLO 60-600','MXN',518.4000,1555.2000,16.00,248.8320,0.000,0.0000,0.000,0.0000,1555.2000,1804.0320,'2026-01-07 23:08:23','2026-01-07 23:08:23'),(42,16,1.000,'pza','acumulador lth 48/91-730','MXN',4293.1000,4293.1000,16.00,686.8960,0.000,0.0000,0.000,0.0000,4293.1000,4979.9960,'2026-01-08 15:43:08','2026-01-08 15:43:08'),(43,17,1.000,'srv','FLETE CON DESTINO A CD JUAREZ , 760KM EN RABON','MXN',35500.0000,35500.0000,16.00,5680.0000,0.000,0.0000,0.000,0.0000,35500.0000,41180.0000,'2026-01-08 22:03:53','2026-01-08 22:03:53'),(44,18,6.000,'pza','anclaje para alturas','MXN',1297.0000,7782.0000,16.00,1245.1200,0.000,0.0000,0.000,0.0000,7782.0000,9027.1200,'2026-01-09 00:34:15','2026-01-09 00:34:15'),(45,19,1.000,'SER','SERVICIO MTO. PREVENTIVO Y CORRECTIVO A MULTIFUNCIONAL BROTHER L5550DN','MXN',600.0000,600.0000,16.00,96.0000,0.000,0.0000,0.000,0.0000,600.0000,696.0000,'2026-01-09 15:58:53','2026-01-09 15:58:53'),(46,19,1.000,'PZA','TAMBOR BROTHER DR820','MXN',2225.0000,2225.0000,16.00,356.0000,0.000,0.0000,0.000,0.0000,2225.0000,2581.0000,'2026-01-09 15:58:53','2026-01-09 15:58:53'),(47,20,12.000,'pza','ACEITE 20W50 946ML MOTR SUPERMOBIL','MXN',93.6000,1123.2000,16.00,179.7120,0.000,0.0000,0.000,0.0000,1123.2000,1302.9120,'2026-01-09 16:12:16','2026-01-09 16:12:16'),(48,20,2.000,'PZA','AA-46025 LIMPIADOR 550ML','MXN',63.7500,127.5000,16.00,20.4000,0.000,0.0000,0.000,0.0000,127.5000,147.9000,'2026-01-09 16:12:16','2026-01-09 16:12:16'),(49,21,3.000,'FAB03','FABULOSO MAR FRESCO LITRO Z12','MXN',45.5000,136.5000,16.00,21.8400,0.000,0.0000,0.000,0.0000,136.5000,158.3400,'2026-01-09 16:33:47','2026-01-09 16:33:47'),(50,21,3.000,'FAB07','FABULOSO NARANJA 1 LITRO Z12','MXN',50.0000,150.0000,16.00,24.0000,0.000,0.0000,0.000,0.0000,150.0000,174.0000,'2026-01-09 16:33:47','2026-01-09 16:33:47'),(51,21,12.000,'90612','PAPEL HIGIENICO COTTONELLE 500 HOJAS ICON Z12','MXN',26.3500,316.2000,16.00,50.5920,0.000,0.0000,0.000,0.0000,316.2000,366.7920,'2026-01-09 16:33:47','2026-01-09 16:33:47'),(52,21,1.000,'NPARE00','WIESE PASTILLA SANITARIA 60GRS Z50','MXN',479.0000,479.0000,16.00,76.6400,0.000,0.0000,0.000,0.0000,479.0000,555.6400,'2026-01-09 16:33:47','2026-01-09 16:33:47'),(53,21,2.000,'F4048BK','BOLSA NEGRA 40X48 14MIC 90X 1.20 ROLLO','MXN',86.9501,173.9002,16.00,27.8240,0.000,0.0000,0.000,0.0000,173.9002,201.7242,'2026-01-09 16:33:47','2026-01-09 16:33:47'),(54,21,4.000,'NAEDC11','WIESE AROMA P/DOSIFICADOR FRUTAS','MXN',71.5000,286.0000,16.00,45.7600,0.000,0.0000,0.000,0.0000,286.0000,331.7600,'2026-01-09 16:33:47','2026-01-09 16:33:47'),(55,21,1.000,'91794','JABON LIQUIDO BLUMEN CHERRY BLOSSOM','MXN',207.1900,207.1900,16.00,33.1504,0.000,0.0000,0.000,0.0000,207.1900,240.3404,'2026-01-09 16:33:47','2026-01-09 16:33:47'),(56,21,3.000,'6403B','MOTA P/TRATADO 90CMS AZUL','MXN',134.9999,404.9997,16.00,64.8000,0.000,0.0000,0.000,0.0000,404.9997,469.7997,'2026-01-09 16:33:47','2026-01-09 16:33:47'),(57,22,800.000,'pz','11-921B REPUESTO P/NAVAJA STANLEY','MXN',2.7800,2224.0000,16.00,355.8400,0.000,0.0000,0.000,0.0000,2224.0000,2579.8400,'2026-01-09 16:49:16','2026-01-09 16:49:16'),(58,23,3.000,'pz','EP448 ESLINGA PLANA OJO-OJO POLIESTER 4\" X 8 M 4 CAPAS','MXN',5288.0000,15864.0000,16.00,2538.2400,0.000,0.0000,0.000,0.0000,15864.0000,18402.2400,'2026-01-09 17:01:24','2026-01-09 17:01:24'),(59,24,1.000,'pz','POLIPASTO DE PALANCA CORTA UNO PLUS MARCA YALE DE 3000 KG CON 1.5 METROS DE ALTURA','MXN',8511.9600,8511.9600,16.00,1361.9136,0.000,0.0000,0.000,0.0000,8511.9600,9873.8736,'2026-01-09 19:27:11','2026-01-09 19:27:11'),(60,24,1.000,'PZ','POLIPASTO DE PALANCA CORTA UNO PLUS MARCA YALE DE 750 KG CON 1.5 METROS  DE ALTURA','MXN',4411.7500,4411.7500,16.00,705.8800,0.000,0.0000,0.000,0.0000,4411.7500,5117.6300,'2026-01-09 19:27:11','2026-01-09 19:27:11'),(61,24,1.000,'PZ','LLAVE DE IMPACTO 1/2 800 RPM PAS.RET','MXN',3867.0100,3867.0100,16.00,618.7216,0.000,0.0000,0.000,0.0000,3867.0100,4485.7316,'2026-01-09 19:27:11','2026-01-09 19:27:11'),(62,25,1.000,'pz','herramienta multicorte osciladora potencia 3 amp 1.6 grados 13\" 29 accesorios y maleta','MXN',3864.5800,3864.5800,16.00,618.3328,0.000,0.0000,0.000,0.0000,3864.5800,4482.9128,'2026-01-09 19:31:58','2026-01-09 19:31:58'),(63,25,1.000,'pz','pulidora lijadora angular 7\" (178mm) y 12550w 0-600/0-3500RPM','MXN',4601.7300,4601.7300,16.00,736.2768,0.000,0.0000,0.000,0.0000,4601.7300,5338.0068,'2026-01-09 19:31:58','2026-01-09 19:31:58'),(64,25,1.000,'pz','taladro  3/8\" 480W 0-2800 RPM','MXN',1597.9600,1597.9600,16.00,255.6736,0.000,0.0000,0.000,0.0000,1597.9600,1853.6336,'2026-01-09 19:31:58','2026-01-09 19:31:58'),(65,26,1.000,'SV','CARGO ADMINISTRACION','MXN',4000.0000,4000.0000,0.00,15.6098,0.000,0.0000,0.000,0.0000,4000.0000,4015.6098,'2026-01-09 22:52:32','2026-01-09 22:57:50'),(66,26,1.000,'SV','EFECTICARD COMBUSTIBLE','MXN',160000.0000,160000.0000,0.00,624.3902,0.000,0.0000,0.000,0.0000,160000.0000,160624.3902,'2026-01-09 22:52:32','2026-01-09 22:57:50'),(67,27,5.000,'dias','3 cuerpos de andamios metalicos (6 Marcos, 6 crutcetas y 8 coples para andamio metalico).','MXN',420.0000,2100.0000,8.00,168.0000,0.000,0.0000,0.000,0.0000,2100.0000,2268.0000,'2026-01-10 01:21:27','2026-01-10 01:21:27'),(68,27,5.000,'dias','Plataforma de seguridad para andamio metalico. RENTA POR DÍA','MXN',40.0000,200.0000,8.00,16.0000,0.000,0.0000,0.000,0.0000,200.0000,216.0000,'2026-01-10 01:21:27','2026-01-10 01:21:27'),(69,28,7.000,'PZA','CASTROL DE LITRO','MXN',203.2000,1422.4000,16.00,227.5840,0.000,0.0000,0.000,0.0000,1422.4000,1649.9840,'2026-01-12 17:00:58','2026-01-12 17:00:58'),(70,28,1.000,'PZA','FILTRO DE ACEITE','MXN',86.2200,86.2200,16.00,13.7952,0.000,0.0000,0.000,0.0000,86.2200,100.0152,'2026-01-12 17:00:58','2026-01-12 17:00:58'),(71,28,1.000,'PZA','GA437 FILTRO AIRE','MXN',387.9300,387.9300,16.00,62.0688,0.000,0.0000,0.000,0.0000,387.9300,449.9988,'2026-01-12 17:00:58','2026-01-12 17:00:58'),(72,29,1.000,'PZA','BALATAS DELANTERAS','MXN',1800.0000,1800.0000,16.00,288.0000,1.450,26.1000,0.000,0.0000,1800.0000,2061.9000,'2026-01-12 17:29:20','2026-01-14 23:22:45'),(73,29,1.000,'PZA','BALATAS TRACERAS','MXN',1700.0000,1700.0000,16.00,272.0000,1.450,24.6500,0.000,0.0000,1700.0000,1947.3500,'2026-01-12 17:29:20','2026-01-14 23:22:45'),(74,29,1.000,'SV','TORNO DE DISCO','MXN',800.0000,800.0000,16.00,128.0000,1.450,11.6000,0.000,0.0000,800.0000,916.4000,'2026-01-12 17:29:20','2026-01-14 23:22:45'),(75,29,1.000,'SV','MANO DE OBRA','MXN',2400.0000,2400.0000,16.00,384.0000,1.450,34.8000,0.000,0.0000,2400.0000,2749.2000,'2026-01-12 17:29:20','2026-01-14 23:22:45'),(76,30,1.000,'PZA','BALATAS TRASERAS','MXN',1100.0000,1100.0000,16.00,176.0000,1.450,15.9500,0.000,0.0000,1100.0000,1260.0500,'2026-01-12 17:33:49','2026-01-14 23:21:15'),(77,30,1.000,'SV','TORNO DE DISCO','MXN',400.0000,400.0000,16.00,64.0000,1.450,5.8000,0.000,0.0000,400.0000,458.2000,'2026-01-12 17:33:49','2026-01-14 23:21:15'),(78,30,1.000,'SV','PROGAMACION','MXN',1500.0000,1500.0000,16.00,240.0000,1.450,21.7500,0.000,0.0000,1500.0000,1718.2500,'2026-01-12 17:33:49','2026-01-14 23:21:15'),(79,31,1.000,'SV','TORNO DE DISCO','MXN',800.0000,800.0000,16.00,128.0000,1.450,11.6000,0.000,0.0000,800.0000,916.4000,'2026-01-12 17:37:09','2026-01-14 23:22:01'),(80,31,1.000,'SV','MANO DE OBRA','MXN',1400.0000,1400.0000,16.00,224.0000,1.450,20.3000,0.000,0.0000,1400.0000,1603.7000,'2026-01-12 17:37:09','2026-01-14 23:22:01'),(81,32,2.000,'F9320','PAPEL IHG DALIA 200 MTS HD','MXN',500.0000,1000.0000,16.00,160.0000,0.000,0.0000,0.000,0.0000,1000.0000,1160.0000,'2026-01-13 00:06:18','2026-01-13 00:06:18'),(82,32,1.000,'F3800','TOALLA INTER TI250 BLANCA','MXN',590.9200,590.9200,16.00,94.5472,0.000,0.0000,0.000,0.0000,590.9200,685.4672,'2026-01-13 00:06:18','2026-01-13 00:06:18'),(83,33,1.000,'PZA','LLANTA LT245/75/R16 SUMAXX ALLTERRAIN CARGA','MXN',2637.9300,2637.9300,16.00,422.0688,0.000,0.0000,0.000,0.0000,2637.9300,3059.9988,'2026-01-13 16:48:26','2026-01-13 16:48:26'),(84,34,1.000,'pza','bomba de gasolina con servicio de instalacion','MXN',4500.0000,4500.0000,16.00,720.0000,0.000,0.0000,0.000,0.0000,4500.0000,5220.0000,'2026-01-13 17:01:26','2026-01-13 17:01:26'),(85,34,4.000,'pza','bujias','MXN',250.0000,1000.0000,16.00,160.0000,0.000,0.0000,0.000,0.0000,1000.0000,1160.0000,'2026-01-13 17:01:26','2026-01-13 17:01:26'),(86,34,1.000,'pza','filtro de gasolina con servicio de instalacion','MXN',400.0000,400.0000,16.00,64.0000,0.000,0.0000,0.000,0.0000,400.0000,464.0000,'2026-01-13 17:01:26','2026-01-13 17:01:26'),(87,35,1.000,'PZA','BALATAS DELANTERAS Y HERRAJES','MXN',1853.4000,1853.4000,16.00,296.5440,0.000,0.0000,0.000,0.0000,1853.4000,2149.9440,'2026-01-13 17:47:01','2026-01-13 17:47:01'),(88,35,1.000,'SV','SERVICIO DE CAMBIO DE ACEITE Y FILTRO MOTOR','MXN',1164.3800,1164.3800,16.00,186.3008,0.000,0.0000,0.000,0.0000,1164.3800,1350.6808,'2026-01-13 17:47:01','2026-01-13 17:47:01'),(89,36,1.000,'PZ','DWFP55126 COMPRESOR 6 GAL 1 ETAPA LIBRE DE ACEITE 1.5 HP','MXN',5528.1600,5528.1600,16.00,884.5056,0.000,0.0000,0.000,0.0000,5528.1600,6412.6656,'2026-01-13 18:54:18','2026-01-13 18:54:18'),(90,36,1.000,'PZ','DWP849X-B3 PULIDORA LIJADORA AUTOMOTRIZ 7\"-9\" 0-3000 RPM','MXN',4758.0000,4758.0000,16.00,761.2800,0.000,0.0000,0.000,0.0000,4758.0000,5519.2800,'2026-01-13 18:54:18','2026-01-13 18:54:18'),(91,37,2.000,'Pieza','Galon de pintura','MXN',887.9300,1775.8600,16.00,284.1376,0.000,0.0000,0.000,0.0000,1775.8600,2059.9976,'2026-01-13 19:36:56','2026-01-13 19:36:56'),(92,37,2.000,'Pieza','Thinner 100','MXN',146.5500,293.1000,16.00,46.8960,0.000,0.0000,0.000,0.0000,293.1000,339.9960,'2026-01-13 19:36:56','2026-01-13 19:36:56'),(93,38,1.000,'PZA','ACUMULADOR LTH H-34/78','MXN',3818.9700,3818.9700,16.00,611.0352,0.000,0.0000,0.000,0.0000,3818.9700,4430.0052,'2026-01-13 22:46:19','2026-01-13 22:46:19'),(94,39,18.000,'pz','10-079 NAVAJA RETRACTIL STANLEY 10079 METALICA','MXN',99.6300,1793.3400,16.00,286.9344,0.000,0.0000,0.000,0.0000,1793.3400,2080.2744,'2026-01-14 15:57:34','2026-01-14 15:57:34'),(95,40,1.000,'GALON','PINTURA CAFE CARIDAD','MXN',887.9300,887.9300,16.00,142.0688,0.000,0.0000,0.000,0.0000,887.9300,1029.9988,'2026-01-14 17:30:24','2026-01-14 17:30:24'),(96,40,1.000,'GALON','PINTURA GRIS REPROSISA','MXN',887.9300,887.9300,16.00,142.0688,0.000,0.0000,0.000,0.0000,887.9300,1029.9988,'2026-01-14 17:30:24','2026-01-14 17:30:24'),(97,40,2.000,'GALON','TINNER ESTANDAR','MXN',146.5500,293.1000,16.00,46.8960,0.000,0.0000,0.000,0.0000,293.1000,339.9960,'2026-01-14 17:30:24','2026-01-14 17:30:24'),(98,41,20.000,'pz','Adhesivo Instantáneo AI01 KIT, 500g','MXN',1378.0000,27560.0000,16.00,4409.6000,0.000,0.0000,0.000,0.0000,27560.0000,31969.6000,'2026-01-14 21:51:54','2026-01-14 21:51:54'),(99,41,1.000,'srv','Cargo por envío por paquetería','MXN',276.0000,276.0000,16.00,44.1600,0.000,0.0000,0.000,0.0000,276.0000,320.1600,'2026-01-14 21:51:54','2026-01-14 21:51:54'),(100,42,8.000,'pza','CASTRO DEL LITRO','MXN',199.3500,1594.8000,16.00,255.1680,0.000,0.0000,0.000,0.0000,1594.8000,1849.9680,'2026-01-15 16:03:15','2026-01-15 16:03:15'),(101,42,1.000,'PZA','FILTRO DE ACEITE','MXN',86.2400,86.2400,16.00,13.7984,0.000,0.0000,0.000,0.0000,86.2400,100.0384,'2026-01-15 16:03:15','2026-01-15 16:03:15'),(102,42,1.000,'PZA','GA348 FILTRO AIRE','MXN',387.9300,387.9300,16.00,62.0688,0.000,0.0000,0.000,0.0000,387.9300,449.9988,'2026-01-15 16:03:15','2026-01-15 16:03:15'),(103,42,1.000,'PZA','FILTRO DE AIRE DE CABINA','MXN',301.7200,301.7200,16.00,48.2752,0.000,0.0000,0.000,0.0000,301.7200,349.9952,'2026-01-15 16:03:15','2026-01-15 16:03:15'),(104,43,60.000,'pz','FOCO LED T8 18W 65K 100-265V CLARO 1.20 M','MXN',77.9900,4679.4000,16.00,748.7040,0.000,0.0000,0.000,0.0000,4679.4000,5428.1040,'2026-01-15 16:04:12','2026-01-19 18:50:08'),(105,44,4.000,'SV','SERVICIO DE BALANCEO','MXN',87.5000,350.0000,16.00,56.0000,1.250,4.3750,0.000,0.0000,350.0000,401.6250,'2026-01-15 16:22:06','2026-01-16 18:54:09'),(106,44,4.000,'SV','SERVICIO DE MONTAJE','MXN',80.0000,320.0000,16.00,51.2000,1.250,4.0000,0.000,0.0000,320.0000,367.2000,'2026-01-15 16:22:06','2026-01-16 18:54:09'),(107,44,1.000,'SV','SERVICIO Y LIMPIEZA DE FRENOS','MXN',320.0000,320.0000,16.00,51.2000,1.250,4.0000,0.000,0.0000,320.0000,367.2000,'2026-01-15 16:22:06','2026-01-16 18:54:09'),(108,45,6.000,'Pieza','Pegamento no mas clavos','MXN',116.3900,698.3400,16.00,111.7344,0.000,0.0000,0.000,0.0000,698.3400,810.0744,'2026-01-15 17:33:20','2026-01-15 17:33:20'),(109,45,1.000,'Pieza','LLanta imponchable 16 para carretilla','MXN',480.9000,480.9000,16.00,76.9440,0.000,0.0000,0.000,0.0000,480.9000,557.8440,'2026-01-15 17:33:20','2026-01-15 17:33:20'),(110,45,2.000,'Pieza','Llanta diablo completa','MXN',168.1000,336.2000,16.00,53.7920,0.000,0.0000,0.000,0.0000,336.2000,389.9920,'2026-01-15 17:33:20','2026-01-15 17:33:20'),(111,45,1.000,'Pieza','Pistola esqueleto p/silicon','MXN',114.9300,114.9300,16.00,18.3888,0.000,0.0000,0.000,0.0000,114.9300,133.3188,'2026-01-15 17:33:20','2026-01-15 17:33:20'),(112,45,1.000,'Pieza','Avellanador hss cambio rapodo','MXN',62.7300,62.7300,16.00,10.0368,0.000,0.0000,0.000,0.0000,62.7300,72.7668,'2026-01-15 17:33:20','2026-01-15 17:33:20'),(113,45,30.000,'Pieza','Pija plana  12x2','MXN',1.1500,34.5000,16.00,5.5200,0.000,0.0000,0.000,0.0000,34.5000,40.0200,'2026-01-15 17:33:20','2026-01-15 17:33:20'),(114,45,3.000,'kilo','Soldadura 6011 3/32','MXN',95.4400,286.3200,16.00,45.8112,0.000,0.0000,0.000,0.0000,286.3200,332.1312,'2026-01-15 17:33:20','2026-01-15 17:33:20'),(115,46,1.000,'PZA','CRUCETA CARDAL','MXN',379.6300,379.6300,8.00,30.3704,0.000,0.0000,0.000,0.0000,379.6300,410.0004,'2026-01-15 23:25:51','2026-01-15 23:25:51'),(116,46,1.000,'PZA','SOPORTE TRANSMISION','MXN',1611.1100,1611.1100,8.00,128.8888,0.000,0.0000,0.000,0.0000,1611.1100,1739.9988,'2026-01-15 23:25:51','2026-01-15 23:25:51'),(117,47,100.000,'pz','TEGG-016-0050 TORNILLO ESTUFA GOTA GALV 5/32X1/2','MXN',1.0603,106.0300,16.00,16.9648,0.000,0.0000,0.000,0.0000,106.0300,122.9948,'2026-01-16 18:42:43','2026-01-16 18:42:43'),(118,47,50.000,'pz','TULSG-016 TUERCA LIV STD GALV 5/32','MXN',0.3620,18.1000,16.00,2.8960,0.000,0.0000,0.000,0.0000,18.1000,20.9960,'2026-01-16 18:42:43','2026-01-16 18:42:43'),(119,47,30.000,'pz','RONDANA PLANA GALV 1/4','MXN',0.6723,20.1690,16.00,3.2270,0.000,0.0000,0.000,0.0000,20.1690,23.3960,'2026-01-16 18:42:43','2026-01-16 18:42:43'),(120,47,1.000,'pz','JUEGO 3 MACHUELOS AAC 5/32 - 32 NS','MXN',149.6100,149.6100,16.00,23.9376,0.000,0.0000,0.000,0.0000,149.6100,173.5476,'2026-01-16 18:42:43','2026-01-16 18:42:43'),(121,47,4.000,'pz','1MD15W40 ACEITE 15W40 946ML DIESEL MOBIL','MXN',179.8400,719.3600,16.00,115.0976,0.000,0.0000,0.000,0.0000,719.3600,834.4576,'2026-01-16 18:42:43','2026-01-16 18:42:43'),(122,47,1.000,'pz','TRU-17547 CAUTIN TIPO LAPIZ 60 WATTS - 230622','MXN',192.4800,192.4800,16.00,30.7968,0.000,0.0000,0.000,0.0000,192.4800,223.2768,'2026-01-16 18:42:43','2026-01-16 18:42:43'),(123,48,6.000,'PZ','3160 PIEDRA CINASA P/AFILAR 8X2X1 MOD 108','MXN',348.0000,2088.0000,16.00,334.0800,0.000,0.0000,0.000,0.0000,2088.0000,2422.0800,'2026-01-16 18:52:23','2026-01-16 18:52:23'),(124,49,3.000,'PZA','TONER NEGRO TN-1060 BROTHER','MXN',740.0000,2220.0000,16.00,355.2000,0.000,0.0000,0.000,0.0000,2220.0000,2575.2000,'2026-01-16 19:22:42','2026-01-16 19:22:42'),(125,50,7.000,'estudio','cemex-antidoping','MXN',1800.0000,12600.0000,16.00,2016.0000,0.000,0.0000,0.000,0.0000,12600.0000,14616.0000,'2026-01-16 23:43:39','2026-01-16 23:43:39'),(126,50,3.000,'estudio','antidoping','MXN',480.0000,1440.0000,16.00,230.4000,0.000,0.0000,0.000,0.0000,1440.0000,1670.4000,'2026-01-16 23:43:39','2026-01-16 23:43:39'),(127,50,8.000,'estudio','certificado medico','MXN',350.0000,2800.0000,16.00,448.0000,0.000,0.0000,0.000,0.0000,2800.0000,3248.0000,'2026-01-16 23:43:39','2026-01-16 23:43:39'),(128,50,1.000,'estudio','lentes','MXN',1800.0000,1800.0000,16.00,288.0000,0.000,0.0000,0.000,0.0000,1800.0000,2088.0000,'2026-01-16 23:43:39','2026-01-16 23:43:39'),(129,51,1.000,'SV','CARGO ADMINISTRACION','MXN',4000.0000,4000.0000,0.00,15.6098,0.000,0.0000,0.000,0.0000,4000.0000,4015.6098,'2026-01-19 15:38:15','2026-01-19 15:47:57'),(130,51,1.000,'SV','EFECTICARD COMBUSTIBLE','MXN',160000.0000,160000.0000,0.00,624.3902,0.000,0.0000,0.000,0.0000,160000.0000,160624.3902,'2026-01-19 15:38:15','2026-01-19 15:47:57'),(131,52,1.000,'SV','SERVICIO DE LOS 20 KL AGENCIA MITSU','MXN',7530.8400,7530.8400,16.00,1204.9344,0.000,0.0000,0.000,0.0000,7530.8400,8735.7744,'2026-01-19 17:09:42','2026-01-19 17:09:42'),(132,53,1.000,'pza','Radio para mina la herradura','MXN',13000.0000,13000.0000,16.00,2080.0000,0.000,0.0000,0.000,0.0000,13000.0000,15080.0000,'2026-01-19 17:29:04','2026-01-19 17:29:04'),(133,54,1.000,'srv','Reparación y servicio de lavadora','MXN',3500.0000,3500.0000,16.00,560.0000,1.250,43.7500,0.000,0.0000,3500.0000,4016.2500,'2026-01-19 17:57:07','2026-01-19 17:57:07'),(134,54,1.000,'srv','Reparación y servicio de secadora.','MXN',2800.0000,2800.0000,16.00,448.0000,1.250,35.0000,0.000,0.0000,2800.0000,3213.0000,'2026-01-19 17:57:07','2026-01-19 17:57:07'),(135,55,86.750,'kg','FLEJE METALICO 5/8\"','MXN',105.0000,9108.7500,16.00,1457.4000,0.000,0.0000,0.000,0.0000,9108.7500,10566.1500,'2026-01-19 18:09:20','2026-01-19 18:09:20'),(136,56,3.000,'PZA','CURSOS DE SEGURIDAD EN HERMOSILLO','MXN',1400.0000,4200.0000,16.00,672.0000,0.000,0.0000,0.000,0.0000,4200.0000,4872.0000,'2026-01-19 21:40:22','2026-01-19 21:40:22'),(137,57,3.000,'PZA','CURSO DE SEGURIDAD EN PEÑASCO','MXN',4200.0000,12600.0000,16.00,2016.0000,0.000,0.0000,0.000,0.0000,12600.0000,14616.0000,'2026-01-19 21:42:34','2026-01-19 21:42:34'),(138,58,1.000,'srv','servicio de grua','MXN',5000.0000,5000.0000,8.00,400.0000,1.250,62.5000,4.000,200.0000,5000.0000,5137.5000,'2026-01-19 22:52:17','2026-01-20 19:09:20'),(139,59,2.000,'pz','CONTACTOR AF38-30-10 100-250V CA/CD ABB','MXN',1821.6000,3643.2000,16.00,582.9120,0.000,0.0000,0.000,0.0000,3643.2000,4226.1120,'2026-01-20 00:06:43','2026-01-20 00:06:43'),(140,59,2.000,'pz','BLOCK AUX LATERAL CAL4-11N 1NA+1NC ABB','MXN',136.0000,272.0000,16.00,43.5200,0.000,0.0000,0.000,0.0000,272.0000,315.5200,'2026-01-20 00:06:43','2026-01-20 00:06:43'),(141,60,3.000,'PZA','RADIO PARA PERSONAL DE PIEDRAS VERDES','MXN',5969.3900,17908.1700,16.00,2865.3072,0.000,0.0000,0.000,0.0000,17908.1700,20773.4772,'2026-01-20 16:11:59','2026-01-20 16:11:59'),(142,61,5.000,'PZ','RESPALDO DE GOMA 7\" PARA LIJADORA MAKITA','MXN',595.0000,2975.0000,16.00,476.0000,0.000,0.0000,0.000,0.0000,2975.0000,3451.0000,'2026-01-20 16:19:17','2026-01-20 16:19:17'),(143,62,1.000,'PZA','PAPEL CARTA BOND BLANCO','MXN',965.5172,965.5172,16.00,154.4828,0.000,0.0000,0.000,0.0000,965.5172,1120.0000,'2026-01-20 22:48:05','2026-01-20 22:48:05'),(144,62,1.000,'PZA','CALCULADORA ESCRITORIO','MXN',67.2414,67.2414,16.00,10.7586,0.000,0.0000,0.000,0.0000,67.2414,78.0000,'2026-01-20 22:48:05','2026-01-20 22:48:05'),(145,62,4.000,'PZA','CARPETA VINIL 2 ARO BALNCA','MXN',110.3448,441.3792,16.00,70.6207,0.000,0.0000,0.000,0.0000,441.3792,511.9999,'2026-01-20 22:48:05','2026-01-20 22:48:05'),(146,62,2.000,'PZA','CORRECTOR LIQUIDO TIPO BROCHA','MXN',10.3448,20.6896,16.00,3.3103,0.000,0.0000,0.000,0.0000,20.6896,23.9999,'2026-01-20 22:48:05','2026-01-20 22:48:05'),(147,63,100.000,'cj','Cuchilla Utilitarias Gancho Acero al Carbono 1-7/8\" x 3/4\"  Artículo 6FUM6','MXN',77.5000,7750.0000,16.00,1240.0000,0.000,0.0000,0.000,0.0000,7750.0000,8990.0000,'2026-01-21 15:48:19','2026-01-21 15:48:19'),(148,64,1.000,'SV','SERVICIO DE CAMBIO DE ACEITE DE LOS 90 MIL','MXN',3611.1099,3611.1099,8.00,288.8888,0.000,0.0000,0.000,0.0000,3611.1099,3899.9987,'2026-01-21 22:57:14','2026-01-21 22:57:14'),(149,65,1.000,'SV','SERVICIO DE DESAZOLVE DE FOSA','MXN',7000.0000,7000.0000,16.00,1120.0000,0.000,0.0000,0.000,0.0000,7000.0000,8120.0000,'2026-01-22 15:33:00','2026-01-22 15:33:00'),(150,65,1.000,'SV','SERVICIO DE VACTOR SONDEO DE REGISTROS','MXN',5000.0000,5000.0000,16.00,800.0000,0.000,0.0000,0.000,0.0000,5000.0000,5800.0000,'2026-01-22 15:33:00','2026-01-22 15:33:00'),(151,66,1.000,'sv','MANO DE OBRA POR CAMBIO DE PIEZAS','MXN',732.7600,732.7600,16.00,117.2416,0.000,0.0000,0.000,0.0000,732.7600,850.0016,'2026-01-22 15:47:15','2026-01-22 15:47:15'),(152,67,2.000,'Pieza','Galon de pintura','MXN',887.9300,1775.8600,16.00,284.1376,0.000,0.0000,0.000,0.0000,1775.8600,2059.9976,'2026-01-22 17:17:18','2026-01-22 17:17:18'),(153,67,2.000,'Pieza','Thinner 100','MXN',146.5500,293.1000,16.00,46.8960,0.000,0.0000,0.000,0.0000,293.1000,339.9960,'2026-01-22 17:17:18','2026-01-22 17:17:18'),(154,68,1.000,'pz','CANALETA DE 1 VIA, 10 X 20, CON ADHESIVO','MXN',25.0000,25.0000,16.00,4.0000,0.000,0.0000,0.000,0.0000,25.0000,29.0000,'2026-01-23 15:26:29','2026-01-23 15:26:29'),(155,68,2.000,'pz','TUBO DE LED T8, PANTALLA TRANSP, B/FA8, 36 W, 2.4 M','MXN',224.1400,448.2800,16.00,71.7248,0.000,0.0000,0.000,0.0000,448.2800,520.0048,'2026-01-23 15:26:29','2026-01-23 15:26:29'),(156,68,2.000,'pz','TERMICO SQD 2 X 50 AMP QO250','MXN',693.9700,1387.9400,16.00,222.0704,0.000,0.0000,0.000,0.0000,1387.9400,1610.0104,'2026-01-23 15:26:29','2026-01-23 15:26:29'),(157,69,1.000,'pz','MEZCL ECOLÓGICA T/BAR P/LAV, DICA (4032)','MXN',286.2100,286.2100,16.00,45.7936,0.000,0.0000,0.000,0.0000,286.2100,332.0036,'2026-01-23 15:31:30','2026-01-23 15:31:30'),(158,69,1.000,'pz','JGO REPARACION P/SANITARIO 2\" CLASICO','MXN',149.5600,149.5600,16.00,23.9296,0.000,0.0000,0.000,0.0000,149.5600,173.4896,'2026-01-23 15:31:30','2026-01-23 15:31:30'),(159,69,1.000,'pz','MANG COFLEX EN T, T/MET, 1/2 X 1/2 X 1/2 (AL-T55)','MXN',192.5300,192.5300,16.00,30.8048,0.000,0.0000,0.000,0.0000,192.5300,223.3348,'2026-01-23 15:31:30','2026-01-23 15:31:30'),(160,69,3.000,'pz','FOCO LED T8 18W 65K 100-265V CLARO 1.20 M','MXN',56.0340,168.1020,16.00,26.8963,0.000,0.0000,0.000,0.0000,168.1020,194.9983,'2026-01-23 15:31:30','2026-01-23 15:31:30'),(161,70,1.000,'PZA','EXTINTOR DE PQS 2 KG','MXN',200.0000,200.0000,16.00,32.0000,0.000,0.0000,0.000,0.0000,200.0000,232.0000,'2026-01-23 16:27:03','2026-01-23 16:27:03'),(162,70,4.000,'PZA','EXTINTOR DE PQS 4.5 KG','MXN',260.0000,1040.0000,16.00,166.4000,0.000,0.0000,0.000,0.0000,1040.0000,1206.4000,'2026-01-23 16:27:03','2026-01-23 16:27:03'),(163,70,1.000,'PZA','EXTINTOR DE PQS 6 KG','MXN',280.0000,280.0000,16.00,44.8000,0.000,0.0000,0.000,0.0000,280.0000,324.8000,'2026-01-23 16:27:03','2026-01-23 16:27:03'),(164,70,13.000,'PZA','EXTINTOR DE PQS 9 KG','MXN',350.0000,4550.0000,16.00,728.0000,0.000,0.0000,0.000,0.0000,4550.0000,5278.0000,'2026-01-23 16:27:03','2026-01-23 16:27:03'),(165,70,1.000,'PZA','EXTINTOR DE PQS 50 KG','MXN',1950.0000,1950.0000,16.00,312.0000,0.000,0.0000,0.000,0.0000,1950.0000,2262.0000,'2026-01-23 16:27:03','2026-01-23 16:27:03'),(166,70,1.000,'PZA','EXTINTOR DE AFF 9 KG','MXN',200.0000,200.0000,16.00,32.0000,0.000,0.0000,0.000,0.0000,200.0000,232.0000,'2026-01-23 16:27:03','2026-01-23 16:27:03'),(167,70,1.000,'PZA','EXTINTOR DE AFF 50 KG','MXN',1150.0000,1150.0000,16.00,184.0000,0.000,0.0000,0.000,0.0000,1150.0000,1334.0000,'2026-01-23 16:27:03','2026-01-23 16:27:03'),(168,71,1.000,'PZA','EXTINTOR DE PQS 4.5 KG','MXN',260.0000,260.0000,16.00,41.6000,0.000,0.0000,0.000,0.0000,260.0000,301.6000,'2026-01-23 16:32:48','2026-01-23 16:32:48'),(169,71,3.000,'PZA','EXTINTOR DE PQS 50 KG','MXN',1950.0000,5850.0000,16.00,936.0000,0.000,0.0000,0.000,0.0000,5850.0000,6786.0000,'2026-01-23 16:32:48','2026-01-23 16:32:48');
/*!40000 ALTER TABLE `orden_compra_detalles` ENABLE KEYS */;
UNLOCK TABLES;

--
-- Table structure for table `ordenes_compra`
--

DROP TABLE IF EXISTS `ordenes_compra`;
/*!40101 SET @saved_cs_client     = @@character_set_client */;
/*!50503 SET character_set_client = utf8mb4 */;
CREATE TABLE `ordenes_compra` (
  `id` bigint unsigned NOT NULL AUTO_INCREMENT,
  `seq` bigint unsigned DEFAULT NULL,
  `empresa_tenant_id` bigint unsigned NOT NULL,
  `numero_orden` varchar(255) COLLATE utf8mb4_unicode_ci NOT NULL,
  `fecha` date DEFAULT NULL,
  `solicitante_id` bigint unsigned NOT NULL,
  `proveedor_id` bigint unsigned DEFAULT NULL,
  `descripcion` text COLLATE utf8mb4_unicode_ci,
  `notas` text COLLATE utf8mb4_unicode_ci,
  `monto` decimal(12,2) NOT NULL DEFAULT '0.00',
  `factura` varchar(255) COLLATE utf8mb4_unicode_ci DEFAULT NULL,
  `estado` varchar(20) COLLATE utf8mb4_unicode_ci NOT NULL DEFAULT 'abierta',
  `recepcion` varchar(255) COLLATE utf8mb4_unicode_ci NOT NULL DEFAULT 'sin recepción',
  `created_at` timestamp NULL DEFAULT NULL,
  `updated_at` timestamp NULL DEFAULT NULL,
  `created_by` bigint unsigned DEFAULT NULL,
  `updated_by` bigint unsigned DEFAULT NULL,
  PRIMARY KEY (`id`),
  UNIQUE KEY `oc_tenant_numero_unique` (`empresa_tenant_id`,`numero_orden`),
  UNIQUE KEY `oc_tenant_seq_unique` (`empresa_tenant_id`,`seq`),
  KEY `ordenes_compra_solicitante_id_foreign` (`solicitante_id`),
  KEY `ordenes_compra_empresa_tenant_id_index` (`empresa_tenant_id`),
  KEY `ordenes_compra_proveedor_id_index` (`proveedor_id`),
  KEY `idx_oc_proveedor_id` (`proveedor_id`),
  KEY `ordenes_compra_seq_index` (`seq`),
  KEY `ordenes_compra_created_by_foreign` (`created_by`),
  KEY `ordenes_compra_updated_by_foreign` (`updated_by`),
  KEY `ordenes_compra_estado_index` (`estado`),
  CONSTRAINT `fk_oc_proveedor` FOREIGN KEY (`proveedor_id`) REFERENCES `proveedores` (`id`) ON DELETE SET NULL ON UPDATE CASCADE,
  CONSTRAINT `ordenes_compra_created_by_foreign` FOREIGN KEY (`created_by`) REFERENCES `users` (`id`) ON DELETE SET NULL,
  CONSTRAINT `ordenes_compra_empresa_tenant_id_foreign` FOREIGN KEY (`empresa_tenant_id`) REFERENCES `empresas` (`id`) ON DELETE CASCADE,
  CONSTRAINT `ordenes_compra_solicitante_id_foreign` FOREIGN KEY (`solicitante_id`) REFERENCES `colaboradores` (`id`) ON DELETE RESTRICT,
  CONSTRAINT `ordenes_compra_updated_by_foreign` FOREIGN KEY (`updated_by`) REFERENCES `users` (`id`) ON DELETE SET NULL
) ENGINE=InnoDB AUTO_INCREMENT=72 DEFAULT CHARSET=utf8mb4 COLLATE=utf8mb4_unicode_ci;
/*!40101 SET character_set_client = @saved_cs_client */;

--
-- Dumping data for table `ordenes_compra`
--

LOCK TABLES `ordenes_compra` WRITE;
/*!40000 ALTER TABLE `ordenes_compra` DISABLE KEYS */;
INSERT INTO `ordenes_compra` VALUES (2,NULL,2,'UF-6716','2025-12-29',28,111,'Trapos y emplaye para uso de taller','FAVOR DE AGREGAR # DE ORDEN DE COMPRA A LA FACTURA Y ENVIAR LA FACTURA A jose.uriel@reprosisa.com.mx Y almacen@reprosisa.com.mx',2170.77,NULL,'abierta','recibido','2025-12-29 19:44:41','2025-12-29 23:58:04',9,9),(3,NULL,2,'JF-6717','2025-12-29',24,47,'Cartucho para impresoras oficina operaciones (isidro) y U.S. Chihuahua (Juan Carlos Montaño)',NULL,7424.00,NULL,'abierta','recibido','2025-12-29 22:15:06','2026-01-09 15:54:46',15,15),(4,NULL,2,'UF-6718','2025-12-30',21,12,'Brochas consumo taller','Favor de enviar la factura también al correo de jose.franco@reprosisa.com.mx',1046.32,NULL,'abierta','recibido','2025-12-30 23:25:46','2025-12-30 23:27:52',9,9),(5,NULL,2,'LP-6719','2026-01-05',26,52,'servicio de calibración de higrómetro','Equipo para calibración (termohigrómetro).',1120.56,NULL,'abierta','sin_recepcion','2026-01-05 15:49:56','2026-01-05 15:49:56',12,NULL),(6,NULL,2,'LP-6720','2026-01-05',26,48,'terminales para los cableado electrico',NULL,675.84,NULL,'abierta','sin_recepcion','2026-01-05 18:48:45','2026-01-05 18:48:45',12,NULL),(7,NULL,2,'EE-6721','2026-01-05',10,7,'material de oficina papeleria','papeleria oficina sahuaro',1963.00,NULL,'abierta','sin_recepcion','2026-01-05 19:50:16','2026-01-05 19:50:16',10,NULL),(8,NULL,2,'EE-6722','2026-01-05',10,13,'SERVICIO EN AGENCIA RAM 2022 DE LOS 65 MIL','SERVICIO RAM 2022 PLC UM-7920A DE LOS 65 MIL',7645.26,NULL,'abierta','recibido','2026-01-05 22:55:56','2026-01-12 23:48:26',10,10),(9,NULL,2,'UF-6723','2026-01-05',21,12,'Brochas para reposición taller','Favor de enviar la factura también al correo jose.franco@reprosisa.com.mx',2511.17,NULL,'abierta','recibido','2026-01-05 23:40:56','2026-01-12 15:18:32',9,9),(10,NULL,2,'UF-6724','2026-01-06',21,111,'Reposición de slingas grises','FAVOR DE ENVIAR LA FACTURA TAMBIÉN AL CORREO jose.franco@reprosisa.com.mx',4939.42,NULL,'abierta','sin_recepcion','2026-01-06 15:26:45','2026-01-06 15:26:45',9,NULL),(11,NULL,2,'LV-6725','2026-01-06',28,60,'galones para solventes\r\ncotizacion-PE12290','ENVASE PLASTICO 4 LTS. GRADUADO \"FE\"',3480.00,NULL,'abierta','recibido','2026-01-06 16:15:12','2026-01-08 22:06:46',6,6),(12,NULL,2,'VJ-6726','2026-01-06',37,111,'Material para consumo de taller.',NULL,2423.96,NULL,'abierta','recibido','2026-01-06 21:56:26','2026-01-13 00:13:48',11,11),(13,NULL,2,'LP-6727','2026-01-07',26,37,'material de consumo',NULL,635.05,NULL,'abierta','recibido','2026-01-07 22:20:13','2026-01-15 16:32:56',12,12),(14,NULL,2,'LP-6728','2026-01-07',26,49,'Material de consumo',NULL,1752.94,NULL,'abierta','recibido','2026-01-07 22:30:01','2026-01-15 16:33:00',12,12),(15,NULL,2,'MZ-6729','2026-01-07',31,74,'Micas para casco de sandblasteo',NULL,1804.03,NULL,'abierta','sin_recepcion','2026-01-07 23:08:23','2026-01-07 23:08:23',8,NULL),(16,NULL,2,'EE-6730','2026-01-08',10,14,'bateria para chevrolet 2010 plc VD-60352','COMPRA DE BATERIA A CHEVROLET 2010 REPRONAVE',4980.00,NULL,'abierta','recibido','2026-01-08 15:43:08','2026-01-12 23:46:29',10,10),(17,NULL,2,'LV-6731','2026-01-08',28,25,'flete a cd juarez remision 1354',NULL,41180.00,NULL,'abierta','recibido','2026-01-08 22:03:53','2026-01-13 16:50:38',6,6),(18,NULL,2,'MZ-6732','2026-01-08',31,15,'Material para trabajo de cemex',NULL,9027.12,NULL,'abierta','sin_recepcion','2026-01-09 00:34:15','2026-01-09 00:34:15',8,NULL),(19,NULL,2,'JF-6733','2026-01-09',24,47,'Mantenimiento a impresora oficina sahuaro.',NULL,3277.00,NULL,'abierta','recibido','2026-01-09 15:58:53','2026-01-09 16:03:44',15,15),(20,NULL,2,'EE-6734','2026-01-09',10,49,'compra de aceite para rellenar camioneta niveles COT H5202','MATERIAL PARA RELLENAR NOVELES DE ACEITE CAMIONETAS',1450.81,NULL,'abierta','recibido','2026-01-09 16:12:16','2026-01-12 23:47:18',10,10),(21,NULL,2,'EE-6735','2026-01-09',10,19,'MATERIAL DE LIMPIEZA OFICINA REPROSISA','MATERIAL DE LIMPIEZA REPROSISA',2498.40,NULL,'abierta','recibido','2026-01-09 16:33:47','2026-01-12 23:45:41',10,10),(22,NULL,2,'UF-6736','2026-01-09',21,12,'Repuestos de navaja para taller sahuaro','FAVOR DE ENVIAR LA FACTURA AL CORREO jose.franco@reprosisa.com.mx',2579.84,NULL,'abierta','recibido','2026-01-09 16:49:16','2026-01-12 15:13:22',9,9),(23,NULL,2,'UF-6737','2026-01-09',21,12,'Eslingas para reposición de taller repronave y taller sahuaro','FAVOR DE ENVIAR LA FACTURA TAMBIÉN AL CORREO jose.franco@reprosisa.com.mx',18402.24,NULL,'abierta','recibido','2026-01-09 17:01:24','2026-01-16 18:54:12',9,9),(24,NULL,2,'UF-6738','2026-01-09',21,101,'Reposición herramienta milpillas','Favor de enviar la factura al correo jose.franco@reprosisa.com.mx',19477.24,NULL,'abierta','recibido','2026-01-09 19:27:11','2026-01-12 15:14:00',9,9),(25,NULL,2,'UF-6739','2026-01-09',21,101,'Reposición de herramienta milpillas','Favor de enviar la factura al correo jose.franco@reprosisa.com.mx',11674.55,NULL,'abierta','recibido','2026-01-09 19:31:58','2026-01-12 15:14:01',9,9),(26,NULL,2,'EE-6740','2026-01-09',10,9,'BANAMEX            REFERENCIA 0000000PD00977296885\r\nCUENTA 661/2822288\r\nCLABE  124-180-066128222885','PEDIDO EFECTIVALE\r\n\r\nBANAMEX            REFERENCIA 0000000PD00977296885\r\nCUENTA 661/2822288\r\nCLABE  124-180-066128222885',164640.00,NULL,'abierta','sin_recepcion','2026-01-09 22:52:32','2026-01-09 22:57:50',10,1),(27,NULL,2,'LV-6741','2026-01-09',28,171,'rentar de andamios para la instalación de placas en chute de criba C2 para cananea',NULL,2484.00,NULL,'abierta','recibido','2026-01-10 01:21:27','2026-01-13 16:50:22',6,6),(28,NULL,2,'EE-6742','2026-01-12',10,4,'SERVICIO CAMBIO ACEITE FORD F150','SERVICIO DE CAMBIO DE ACEITE FORD F150 2021 DE CHIHUAHUA',2200.00,NULL,'abierta','sin_recepcion','2026-01-12 17:00:58','2026-01-12 17:00:58',10,NULL),(29,NULL,2,'EE-6743','2026-01-12',10,21,'REPARACION DE FRENOS FROD F150 2021 DE CHIHUAHUA','FORD F150 2021  CHIHUAHUA\r\nPLACAS UY-1997A\r\nKILOMETRAJE    131538',7674.85,NULL,'abierta','sin_recepcion','2026-01-12 17:29:20','2026-01-14 23:22:45',10,1),(30,NULL,2,'EE-6744','2026-01-12',10,21,'SERVICIO DE FRENOS A MAVRICK 2022','MAVRICK 2022\r\nPLACAS UM-2458A\r\nKILOMETRAJE  168598',3436.50,NULL,'abierta','sin_recepcion','2026-01-12 17:33:49','2026-01-14 23:21:15',10,1),(31,NULL,2,'EE-6745','2026-01-12',10,21,'FRENOS DE RAM 2020','RAM 2020\r\nPLACAS VE-68806\r\nKILOMETRAJE 185868',2520.10,NULL,'abierta','sin_recepcion','2026-01-12 17:37:09','2026-01-14 23:22:01',10,1),(32,NULL,2,'EE-6746','2026-01-12',10,19,'material de limpieza oficina','MATERIAL DE LIMPIEZA OFICINA SAHUARO',1845.47,NULL,'abierta','sin_recepcion','2026-01-13 00:06:18','2026-01-13 00:06:18',10,NULL),(33,NULL,2,'EE-6747','2026-01-13',12,54,'LLANTAS DE VAN EXPRESS 2017','VAN EXPRESS 2017\r\nPLCAS  WDP-143B\r\nKILOMET:  204102',3060.00,NULL,'abierta','recibido','2026-01-13 16:48:26','2026-01-14 16:20:01',10,10),(34,NULL,2,'EE-6748','2026-01-13',10,84,'reparacion de falla de motor toyota hilux 2020','toyota 2020\r\nplc  VE-45871\r\nKILOMET  240135',6844.00,NULL,'abierta','recibido','2026-01-13 17:01:26','2026-01-15 15:55:47',10,10),(35,NULL,2,'EE-6749','2026-01-13',10,172,'FRENOS CHEVROLET 2015 MEXICALI','CHEVROLET 2015\r\nPLACAS VE-19688\r\nKILOMETR  313773',3500.62,NULL,'abierta','sin_recepcion','2026-01-13 17:47:01','2026-01-13 17:47:01',10,NULL),(36,NULL,2,'UF-6750','2026-01-13',21,12,'Herramienta a cambio de la herradura pulidor y compresor','FAVOR DE ENVIAR LA FACTURA AL SIGUIENTE CORREO jose.franco@reprosisa.com.mx',11931.95,NULL,'abierta','recibido','2026-01-13 18:54:18','2026-01-16 18:54:04',9,9),(37,NULL,2,'VJ-6751','2026-01-13',37,70,NULL,'Pintura para placas y tuberia.',2399.99,NULL,'abierta','sin_recepcion','2026-01-13 19:36:56','2026-01-13 19:36:56',11,NULL),(38,NULL,2,'EE-6752','2026-01-13',10,14,'VAN EXPRESS 2017','VAN EXPRESS 2017\r\nWDP-143B\r\nKILOMT 204080',4430.01,NULL,'abierta','sin_recepcion','2026-01-13 22:46:19','2026-01-13 22:46:19',10,NULL),(39,NULL,2,'LV-6753','2026-01-14',28,12,'Navajas retráctil consumo',NULL,2080.27,NULL,'abierta','recibido','2026-01-14 15:57:34','2026-01-14 21:56:20',6,6),(40,NULL,2,'IE-6754','2026-01-14',12,70,'PINTURA PARA CICLON Y PINTURA PARA PORTA CLIPS',NULL,2399.99,NULL,'abierta','sin_recepcion','2026-01-14 17:30:24','2026-01-14 17:30:24',13,NULL),(41,NULL,2,'LV-6755','2026-01-14',28,10,'pegamento para elaborar faldon',NULL,32289.76,NULL,'abierta','sin_recepcion','2026-01-14 21:51:54','2026-01-14 21:51:54',6,NULL),(42,NULL,2,'EE-6756','2026-01-15',10,4,'servicio de cambio aceite chevroelt 2022 rojo','CHEVROLET 2022\r\nPLC  UM-2456A\r\nKL    176733',2750.00,NULL,'abierta','sin_recepcion','2026-01-15 16:03:15','2026-01-15 16:03:15',10,NULL),(43,NULL,2,'LP-6757','2026-01-15',26,37,'tubos de led para lamparas',NULL,5428.10,NULL,'abierta','sin_recepcion','2026-01-15 16:04:12','2026-01-19 18:50:08',12,1),(44,NULL,2,'EE-6758','2026-01-15',10,18,'ROTACION DE LLANTAS CHEVROLET 2010','CHEVROLET 2010\r\nPLC  VB-85135\r\nKL   534334',1136.02,NULL,'abierta','sin_recepcion','2026-01-15 16:22:06','2026-01-16 18:54:09',10,1),(45,NULL,2,'VJ-6759','2026-01-15',37,111,'Material p/ consumo de taller y llantas de carretilla y diablo.','Material de consumo y llantas p/carretilla y diablo',2336.15,NULL,'abierta','sin_recepcion','2026-01-15 17:33:20','2026-01-15 17:33:20',11,NULL),(46,NULL,2,'EE-6760','2026-01-15',10,91,'TOYOTA HILUX 2020 CANANEA','TOYOTA HILUX 2020\r\nPLC   VE-45871\r\nKL 240640',2150.00,NULL,'abierta','sin_recepcion','2026-01-15 23:25:51','2026-01-15 23:25:51',10,NULL),(47,NULL,2,'LP-6761','2026-01-16',26,49,'consumibles',NULL,1398.67,NULL,'abierta','sin_recepcion','2026-01-16 18:42:43','2026-01-16 18:42:43',12,NULL),(48,NULL,2,'UF-6762','2026-01-16',21,12,'Piedras para consumo  taller sahuaro','Favor de enviar la factura al correo jose.franco@reprosisa.com.mx',2422.08,NULL,'abierta','recibido','2026-01-16 18:52:23','2026-01-16 18:53:52',9,9),(49,NULL,2,'JF-6763','2026-01-16',24,47,'Toner 1060 para stock',NULL,2575.20,NULL,'abierta','sin_recepcion','2026-01-16 19:22:42','2026-01-16 19:22:42',15,NULL),(50,NULL,2,'MZ-6764','2026-01-16',31,123,NULL,'estudios de personal para  ingresar a las unidades de servicio siendo: Cemex, Banamichi, Gcc, y lente para personal de Juárez.',21622.40,NULL,'abierta','sin_recepcion','2026-01-16 23:43:39','2026-01-16 23:43:39',8,NULL),(51,NULL,2,'EE-6765','2026-01-19',10,9,'gasolina del 09 al 19 enero 26','BANAMEX REFERENCIA 0000000PD00979340578\r\nCUENTA  661/2822288\r\nCLABE  124-180-066128222885',164640.00,NULL,'abierta','sin_recepcion','2026-01-19 15:38:15','2026-01-19 15:47:57',10,1),(52,NULL,2,'EE-6766','2026-01-19',10,32,'SERVICIO MITSU 2025 ALEJANDRO LUGO DE LOS 20 MIL','MITSU 2025 ALEJANDRO LUGO \r\nPLC VE-7852A\r\nKL 20242',8735.77,NULL,'abierta','sin_recepcion','2026-01-19 17:09:42','2026-01-19 17:09:42',10,NULL),(53,NULL,2,'MZ-6767','2026-01-19',31,164,'RADIO PARA PERSONAL DE LA HERRADURA','RADIO PARA EL PERSONAL DE LA MINA HERRADURA EN PEÑASCO',15080.00,NULL,'abierta','sin_recepcion','2026-01-19 17:29:04','2026-01-19 17:29:04',8,NULL),(54,NULL,2,'LV-6768','2026-01-19',28,173,'servicios de lavadoras y secadoras\r\nfacturas 166 y 167','Se entregará al día siguiente el equipo, una vez pagado el servicio.',7229.25,NULL,'abierta','recibido','2026-01-19 17:57:07','2026-01-19 18:16:18',6,6),(55,NULL,2,'LV-6769','2026-01-19',28,80,'fleje de fierro','BANCO:     BANAMEX\r\nCUENTA:	5874283\r\nCLABE:	    0027 6006 0258 7428 38',10566.15,NULL,'abierta','sin_recepcion','2026-01-19 18:09:20','2026-01-19 18:09:20',6,NULL),(56,NULL,2,'MZ-6770','2026-01-19',31,38,'CURSOS DE SEGURIDAD EN HERMOSILLO Y PEÑASCO','cursos de seguridad en hermosillo',4872.00,NULL,'abierta','sin_recepcion','2026-01-19 21:40:22','2026-01-19 21:40:22',8,NULL),(57,NULL,2,'MZ-6771','2026-01-19',31,38,'CURSOS DE SEGURIDAD EN PEÑASCO','CURSOS DE SEGURIDAD QUE SE DIERON EN PEÑASCO',14616.00,NULL,'abierta','sin_recepcion','2026-01-19 21:42:34','2026-01-19 21:42:34',8,NULL),(58,NULL,2,'LV-6772','2026-01-19',28,175,'servico de grua para sacar un carro de mina en cananea',NULL,5137.50,NULL,'abierta','sin_recepcion','2026-01-19 22:52:17','2026-01-20 19:09:20',6,1),(59,NULL,2,'LP-6773','2026-01-19',26,116,'Contactores para prensas',NULL,4541.63,NULL,'abierta','sin_recepcion','2026-01-20 00:06:43','2026-01-20 00:06:43',12,NULL),(60,NULL,2,'MZ-6774','2026-01-20',31,164,'RADIOS PARA PERSONAL DE MINAS PIEDRAS VERDES EN ALAMOS','radio para personal de mina  piedras verdes',20773.48,NULL,'abierta','sin_recepcion','2026-01-20 16:11:59','2026-01-20 16:11:59',8,NULL),(61,NULL,2,'UF-6775','2026-01-20',21,53,'Respaldos de goma para pulidores','FAVOR DE ENVIAR LA FACTURA A jose.franco@reprosisa.com.mx',3451.00,NULL,'abierta','sin_recepcion','2026-01-20 16:19:17','2026-01-20 16:19:17',9,NULL),(62,NULL,2,'EE-6776','2026-01-20',10,7,'MATERIAL DE OFICINA PENMONT','MATERIAL DE PAPELERIA OFICINA',1734.00,NULL,'abierta','sin_recepcion','2026-01-20 22:48:05','2026-01-20 22:48:05',10,NULL),(63,NULL,2,'LV-6777','2026-01-21',28,43,'navaja de gancho','BANCO	BANCOMER\r\nCUENTA 012580001013203194',8990.00,NULL,'abierta','sin_recepcion','2026-01-21 15:48:19','2026-01-21 15:48:19',6,NULL),(64,NULL,2,'EE-6778','2026-01-21',10,95,'SERVICIO FORD F150 MINERA PENMONT','FORD F150 2024 UNIAD DE SERVIICO MINERA PENMONT \r\nPLC VB-8549-A\r\nKL- 89266',3900.00,NULL,'abierta','sin_recepcion','2026-01-21 22:57:14','2026-01-21 22:57:14',10,NULL),(65,NULL,2,'EE-6779','2026-01-22',10,56,'LIMPIEZA FOSA SEPTICA','SERVICIO DE LIMPIEZA DE REGISTROS YDESAZOLVE DE FOSA REPRONAVE',13920.00,NULL,'abierta','sin_recepcion','2026-01-22 15:33:00','2026-01-22 15:33:00',10,NULL),(66,NULL,2,'EE-6780','2026-01-22',10,100,'cambio de soporte y cruceta hilux cananea','TOYOTA HILUX 2020 CANANEA\r\nPLC VE-45871\r\nKL  240640',850.00,NULL,'abierta','sin_recepcion','2026-01-22 15:47:15','2026-01-22 15:47:15',10,NULL),(67,NULL,2,'VJ-6781','2026-01-22',37,70,'Pintura para placas.','Pintura para placas.',2399.99,NULL,'abierta','sin_recepcion','2026-01-22 17:17:18','2026-01-22 17:17:18',11,NULL),(68,NULL,2,'LP-6782','2026-01-23',26,37,'material para alumbrado',NULL,2159.02,NULL,'abierta','sin_recepcion','2026-01-23 15:26:29','2026-01-23 15:26:29',12,NULL),(69,NULL,2,'LP-6783','2026-01-23',26,37,'Material para reparación de baño',NULL,923.82,NULL,'abierta','sin_recepcion','2026-01-23 15:31:30','2026-01-23 15:31:30',12,NULL),(70,NULL,2,'MZ-6784','2026-01-23',31,162,'SERVICIO A EXTINTORES MES DE JULIO/2025',NULL,10869.20,NULL,'abierta','sin_recepcion','2026-01-23 16:27:03','2026-01-23 16:27:03',8,NULL),(71,NULL,2,'MZ-6785','2026-01-23',31,162,'SERVICIO DE EXTINTORES MES ENERO/2025','SERVICIO A EXTINTORES ENERO/2025, NO SE REALIZO ORDEN DE COMPRA EN SU MOMENTO POR EL RESPONSABLE',7087.60,NULL,'abierta','sin_recepcion','2026-01-23 16:32:48','2026-01-23 16:32:48',8,NULL);
/*!40000 ALTER TABLE `ordenes_compra` ENABLE KEYS */;
UNLOCK TABLES;

--
-- Table structure for table `password_reset_tokens`
--

DROP TABLE IF EXISTS `password_reset_tokens`;
/*!40101 SET @saved_cs_client     = @@character_set_client */;
/*!50503 SET character_set_client = utf8mb4 */;
CREATE TABLE `password_reset_tokens` (
  `email` varchar(255) COLLATE utf8mb4_unicode_ci NOT NULL,
  `token` varchar(255) COLLATE utf8mb4_unicode_ci NOT NULL,
  `created_at` timestamp NULL DEFAULT NULL,
  PRIMARY KEY (`email`)
) ENGINE=InnoDB DEFAULT CHARSET=utf8mb4 COLLATE=utf8mb4_unicode_ci;
/*!40101 SET character_set_client = @saved_cs_client */;

--
-- Dumping data for table `password_reset_tokens`
--

LOCK TABLES `password_reset_tokens` WRITE;
/*!40000 ALTER TABLE `password_reset_tokens` DISABLE KEYS */;
/*!40000 ALTER TABLE `password_reset_tokens` ENABLE KEYS */;
UNLOCK TABLES;

--
-- Table structure for table `permissions`
--

DROP TABLE IF EXISTS `permissions`;
/*!40101 SET @saved_cs_client     = @@character_set_client */;
/*!50503 SET character_set_client = utf8mb4 */;
CREATE TABLE `permissions` (
  `id` bigint unsigned NOT NULL AUTO_INCREMENT,
  `name` varchar(255) COLLATE utf8mb4_unicode_ci NOT NULL,
  `guard_name` varchar(255) COLLATE utf8mb4_unicode_ci NOT NULL,
  `created_at` timestamp NULL DEFAULT NULL,
  `updated_at` timestamp NULL DEFAULT NULL,
  PRIMARY KEY (`id`),
  UNIQUE KEY `permissions_name_guard_name_unique` (`name`,`guard_name`)
) ENGINE=InnoDB AUTO_INCREMENT=45 DEFAULT CHARSET=utf8mb4 COLLATE=utf8mb4_unicode_ci;
/*!40101 SET character_set_client = @saved_cs_client */;

--
-- Dumping data for table `permissions`
--

LOCK TABLES `permissions` WRITE;
/*!40000 ALTER TABLE `permissions` DISABLE KEYS */;
INSERT INTO `permissions` VALUES (1,'colaboradores.view','web','2025-12-11 23:49:35','2025-12-11 23:49:35'),(2,'colaboradores.create','web','2025-12-11 23:49:35','2025-12-11 23:49:35'),(3,'colaboradores.edit','web','2025-12-11 23:49:35','2025-12-11 23:49:35'),(4,'colaboradores.delete','web','2025-12-11 23:49:35','2025-12-11 23:49:35'),(5,'areas.view','web','2025-12-11 23:49:35','2025-12-11 23:49:35'),(6,'areas.create','web','2025-12-11 23:49:35','2025-12-11 23:49:35'),(7,'areas.edit','web','2025-12-11 23:49:35','2025-12-11 23:49:35'),(8,'areas.delete','web','2025-12-11 23:49:35','2025-12-11 23:49:35'),(9,'unidades.view','web','2025-12-11 23:49:35','2025-12-11 23:49:35'),(10,'unidades.create','web','2025-12-11 23:49:35','2025-12-11 23:49:35'),(11,'unidades.edit','web','2025-12-11 23:49:35','2025-12-11 23:49:35'),(12,'unidades.delete','web','2025-12-11 23:49:35','2025-12-11 23:49:35'),(13,'puestos.view','web','2025-12-11 23:49:35','2025-12-11 23:49:35'),(14,'puestos.create','web','2025-12-11 23:49:35','2025-12-11 23:49:35'),(15,'puestos.edit','web','2025-12-11 23:49:35','2025-12-11 23:49:35'),(16,'puestos.delete','web','2025-12-11 23:49:35','2025-12-11 23:49:35'),(17,'subsidiarias.view','web','2025-12-11 23:49:35','2025-12-11 23:49:35'),(18,'subsidiarias.create','web','2025-12-11 23:49:35','2025-12-11 23:49:35'),(19,'subsidiarias.edit','web','2025-12-11 23:49:35','2025-12-11 23:49:35'),(20,'subsidiarias.delete','web','2025-12-11 23:49:35','2025-12-11 23:49:35'),(21,'productos.view','web','2025-12-11 23:49:35','2025-12-11 23:49:35'),(22,'productos.create','web','2025-12-11 23:49:35','2025-12-11 23:49:35'),(23,'productos.edit','web','2025-12-11 23:49:35','2025-12-11 23:49:35'),(24,'productos.delete','web','2025-12-11 23:49:35','2025-12-11 23:49:35'),(25,'responsivas.view','web','2025-12-11 23:49:35','2025-12-11 23:49:35'),(26,'responsivas.create','web','2025-12-11 23:49:35','2025-12-11 23:49:35'),(27,'responsivas.edit','web','2025-12-11 23:49:35','2025-12-11 23:49:35'),(28,'responsivas.delete','web','2025-12-11 23:49:35','2025-12-11 23:49:35'),(29,'oc.view','web','2025-12-11 23:49:35','2025-12-11 23:49:35'),(30,'oc.create','web','2025-12-11 23:49:35','2025-12-11 23:49:35'),(31,'oc.edit','web','2025-12-11 23:49:35','2025-12-11 23:49:35'),(32,'oc.delete','web','2025-12-11 23:49:35','2025-12-11 23:49:35'),(33,'proveedores.view','web','2025-12-11 23:49:35','2025-12-11 23:49:35'),(34,'proveedores.create','web','2025-12-11 23:49:35','2025-12-11 23:49:35'),(35,'proveedores.edit','web','2025-12-11 23:49:35','2025-12-11 23:49:35'),(36,'proveedores.delete','web','2025-12-11 23:49:35','2025-12-11 23:49:35'),(37,'devoluciones.view','web','2025-12-11 23:49:35','2025-12-11 23:49:35'),(38,'devoluciones.create','web','2025-12-11 23:49:35','2025-12-11 23:49:35'),(39,'devoluciones.edit','web','2025-12-11 23:49:35','2025-12-11 23:49:35'),(40,'devoluciones.delete','web','2025-12-11 23:49:35','2025-12-11 23:49:35'),(41,'cartuchos.view','web','2026-01-13 22:07:41','2026-01-13 22:07:41'),(42,'cartuchos.create','web','2026-01-13 22:07:41','2026-01-13 22:07:41'),(43,'cartuchos.edit','web','2026-01-13 22:07:41','2026-01-13 22:07:41'),(44,'cartuchos.delete','web','2026-01-13 22:07:41','2026-01-13 22:07:41');
/*!40000 ALTER TABLE `permissions` ENABLE KEYS */;
UNLOCK TABLES;

--
-- Table structure for table `producto_existencias`
--

DROP TABLE IF EXISTS `producto_existencias`;
/*!40101 SET @saved_cs_client     = @@character_set_client */;
/*!50503 SET character_set_client = utf8mb4 */;
CREATE TABLE `producto_existencias` (
  `id` bigint unsigned NOT NULL AUTO_INCREMENT,
  `empresa_tenant_id` bigint unsigned NOT NULL,
  `producto_id` bigint unsigned NOT NULL,
  `cantidad` int unsigned NOT NULL DEFAULT '0',
  `created_at` timestamp NULL DEFAULT NULL,
  `updated_at` timestamp NULL DEFAULT NULL,
  PRIMARY KEY (`id`),
  UNIQUE KEY `ux_tenant_producto_stock` (`empresa_tenant_id`,`producto_id`),
  KEY `producto_existencias_producto_id_foreign` (`producto_id`),
  KEY `producto_existencias_empresa_tenant_id_index` (`empresa_tenant_id`),
  CONSTRAINT `producto_existencias_producto_id_foreign` FOREIGN KEY (`producto_id`) REFERENCES `productos` (`id`) ON DELETE CASCADE ON UPDATE CASCADE
) ENGINE=InnoDB DEFAULT CHARSET=utf8mb4 COLLATE=utf8mb4_unicode_ci;
/*!40101 SET character_set_client = @saved_cs_client */;

--
-- Dumping data for table `producto_existencias`
--

LOCK TABLES `producto_existencias` WRITE;
/*!40000 ALTER TABLE `producto_existencias` DISABLE KEYS */;
/*!40000 ALTER TABLE `producto_existencias` ENABLE KEYS */;
UNLOCK TABLES;

--
-- Table structure for table `producto_movimientos`
--

DROP TABLE IF EXISTS `producto_movimientos`;
/*!40101 SET @saved_cs_client     = @@character_set_client */;
/*!50503 SET character_set_client = utf8mb4 */;
CREATE TABLE `producto_movimientos` (
  `id` bigint unsigned NOT NULL AUTO_INCREMENT,
  `empresa_tenant_id` bigint unsigned NOT NULL,
  `producto_id` bigint unsigned NOT NULL,
  `user_id` bigint unsigned NOT NULL,
  `tipo` enum('entrada','salida','ajuste') COLLATE utf8mb4_unicode_ci NOT NULL,
  `cantidad` int NOT NULL,
  `motivo` varchar(255) COLLATE utf8mb4_unicode_ci DEFAULT NULL,
  `referencia` varchar(255) COLLATE utf8mb4_unicode_ci DEFAULT NULL,
  `created_at` timestamp NULL DEFAULT NULL,
  `updated_at` timestamp NULL DEFAULT NULL,
  PRIMARY KEY (`id`),
  KEY `producto_movimientos_producto_id_foreign` (`producto_id`),
  KEY `producto_movimientos_user_id_foreign` (`user_id`),
  KEY `ix_mov_tenant_producto` (`empresa_tenant_id`,`producto_id`),
  KEY `producto_movimientos_empresa_tenant_id_index` (`empresa_tenant_id`),
  CONSTRAINT `producto_movimientos_producto_id_foreign` FOREIGN KEY (`producto_id`) REFERENCES `productos` (`id`) ON DELETE CASCADE ON UPDATE CASCADE,
  CONSTRAINT `producto_movimientos_user_id_foreign` FOREIGN KEY (`user_id`) REFERENCES `users` (`id`) ON DELETE RESTRICT ON UPDATE CASCADE
) ENGINE=InnoDB DEFAULT CHARSET=utf8mb4 COLLATE=utf8mb4_unicode_ci;
/*!40101 SET character_set_client = @saved_cs_client */;

--
-- Dumping data for table `producto_movimientos`
--

LOCK TABLES `producto_movimientos` WRITE;
/*!40000 ALTER TABLE `producto_movimientos` DISABLE KEYS */;
/*!40000 ALTER TABLE `producto_movimientos` ENABLE KEYS */;
UNLOCK TABLES;

--
-- Table structure for table `producto_serie_fotos`
--

DROP TABLE IF EXISTS `producto_serie_fotos`;
/*!40101 SET @saved_cs_client     = @@character_set_client */;
/*!50503 SET character_set_client = utf8mb4 */;
CREATE TABLE `producto_serie_fotos` (
  `id` bigint unsigned NOT NULL AUTO_INCREMENT,
  `producto_serie_id` bigint unsigned NOT NULL,
  `path` varchar(255) COLLATE utf8mb4_unicode_ci NOT NULL,
  `caption` varchar(255) COLLATE utf8mb4_unicode_ci DEFAULT NULL,
  `defecto` tinyint(1) NOT NULL DEFAULT '0',
  `created_at` timestamp NULL DEFAULT NULL,
  `updated_at` timestamp NULL DEFAULT NULL,
  PRIMARY KEY (`id`),
  KEY `producto_serie_fotos_producto_serie_id_foreign` (`producto_serie_id`),
  CONSTRAINT `producto_serie_fotos_producto_serie_id_foreign` FOREIGN KEY (`producto_serie_id`) REFERENCES `producto_series` (`id`) ON DELETE CASCADE
) ENGINE=InnoDB AUTO_INCREMENT=2 DEFAULT CHARSET=utf8mb4 COLLATE=utf8mb4_unicode_ci;
/*!40101 SET character_set_client = @saved_cs_client */;

--
-- Dumping data for table `producto_serie_fotos`
--

LOCK TABLES `producto_serie_fotos` WRITE;
/*!40000 ALTER TABLE `producto_serie_fotos` DISABLE KEYS */;
/*!40000 ALTER TABLE `producto_serie_fotos` ENABLE KEYS */;
UNLOCK TABLES;

--
-- Table structure for table `producto_series`
--

DROP TABLE IF EXISTS `producto_series`;
/*!40101 SET @saved_cs_client     = @@character_set_client */;
/*!50503 SET character_set_client = utf8mb4 */;
CREATE TABLE `producto_series` (
  `id` bigint unsigned NOT NULL AUTO_INCREMENT,
  `empresa_tenant_id` bigint unsigned NOT NULL,
  `producto_id` bigint unsigned NOT NULL,
  `subsidiaria_id` bigint unsigned DEFAULT NULL,
  `unidad_servicio_id` bigint unsigned DEFAULT NULL,
  `serie` varchar(255) COLLATE utf8mb4_unicode_ci NOT NULL,
  `estado` enum('disponible','asignado','devuelto','baja','reparacion') COLLATE utf8mb4_unicode_ci NOT NULL DEFAULT 'disponible',
  `asignado_en_responsiva_id` bigint unsigned DEFAULT NULL,
  `ubicacion` varchar(255) COLLATE utf8mb4_unicode_ci DEFAULT NULL,
  `observaciones` varchar(255) COLLATE utf8mb4_unicode_ci DEFAULT NULL,
  `especificaciones` json DEFAULT NULL,
  `created_at` timestamp NULL DEFAULT NULL,
  `updated_at` timestamp NULL DEFAULT NULL,
  `ram_gb_index` smallint unsigned GENERATED ALWAYS AS (json_extract(`especificaciones`,_utf8mb4'$.ram_gb')) STORED,
  `alm_tipo_index` varchar(10) COLLATE utf8mb4_unicode_ci GENERATED ALWAYS AS (json_unquote(json_extract(`especificaciones`,_utf8mb4'$.almacenamiento.tipo'))) STORED,
  PRIMARY KEY (`id`),
  UNIQUE KEY `ux_tenant_serie` (`empresa_tenant_id`,`serie`),
  KEY `producto_series_producto_id_foreign` (`producto_id`),
  KEY `ix_tenant_producto` (`empresa_tenant_id`,`producto_id`),
  KEY `producto_series_empresa_tenant_id_index` (`empresa_tenant_id`),
  KEY `producto_series_asignado_en_responsiva_id_index` (`asignado_en_responsiva_id`),
  KEY `producto_series_ram_gb_index_index` (`ram_gb_index`),
  KEY `producto_series_alm_tipo_index_index` (`alm_tipo_index`),
  KEY `ps_tenant_subs_idx` (`empresa_tenant_id`,`subsidiaria_id`),
  KEY `producto_series_subsidiaria_id_foreign` (`subsidiaria_id`),
  KEY `producto_series_unidad_servicio_id_foreign` (`unidad_servicio_id`),
  CONSTRAINT `producto_series_asignado_en_responsiva_id_foreign` FOREIGN KEY (`asignado_en_responsiva_id`) REFERENCES `responsivas` (`id`) ON DELETE SET NULL,
  CONSTRAINT `producto_series_producto_id_foreign` FOREIGN KEY (`producto_id`) REFERENCES `productos` (`id`) ON DELETE CASCADE ON UPDATE CASCADE,
  CONSTRAINT `producto_series_subsidiaria_id_foreign` FOREIGN KEY (`subsidiaria_id`) REFERENCES `subsidiarias` (`id`) ON DELETE SET NULL,
  CONSTRAINT `producto_series_unidad_servicio_id_foreign` FOREIGN KEY (`unidad_servicio_id`) REFERENCES `unidades_servicio` (`id`) ON DELETE SET NULL
) ENGINE=InnoDB AUTO_INCREMENT=57 DEFAULT CHARSET=utf8mb4 COLLATE=utf8mb4_unicode_ci;
/*!40101 SET character_set_client = @saved_cs_client */;

--
-- Dumping data for table `producto_series`
--

LOCK TABLES `producto_series` WRITE;
/*!40000 ALTER TABLE `producto_series` DISABLE KEYS */;
INSERT INTO `producto_series` (`id`, `empresa_tenant_id`, `producto_id`, `subsidiaria_id`, `unidad_servicio_id`, `serie`, `estado`, `asignado_en_responsiva_id`, `ubicacion`, `observaciones`, `especificaciones`, `created_at`, `updated_at`) VALUES (4,1,3,1,12,'884116431640','asignado',3,NULL,NULL,'{\"descripcion\": \"Teclado\"}','2026-01-16 19:22:02','2026-01-16 19:42:37'),(7,1,3,1,12,'88411643164','asignado',3,NULL,NULL,'{\"descripcion\": \"Mouse\"}','2026-01-16 19:24:29','2026-01-16 19:42:37'),(8,1,5,1,11,'CND4361RQ9','disponible',NULL,NULL,NULL,NULL,'2026-01-16 20:23:18','2026-01-16 20:23:18'),(9,1,5,1,11,'CND4361RJ9','disponible',NULL,NULL,NULL,'{\"color\": \"Gris Oxford\", \"ram_gb\": 12, \"procesador\": \"AMD Ryzen 5 5500U\", \"almacenamiento\": {\"tipo\": \"m2\", \"capacidad_gb\": 250}}','2026-01-16 20:23:51','2026-01-16 20:26:43'),(10,1,5,1,11,'CND436352W','disponible',NULL,NULL,NULL,'{\"color\": \"Gris Oxford\", \"ram_gb\": 16, \"procesador\": \"AMD Ryzen 5 5500U\", \"almacenamiento\": {\"tipo\": \"m2\", \"capacidad_gb\": 500}}','2026-01-16 20:30:14','2026-01-16 20:30:47'),(11,1,5,1,15,'CND436342P','disponible',NULL,NULL,NULL,'{\"color\": \"Gris Oxford\", \"ram_gb\": 16, \"procesador\": \"AMD Ryzen 5 5625U\", \"almacenamiento\": {\"tipo\": \"m2\", \"capacidad_gb\": 500}}','2026-01-16 20:33:41','2026-01-16 20:35:42'),(12,1,5,1,20,'CND43632Y5','disponible',NULL,NULL,NULL,'{\"color\": \"Gris Oxford\", \"ram_gb\": 16, \"procesador\": \"Intel Core i5 12TH\", \"almacenamiento\": {\"capacidad_gb\": 500}}','2026-01-16 20:35:59','2026-01-16 20:37:47'),(13,1,5,1,21,'CND43634WG','disponible',NULL,NULL,NULL,'{\"color\": \"Gris Oxford\", \"ram_gb\": 16, \"procesador\": \"Intel Core i5 12TH\", \"almacenamiento\": {\"tipo\": \"m2\", \"capacidad_gb\": 500}}','2026-01-16 20:38:16','2026-01-16 20:38:33'),(14,1,6,1,13,'SCD4436P81','disponible',NULL,NULL,NULL,NULL,'2026-01-16 22:34:21','2026-01-16 22:34:21'),(15,1,6,1,14,'5CD4436PQ3','disponible',NULL,NULL,NULL,NULL,'2026-01-16 22:34:21','2026-01-16 22:34:21'),(16,1,6,1,21,'SCD4449PK8','disponible',NULL,NULL,NULL,NULL,'2026-01-16 22:34:21','2026-01-16 22:34:21'),(17,1,7,1,16,'8CCC928333X','disponible',NULL,NULL,NULL,NULL,'2026-01-16 22:38:12','2026-01-16 22:38:12'),(18,1,8,1,13,'8007450652','disponible',NULL,NULL,NULL,NULL,'2026-01-16 22:40:19','2026-01-16 22:40:19'),(19,1,9,3,12,'5CG4374BDF','disponible',NULL,NULL,NULL,NULL,'2026-01-16 22:44:08','2026-01-16 22:44:08'),(20,1,9,1,12,'1H84503YG6','disponible',NULL,NULL,NULL,'{\"color\": \"Plateada\", \"procesador\": \"AMD Ryzen 5 7530U\", \"almacenamiento\": {\"tipo\": \"m2\", \"capacidad_gb\": 500}}','2026-01-16 22:44:08','2026-01-16 22:44:49'),(21,1,9,1,15,'1H8436008S','disponible',NULL,NULL,NULL,'{\"color\": \"Plateada\", \"almacenamiento\": []}','2026-01-16 22:44:08','2026-01-16 22:45:46'),(22,1,9,1,18,'1H845033WN','disponible',NULL,NULL,NULL,NULL,'2026-01-16 22:44:08','2026-01-16 22:44:08'),(23,1,10,3,12,'CND3362NX5','disponible',NULL,NULL,NULL,NULL,'2026-01-16 22:57:10','2026-01-16 22:57:10'),(24,1,10,1,12,'CND3362N9R','disponible',NULL,NULL,NULL,'{\"almacenamiento\": {\"tipo\": \"m2\", \"capacidad_gb\": 512}}','2026-01-16 22:57:10','2026-01-16 22:58:29'),(25,1,10,3,12,'C25667','disponible',NULL,NULL,NULL,'{\"almacenamiento\": {\"tipo\": \"m2\", \"capacidad_gb\": 256}}','2026-01-16 22:57:10','2026-01-16 22:58:55'),(26,1,10,1,12,'CND3362NTF','disponible',NULL,NULL,NULL,'{\"almacenamiento\": {\"tipo\": \"m2\", \"capacidad_gb\": 256}}','2026-01-16 22:57:10','2026-01-16 22:59:03'),(27,1,10,1,19,'CND331526HW','disponible',NULL,NULL,NULL,'{\"almacenamiento\": {\"tipo\": \"m2\", \"capacidad_gb\": 256}}','2026-01-16 22:57:10','2026-01-16 22:59:10'),(28,1,11,1,12,'CCAH13LP1270T4','disponible',NULL,NULL,NULL,NULL,'2026-01-16 23:01:57','2026-01-16 23:01:57'),(29,1,12,1,12,'12187385391','disponible',NULL,NULL,NULL,NULL,'2026-01-16 23:04:07','2026-01-16 23:04:07'),(30,1,13,6,23,'8CC8360MSD','disponible',NULL,NULL,NULL,NULL,'2026-01-16 23:05:53','2026-01-16 23:05:53'),(31,1,14,3,12,'8CC74506SL','disponible',NULL,NULL,NULL,NULL,'2026-01-16 23:06:59','2026-01-16 23:06:59'),(32,1,15,1,12,'LUSAL0D2760130CE2D1601','disponible',NULL,NULL,NULL,NULL,'2026-01-16 23:08:19','2026-01-16 23:08:19'),(33,1,16,1,13,'233538001066','disponible',NULL,NULL,NULL,NULL,'2026-01-16 23:12:37','2026-01-16 23:12:37'),(34,1,17,3,12,'MXL2032VLV','disponible',NULL,NULL,NULL,NULL,'2026-01-16 23:14:20','2026-01-16 23:14:20'),(35,1,17,1,19,'MXL1440D63','disponible',NULL,NULL,NULL,NULL,'2026-01-16 23:14:20','2026-01-16 23:14:20'),(36,1,18,1,12,'RFM20123936614','disponible',NULL,NULL,NULL,NULL,'2026-01-16 23:15:18','2026-01-16 23:15:18'),(37,1,19,1,12,'PD9AX211NG','disponible',NULL,NULL,NULL,NULL,'2026-01-16 23:19:44','2026-01-16 23:19:44'),(38,1,20,3,12,'G9NLCX06N26439F','disponible',NULL,NULL,NULL,NULL,'2026-01-16 23:21:33','2026-01-16 23:21:33'),(39,1,21,3,12,'3CR3230HFP','disponible',NULL,NULL,NULL,NULL,'2026-01-16 23:22:55','2026-01-16 23:22:55'),(40,1,22,1,20,'5CD5304BRT','disponible',NULL,NULL,NULL,NULL,'2026-01-16 23:23:48','2026-01-16 23:23:48'),(41,1,23,3,12,'2JYP9S2','disponible',NULL,NULL,NULL,NULL,'2026-01-16 23:25:59','2026-01-16 23:25:59'),(42,1,24,3,12,'4KKWXQ2','disponible',NULL,NULL,NULL,NULL,'2026-01-16 23:26:46','2026-01-16 23:26:46'),(43,1,25,3,12,'Sel','disponible',NULL,NULL,NULL,NULL,'2026-01-16 23:33:08','2026-01-16 23:33:08'),(44,1,26,1,12,'H978Z93','disponible',NULL,NULL,NULL,NULL,'2026-01-16 23:34:25','2026-01-16 23:34:25'),(45,1,27,1,12,'JFN3JX2','disponible',NULL,NULL,NULL,NULL,'2026-01-16 23:37:49','2026-01-16 23:37:49'),(46,1,28,1,12,'2018AP9031','disponible',NULL,NULL,NULL,NULL,'2026-01-16 23:38:11','2026-01-16 23:38:11'),(47,1,10,1,12,'CND31524Z4','disponible',NULL,NULL,NULL,'{\"almacenamiento\": {\"tipo\": \"m2\", \"capacidad_gb\": 256}}','2026-01-16 23:38:44','2026-01-16 23:39:52'),(48,1,9,1,12,'1H84504LT2','disponible',NULL,NULL,NULL,'{\"color\": \"Plateada\", \"almacenamiento\": {\"tipo\": \"m2\", \"capacidad_gb\": 512}}','2026-01-16 23:41:27','2026-01-16 23:41:44'),(49,1,29,3,12,'K2310N0038995','disponible',NULL,NULL,NULL,NULL,'2026-01-16 23:43:09','2026-01-16 23:43:09'),(50,1,5,3,12,'CND4361R73','disponible',NULL,NULL,NULL,'{\"procesador\": \"AMD Ryzen 5 5625U\", \"almacenamiento\": {\"tipo\": \"m2\", \"capacidad_gb\": 512}}','2026-01-16 23:44:21','2026-01-16 23:44:46'),(51,1,10,1,12,'CND3401PJ4','disponible',NULL,NULL,NULL,'{\"almacenamiento\": {\"tipo\": \"ssd\", \"capacidad_gb\": 256}}','2026-01-16 23:45:29','2026-01-16 23:46:05'),(52,1,10,1,13,'CND3401PBR','disponible',NULL,NULL,NULL,'{\"almacenamiento\": {\"tipo\": \"m2\", \"capacidad_gb\": 512}}','2026-01-16 23:46:34','2026-01-16 23:46:52'),(53,1,10,1,13,'CND3401P76','disponible',NULL,NULL,NULL,'{\"almacenamiento\": {\"tipo\": \"m2\", \"capacidad_gb\": 512}}','2026-01-16 23:47:08','2026-01-16 23:47:18'),(55,1,5,1,14,'CND4361RGK','disponible',NULL,NULL,NULL,'{\"almacenamiento\": {\"tipo\": \"m2\", \"capacidad_gb\": 512}}','2026-01-16 23:48:19','2026-01-16 23:48:31'),(56,1,30,3,12,'11405631891','disponible',NULL,NULL,NULL,NULL,'2026-01-21 22:38:06','2026-01-21 22:38:06');
/*!40000 ALTER TABLE `producto_series` ENABLE KEYS */;
UNLOCK TABLES;

--
-- Table structure for table `producto_series_historial`
--

DROP TABLE IF EXISTS `producto_series_historial`;
/*!40101 SET @saved_cs_client     = @@character_set_client */;
/*!50503 SET character_set_client = utf8mb4 */;
CREATE TABLE `producto_series_historial` (
  `id` bigint unsigned NOT NULL AUTO_INCREMENT,
  `empresa_tenant_id` bigint unsigned NOT NULL,
  `producto_serie_id` bigint unsigned NOT NULL,
  `producto_id` bigint unsigned NOT NULL,
  `user_id` bigint unsigned DEFAULT NULL,
  `accion` varchar(30) COLLATE utf8mb4_unicode_ci NOT NULL,
  `estado_anterior` varchar(20) COLLATE utf8mb4_unicode_ci DEFAULT NULL,
  `estado_nuevo` varchar(20) COLLATE utf8mb4_unicode_ci DEFAULT NULL,
  `responsiva_id` bigint unsigned DEFAULT NULL,
  `devolucion_id` bigint unsigned DEFAULT NULL,
  `cambios` json DEFAULT NULL,
  `created_at` timestamp NULL DEFAULT NULL,
  `updated_at` timestamp NULL DEFAULT NULL,
  PRIMARY KEY (`id`),
  KEY `producto_series_historial_producto_serie_id_foreign` (`producto_serie_id`),
  KEY `producto_series_historial_user_id_foreign` (`user_id`),
  KEY `producto_series_historial_empresa_tenant_id_index` (`empresa_tenant_id`),
  KEY `producto_series_historial_producto_id_index` (`producto_id`),
  KEY `producto_series_historial_responsiva_id_index` (`responsiva_id`),
  KEY `producto_series_historial_devolucion_id_index` (`devolucion_id`),
  CONSTRAINT `producto_series_historial_producto_serie_id_foreign` FOREIGN KEY (`producto_serie_id`) REFERENCES `producto_series` (`id`) ON DELETE CASCADE,
  CONSTRAINT `producto_series_historial_user_id_foreign` FOREIGN KEY (`user_id`) REFERENCES `users` (`id`) ON DELETE SET NULL
) ENGINE=InnoDB AUTO_INCREMENT=89 DEFAULT CHARSET=utf8mb4 COLLATE=utf8mb4_unicode_ci;
/*!40101 SET character_set_client = @saved_cs_client */;

--
-- Dumping data for table `producto_series_historial`
--

LOCK TABLES `producto_series_historial` WRITE;
/*!40000 ALTER TABLE `producto_series_historial` DISABLE KEYS */;
INSERT INTO `producto_series_historial` VALUES (14,1,4,3,1,'creacion',NULL,'disponible',NULL,NULL,'{\"serie\": \"884116431640\", \"subsidiaria_id\": 1, \"unidad_servicio_id\": 12, \"especificaciones_base\": []}','2026-01-16 19:22:02','2026-01-16 19:22:02'),(15,1,4,3,1,'edicion',NULL,NULL,NULL,NULL,'{\"descripcion\": {\"antes\": null, \"despues\": \"Teclado\"}}','2026-01-16 19:24:15','2026-01-16 19:24:15'),(16,1,7,3,1,'creacion',NULL,'disponible',NULL,NULL,'{\"serie\": \"88411643164\", \"subsidiaria_id\": 1, \"especificaciones_base\": []}','2026-01-16 19:24:29','2026-01-16 19:24:29'),(17,1,7,3,1,'edicion',NULL,NULL,NULL,NULL,'{\"descripcion\": {\"antes\": null, \"despues\": \"Mouse\"}}','2026-01-16 19:24:36','2026-01-16 19:24:36'),(18,1,7,3,1,'asignacion','disponible','asignado',3,NULL,'{\"asignado_a\": {\"antes\": null, \"despues\": \"Pedro Alberto Maldonado Estrada\"}, \"subsidiaria\": {\"antes\": \"Vulcanización y Servicios Industriales\", \"despues\": \"Vulcanización y Servicios Industriales\"}, \"entregado_por\": {\"antes\": null, \"despues\": \"Leonardo Daniel Centeno Guerrero\"}, \"fecha_entrega\": {\"antes\": \"01-01-2026\", \"despues\": \"01-01-2026\"}, \"motivo_entrega\": {\"antes\": null, \"despues\": \"asignado\"}, \"unidad_servicio_id\": {\"antes\": 12, \"despues\": 12}}','2026-01-16 19:42:37','2026-01-16 19:42:37'),(19,1,4,3,1,'asignacion','disponible','asignado',3,NULL,'{\"asignado_a\": {\"antes\": null, \"despues\": \"Pedro Alberto Maldonado Estrada\"}, \"subsidiaria\": {\"antes\": \"Vulcanización y Servicios Industriales\", \"despues\": \"Vulcanización y Servicios Industriales\"}, \"entregado_por\": {\"antes\": null, \"despues\": \"Leonardo Daniel Centeno Guerrero\"}, \"fecha_entrega\": {\"antes\": \"01-01-2026\", \"despues\": \"01-01-2026\"}, \"motivo_entrega\": {\"antes\": null, \"despues\": \"asignado\"}, \"unidad_servicio_id\": {\"antes\": 12, \"despues\": 12}}','2026-01-16 19:42:37','2026-01-16 19:42:37'),(20,1,4,3,1,'edicion_asignacion','asignacion','asignacion',3,NULL,'{\"fecha_entrega\": {\"antes\": \"01-01-2026\", \"despues\": \"10-11-2023\"}}','2026-01-16 20:08:58','2026-01-16 20:08:58'),(21,1,7,3,1,'edicion_asignacion','asignacion','asignacion',3,NULL,'{\"fecha_entrega\": {\"antes\": \"01-01-2026\", \"despues\": \"10-11-2023\"}}','2026-01-16 20:08:58','2026-01-16 20:08:58'),(22,1,8,5,1,'creacion',NULL,'disponible',NULL,NULL,'{\"serie\": \"CND4361RQ9\", \"subsidiaria_id\": 1, \"unidad_servicio_id\": 11, \"especificaciones_base\": {\"color\": \"Gris\", \"ram_gb\": 16, \"procesador\": \"AMD Ryzen 5 5625U\", \"almacenamiento\": {\"tipo\": \"m2\", \"capacidad_gb\": 447}}}','2026-01-16 20:23:18','2026-01-16 20:23:18'),(23,1,9,5,1,'creacion',NULL,'disponible',NULL,NULL,'{\"serie\": \"CND4361RJ9\", \"subsidiaria_id\": 1, \"especificaciones_base\": {\"color\": \"Gris\", \"ram_gb\": 16, \"procesador\": \"AMD Ryzen 5 5625U\", \"almacenamiento\": {\"tipo\": \"m2\", \"capacidad_gb\": 447}}}','2026-01-16 20:23:51','2026-01-16 20:23:51'),(24,1,9,5,1,'edicion',NULL,NULL,NULL,NULL,'{\"color\": {\"antes\": null, \"despues\": \"Gris Oxford\"}, \"ram_gb\": {\"antes\": null, \"despues\": 12}, \"procesador\": {\"antes\": null, \"despues\": \"AMD Ryzen 5 5500U\"}, \"almacenamiento\": {\"antes\": [], \"despues\": {\"tipo\": \"m2\", \"capacidad_gb\": 250}}}','2026-01-16 20:26:43','2026-01-16 20:26:43'),(25,1,10,5,1,'creacion',NULL,'disponible',NULL,NULL,'{\"serie\": \"CND436352W\", \"subsidiaria_id\": 1, \"especificaciones_base\": {\"color\": \"Gris\", \"ram_gb\": 16, \"procesador\": \"AMD Ryzen 5 5625U\", \"almacenamiento\": {\"tipo\": \"m2\", \"capacidad_gb\": 447}}}','2026-01-16 20:30:14','2026-01-16 20:30:14'),(26,1,10,5,1,'edicion',NULL,NULL,NULL,NULL,'{\"color\": {\"antes\": null, \"despues\": \"Gris Oxford\"}, \"ram_gb\": {\"antes\": null, \"despues\": 16}, \"procesador\": {\"antes\": null, \"despues\": \"AMD Ryzen 5 5500U\"}, \"almacenamiento\": {\"antes\": [], \"despues\": {\"tipo\": \"m2\", \"capacidad_gb\": 500}}}','2026-01-16 20:30:47','2026-01-16 20:30:47'),(27,1,11,5,1,'creacion',NULL,'disponible',NULL,NULL,'{\"serie\": \"CND436342P\", \"subsidiaria_id\": 1, \"especificaciones_base\": {\"color\": \"Gris\", \"ram_gb\": 16, \"procesador\": \"AMD Ryzen 5 5625U\", \"almacenamiento\": {\"tipo\": \"m2\", \"capacidad_gb\": 447}}}','2026-01-16 20:33:41','2026-01-16 20:33:41'),(28,1,11,5,1,'edicion',NULL,NULL,NULL,NULL,'{\"color\": {\"antes\": null, \"despues\": \"Gris Oxford\"}, \"ram_gb\": {\"antes\": null, \"despues\": 16}, \"procesador\": {\"antes\": null, \"despues\": \"AMD Ryzen 5 5625U\"}, \"almacenamiento\": {\"antes\": [], \"despues\": {\"tipo\": \"m2\", \"capacidad_gb\": 500}}}','2026-01-16 20:35:42','2026-01-16 20:35:42'),(29,1,12,5,1,'creacion',NULL,'disponible',NULL,NULL,'{\"serie\": \"CND43632Y5\", \"subsidiaria_id\": 1, \"especificaciones_base\": {\"color\": \"Gris\", \"ram_gb\": 16, \"procesador\": \"AMD Ryzen 5 5625U\", \"almacenamiento\": {\"tipo\": \"m2\", \"capacidad_gb\": 447}}}','2026-01-16 20:35:59','2026-01-16 20:35:59'),(30,1,12,5,1,'edicion',NULL,NULL,NULL,NULL,'{\"color\": {\"antes\": null, \"despues\": \"Gris Oxford\"}, \"ram_gb\": {\"antes\": null, \"despues\": 16}, \"procesador\": {\"antes\": null, \"despues\": \"Intel Core i5 12TH\"}, \"almacenamiento\": {\"antes\": [], \"despues\": {\"capacidad_gb\": 500}}}','2026-01-16 20:37:47','2026-01-16 20:37:47'),(31,1,13,5,1,'creacion',NULL,'disponible',NULL,NULL,'{\"serie\": \"CND43634WG\", \"subsidiaria_id\": 1, \"especificaciones_base\": {\"color\": \"Gris\", \"ram_gb\": 16, \"procesador\": \"AMD Ryzen 5 5625U\", \"almacenamiento\": {\"tipo\": \"m2\", \"capacidad_gb\": 447}}}','2026-01-16 20:38:16','2026-01-16 20:38:16'),(32,1,13,5,1,'edicion',NULL,NULL,NULL,NULL,'{\"color\": {\"antes\": null, \"despues\": \"Gris Oxford\"}, \"ram_gb\": {\"antes\": null, \"despues\": 16}, \"procesador\": {\"antes\": null, \"despues\": \"Intel Core i5 12TH\"}, \"almacenamiento\": {\"antes\": [], \"despues\": {\"tipo\": \"m2\", \"capacidad_gb\": 500}}}','2026-01-16 20:38:33','2026-01-16 20:38:33'),(33,1,14,6,1,'creacion',NULL,'disponible',NULL,NULL,'{\"serie\": \"SCD4436P81\", \"subsidiaria_id\": 1, \"unidad_servicio_id\": 13, \"especificaciones_base\": {\"color\": \"Plateada\", \"ram_gb\": 16, \"procesador\": \"Intel Core i5 12TH\", \"almacenamiento\": {\"tipo\": \"m2\", \"capacidad_gb\": 500}}}','2026-01-16 22:34:21','2026-01-16 22:34:21'),(34,1,15,6,1,'creacion',NULL,'disponible',NULL,NULL,'{\"serie\": \"5CD4436PQ3\", \"subsidiaria_id\": 1, \"unidad_servicio_id\": 14, \"especificaciones_base\": {\"color\": \"Plateada\", \"ram_gb\": 16, \"procesador\": \"Intel Core i5 12TH\", \"almacenamiento\": {\"tipo\": \"m2\", \"capacidad_gb\": 500}}}','2026-01-16 22:34:21','2026-01-16 22:34:21'),(35,1,16,6,1,'creacion',NULL,'disponible',NULL,NULL,'{\"serie\": \"SCD4449PK8\", \"subsidiaria_id\": 1, \"unidad_servicio_id\": 21, \"especificaciones_base\": {\"color\": \"Plateada\", \"ram_gb\": 16, \"procesador\": \"Intel Core i5 12TH\", \"almacenamiento\": {\"tipo\": \"m2\", \"capacidad_gb\": 500}}}','2026-01-16 22:34:21','2026-01-16 22:34:21'),(36,1,17,7,1,'creacion',NULL,'disponible',NULL,NULL,'{\"serie\": \"8CCC928333X\", \"subsidiaria_id\": 1, \"unidad_servicio_id\": 16, \"especificaciones_base\": {\"color\": \"All in One\", \"ram_gb\": 8, \"procesador\": \"Intel Core i3 7° Gen\", \"almacenamiento\": {\"tipo\": \"ssd\", \"capacidad_gb\": 500}}}','2026-01-16 22:38:12','2026-01-16 22:38:12'),(37,1,18,8,1,'creacion',NULL,'disponible',NULL,NULL,'{\"serie\": \"8007450652\", \"subsidiaria_id\": 1, \"unidad_servicio_id\": 13, \"especificaciones_base\": {\"color\": \"Negro\", \"ram_gb\": 4, \"procesador\": \"AMD A6-7310\", \"almacenamiento\": {\"tipo\": \"hdd\", \"capacidad_gb\": 1024}}}','2026-01-16 22:40:19','2026-01-16 22:40:19'),(38,1,19,9,1,'creacion',NULL,'disponible',NULL,NULL,'{\"serie\": \"5CG4374BDF\", \"subsidiaria_id\": 3, \"unidad_servicio_id\": 12, \"especificaciones_base\": {\"color\": \"Gris Oxford\", \"ram_gb\": 16, \"procesador\": \"Intel Core i5 12TH\", \"almacenamiento\": {\"tipo\": \"m2\", \"capacidad_gb\": 500}}}','2026-01-16 22:44:08','2026-01-16 22:44:08'),(39,1,20,9,1,'creacion',NULL,'disponible',NULL,NULL,'{\"serie\": \"1H84503YG6\", \"subsidiaria_id\": 1, \"unidad_servicio_id\": 12, \"especificaciones_base\": {\"color\": \"Gris Oxford\", \"ram_gb\": 16, \"procesador\": \"Intel Core i5 12TH\", \"almacenamiento\": {\"tipo\": \"m2\", \"capacidad_gb\": 500}}}','2026-01-16 22:44:08','2026-01-16 22:44:08'),(40,1,21,9,1,'creacion',NULL,'disponible',NULL,NULL,'{\"serie\": \"1H8436008S\", \"subsidiaria_id\": 1, \"unidad_servicio_id\": 15, \"especificaciones_base\": {\"color\": \"Gris Oxford\", \"ram_gb\": 16, \"procesador\": \"Intel Core i5 12TH\", \"almacenamiento\": {\"tipo\": \"m2\", \"capacidad_gb\": 500}}}','2026-01-16 22:44:08','2026-01-16 22:44:08'),(41,1,22,9,1,'creacion',NULL,'disponible',NULL,NULL,'{\"serie\": \"1H845033WN\", \"subsidiaria_id\": 1, \"unidad_servicio_id\": 18, \"especificaciones_base\": {\"color\": \"Gris Oxford\", \"ram_gb\": 16, \"procesador\": \"Intel Core i5 12TH\", \"almacenamiento\": {\"tipo\": \"m2\", \"capacidad_gb\": 500}}}','2026-01-16 22:44:08','2026-01-16 22:44:08'),(42,1,20,9,1,'edicion',NULL,NULL,NULL,NULL,'{\"color\": {\"antes\": null, \"despues\": \"Plateada\"}, \"procesador\": {\"antes\": null, \"despues\": \"AMD Ryzen 5 7530U\"}, \"almacenamiento\": {\"antes\": [], \"despues\": {\"tipo\": \"m2\", \"capacidad_gb\": 500}}}','2026-01-16 22:44:49','2026-01-16 22:44:49'),(43,1,21,9,1,'edicion',NULL,NULL,NULL,NULL,'{\"color\": {\"antes\": null, \"despues\": \"Plateada\"}}','2026-01-16 22:45:46','2026-01-16 22:45:46'),(44,1,23,10,1,'creacion',NULL,'disponible',NULL,NULL,'{\"serie\": \"CND3362NX5\", \"subsidiaria_id\": 3, \"unidad_servicio_id\": 12, \"especificaciones_base\": {\"color\": \"Gris Oxford\", \"ram_gb\": 16, \"procesador\": \"AMD Ryzen 5 5500U\", \"almacenamiento\": {\"tipo\": \"m2\", \"capacidad_gb\": 250}}}','2026-01-16 22:57:10','2026-01-16 22:57:10'),(45,1,24,10,1,'creacion',NULL,'disponible',NULL,NULL,'{\"serie\": \"CND3362N9R\", \"subsidiaria_id\": 1, \"unidad_servicio_id\": 12, \"especificaciones_base\": {\"color\": \"Gris Oxford\", \"ram_gb\": 16, \"procesador\": \"AMD Ryzen 5 5500U\", \"almacenamiento\": {\"tipo\": \"m2\", \"capacidad_gb\": 250}}}','2026-01-16 22:57:10','2026-01-16 22:57:10'),(46,1,25,10,1,'creacion',NULL,'disponible',NULL,NULL,'{\"serie\": \"C25667\", \"subsidiaria_id\": 3, \"unidad_servicio_id\": 12, \"especificaciones_base\": {\"color\": \"Gris Oxford\", \"ram_gb\": 16, \"procesador\": \"AMD Ryzen 5 5500U\", \"almacenamiento\": {\"tipo\": \"m2\", \"capacidad_gb\": 250}}}','2026-01-16 22:57:10','2026-01-16 22:57:10'),(47,1,26,10,1,'creacion',NULL,'disponible',NULL,NULL,'{\"serie\": \"CND3362NTF\", \"subsidiaria_id\": 1, \"unidad_servicio_id\": 12, \"especificaciones_base\": {\"color\": \"Gris Oxford\", \"ram_gb\": 16, \"procesador\": \"AMD Ryzen 5 5500U\", \"almacenamiento\": {\"tipo\": \"m2\", \"capacidad_gb\": 250}}}','2026-01-16 22:57:10','2026-01-16 22:57:10'),(48,1,27,10,1,'creacion',NULL,'disponible',NULL,NULL,'{\"serie\": \"CND331526HW\", \"subsidiaria_id\": 1, \"unidad_servicio_id\": 19, \"especificaciones_base\": {\"color\": \"Gris Oxford\", \"ram_gb\": 16, \"procesador\": \"AMD Ryzen 5 5500U\", \"almacenamiento\": {\"tipo\": \"m2\", \"capacidad_gb\": 250}}}','2026-01-16 22:57:10','2026-01-16 22:57:10'),(49,1,24,10,1,'edicion',NULL,NULL,NULL,NULL,'{\"almacenamiento\": {\"antes\": [], \"despues\": {\"tipo\": \"m2\", \"capacidad_gb\": 512}}}','2026-01-16 22:58:29','2026-01-16 22:58:29'),(50,1,25,10,1,'edicion',NULL,NULL,NULL,NULL,'{\"almacenamiento\": {\"antes\": [], \"despues\": {\"tipo\": \"m2\", \"capacidad_gb\": 256}}}','2026-01-16 22:58:55','2026-01-16 22:58:55'),(51,1,26,10,1,'edicion',NULL,NULL,NULL,NULL,'{\"almacenamiento\": {\"antes\": [], \"despues\": {\"tipo\": \"m2\", \"capacidad_gb\": 256}}}','2026-01-16 22:59:03','2026-01-16 22:59:03'),(52,1,27,10,1,'edicion',NULL,NULL,NULL,NULL,'{\"almacenamiento\": {\"antes\": [], \"despues\": {\"tipo\": \"m2\", \"capacidad_gb\": 256}}}','2026-01-16 22:59:10','2026-01-16 22:59:10'),(53,1,28,11,1,'creacion',NULL,'disponible',NULL,NULL,'{\"serie\": \"CCAH13LP1270T4\", \"subsidiaria_id\": 1, \"unidad_servicio_id\": 12, \"especificaciones_base\": {\"color\": \"Negro\"}}','2026-01-16 23:01:57','2026-01-16 23:01:57'),(54,1,29,12,1,'creacion',NULL,'disponible',NULL,NULL,'{\"serie\": \"12187385391\", \"subsidiaria_id\": 1, \"unidad_servicio_id\": 12, \"especificaciones_base\": {\"color\": \"Negro\", \"ram_gb\": 16, \"procesador\": \"Intel Core i7 12° Gen\", \"almacenamiento\": {\"tipo\": \"m2\", \"capacidad_gb\": 512}}}','2026-01-16 23:04:07','2026-01-16 23:04:07'),(55,1,30,13,1,'creacion',NULL,'disponible',NULL,NULL,'{\"serie\": \"8CC8360MSD\", \"subsidiaria_id\": 6, \"unidad_servicio_id\": 23, \"especificaciones_base\": {\"color\": \"Negro\", \"ram_gb\": 4, \"procesador\": \"Intel Core i3 7° Gen\", \"almacenamiento\": {\"tipo\": \"hdd\", \"capacidad_gb\": 1024}}}','2026-01-16 23:05:53','2026-01-16 23:05:53'),(56,1,31,14,1,'creacion',NULL,'disponible',NULL,NULL,'{\"serie\": \"8CC74506SL\", \"subsidiaria_id\": 3, \"unidad_servicio_id\": 12, \"especificaciones_base\": {\"color\": \"Negro\", \"ram_gb\": 8, \"procesador\": \"AMD A6-7310\", \"almacenamiento\": {\"tipo\": \"ssd\", \"capacidad_gb\": 480}}}','2026-01-16 23:06:59','2026-01-16 23:06:59'),(57,1,32,15,1,'creacion',NULL,'disponible',NULL,NULL,'{\"serie\": \"LUSAL0D2760130CE2D1601\", \"subsidiaria_id\": 1, \"unidad_servicio_id\": 12, \"especificaciones_base\": []}','2026-01-16 23:08:19','2026-01-16 23:08:19'),(58,1,33,16,1,'creacion',NULL,'disponible',NULL,NULL,'{\"serie\": \"233538001066\", \"subsidiaria_id\": 1, \"unidad_servicio_id\": 13, \"especificaciones_base\": {\"color\": \"Negro\", \"ram_gb\": 16, \"procesador\": \"Intel Core i5 12° Gen\", \"almacenamiento\": {\"tipo\": \"m2\", \"capacidad_gb\": 512}}}','2026-01-16 23:12:37','2026-01-16 23:12:37'),(59,1,34,17,1,'creacion',NULL,'disponible',NULL,NULL,'{\"serie\": \"MXL2032VLV\", \"subsidiaria_id\": 3, \"unidad_servicio_id\": 12, \"especificaciones_base\": {\"color\": \"Negro\", \"ram_gb\": 6, \"procesador\": \"Intel Core i3 2° Gen\", \"almacenamiento\": {\"tipo\": \"hdd\", \"capacidad_gb\": 500}}}','2026-01-16 23:14:20','2026-01-16 23:14:20'),(60,1,35,17,1,'creacion',NULL,'disponible',NULL,NULL,'{\"serie\": \"MXL1440D63\", \"subsidiaria_id\": 1, \"unidad_servicio_id\": 19, \"especificaciones_base\": {\"color\": \"Negro\", \"ram_gb\": 6, \"procesador\": \"Intel Core i3 2° Gen\", \"almacenamiento\": {\"tipo\": \"hdd\", \"capacidad_gb\": 500}}}','2026-01-16 23:14:20','2026-01-16 23:14:20'),(61,1,36,18,1,'creacion',NULL,'disponible',NULL,NULL,'{\"serie\": \"RFM20123936614\", \"subsidiaria_id\": 1, \"unidad_servicio_id\": 12, \"especificaciones_base\": {\"color\": \"Negro\"}}','2026-01-16 23:15:18','2026-01-16 23:15:18'),(62,1,37,19,1,'creacion',NULL,'disponible',NULL,NULL,'{\"serie\": \"PD9AX211NG\", \"subsidiaria_id\": 1, \"unidad_servicio_id\": 12, \"especificaciones_base\": {\"color\": \"Blanca\", \"ram_gb\": 12, \"procesador\": \"Intel Core i5 12° Gen\", \"almacenamiento\": {\"tipo\": \"m2\", \"capacidad_gb\": 256}}}','2026-01-16 23:19:44','2026-01-16 23:19:44'),(63,1,38,20,1,'creacion',NULL,'disponible',NULL,NULL,'{\"serie\": \"G9NLCX06N26439F\", \"subsidiaria_id\": 3, \"unidad_servicio_id\": 12, \"especificaciones_base\": {\"color\": \"Negra\", \"ram_gb\": 4, \"procesador\": \"Intel Pentium N3710\", \"almacenamiento\": {\"tipo\": \"hdd\", \"capacidad_gb\": 500}}}','2026-01-16 23:21:33','2026-01-16 23:21:33'),(64,1,39,21,1,'creacion',NULL,'disponible',NULL,NULL,'{\"serie\": \"3CR3230HFP\", \"subsidiaria_id\": 3, \"unidad_servicio_id\": 12, \"especificaciones_base\": {\"color\": \"Negro\", \"ram_gb\": 8, \"procesador\": \"Intel Core i5 3° Gen\", \"almacenamiento\": {\"tipo\": \"hdd\", \"capacidad_gb\": 1024}}}','2026-01-16 23:22:55','2026-01-16 23:22:55'),(65,1,40,22,1,'creacion',NULL,'disponible',NULL,NULL,'{\"serie\": \"5CD5304BRT\", \"subsidiaria_id\": 1, \"especificaciones_base\": {\"color\": \"Negro\", \"ram_gb\": 8, \"procesador\": \"Intel Core i7 4° Gen\", \"almacenamiento\": {\"tipo\": \"hdd\", \"capacidad_gb\": 1024}}}','2026-01-16 23:23:48','2026-01-16 23:23:48'),(66,1,41,23,1,'creacion',NULL,'disponible',NULL,NULL,'{\"serie\": \"2JYP9S2\", \"subsidiaria_id\": 3, \"unidad_servicio_id\": 12, \"especificaciones_base\": {\"color\": \"Azul\", \"ram_gb\": 16, \"procesador\": \"Intel Core i7 8° Gen\", \"almacenamiento\": {\"tipo\": \"ssd\", \"capacidad_gb\": 1024}}}','2026-01-16 23:25:59','2026-01-16 23:25:59'),(67,1,42,24,1,'creacion',NULL,'disponible',NULL,NULL,'{\"serie\": \"4KKWXQ2\", \"subsidiaria_id\": 3, \"unidad_servicio_id\": 12, \"especificaciones_base\": {\"color\": \"Azul\", \"ram_gb\": 8, \"procesador\": \"Intel Core i5 8° Gen\", \"almacenamiento\": {\"tipo\": \"ssd\", \"capacidad_gb\": 480}}}','2026-01-16 23:26:46','2026-01-16 23:26:46'),(68,1,43,25,1,'creacion',NULL,'disponible',NULL,NULL,'{\"serie\": \"Sel\", \"subsidiaria_id\": 3, \"unidad_servicio_id\": 12, \"especificaciones_base\": {\"color\": \"Gris\", \"ram_gb\": 16, \"procesador\": \"Intel Core i7 13° Gen\", \"almacenamiento\": {\"tipo\": \"m2\", \"capacidad_gb\": 1024}}}','2026-01-16 23:33:08','2026-01-16 23:33:08'),(69,1,44,26,1,'creacion',NULL,'disponible',NULL,NULL,'{\"serie\": \"H978Z93\", \"subsidiaria_id\": 1, \"unidad_servicio_id\": 12, \"especificaciones_base\": {\"color\": \"Negro\", \"ram_gb\": 16, \"procesador\": \"GTX 3060\", \"almacenamiento\": {\"tipo\": \"ssd\", \"capacidad_gb\": 500}}}','2026-01-16 23:34:25','2026-01-16 23:34:25'),(70,1,45,27,1,'creacion',NULL,'disponible',NULL,NULL,'{\"serie\": \"JFN3JX2\", \"subsidiaria_id\": 1, \"unidad_servicio_id\": 12, \"especificaciones_base\": {\"color\": \"Gris Oxford\", \"ram_gb\": 16, \"procesador\": \"Intel Core i5 9° Gen\", \"almacenamiento\": {\"tipo\": \"m2\", \"capacidad_gb\": 128}}}','2026-01-16 23:37:49','2026-01-16 23:37:49'),(71,1,46,28,1,'creacion',NULL,'disponible',NULL,NULL,'{\"serie\": \"2018AP9031\", \"subsidiaria_id\": 1, \"unidad_servicio_id\": 12, \"especificaciones_base\": []}','2026-01-16 23:38:11','2026-01-16 23:38:11'),(72,1,47,10,1,'creacion',NULL,'disponible',NULL,NULL,'{\"serie\": \"CND31524Z4\", \"subsidiaria_id\": 1, \"especificaciones_base\": {\"color\": \"Gris Oxford\", \"ram_gb\": 16, \"procesador\": \"AMD Ryzen 5 5500U\", \"almacenamiento\": {\"tipo\": \"m2\", \"capacidad_gb\": 250}}}','2026-01-16 23:38:44','2026-01-16 23:38:44'),(73,1,47,10,1,'edicion',NULL,NULL,NULL,NULL,'{\"almacenamiento\": {\"antes\": [], \"despues\": {\"tipo\": \"m2\", \"capacidad_gb\": 256}}}','2026-01-16 23:39:52','2026-01-16 23:39:52'),(74,1,48,9,1,'creacion',NULL,'disponible',NULL,NULL,'{\"serie\": \"1H84504LT2\", \"subsidiaria_id\": 1, \"especificaciones_base\": {\"color\": \"Gris Oxford\", \"ram_gb\": 16, \"procesador\": \"Intel Core i5 12TH\", \"almacenamiento\": {\"tipo\": \"m2\", \"capacidad_gb\": 500}}}','2026-01-16 23:41:27','2026-01-16 23:41:27'),(75,1,48,9,1,'edicion',NULL,NULL,NULL,NULL,'{\"color\": {\"antes\": null, \"despues\": \"Plateada\"}, \"almacenamiento\": {\"antes\": [], \"despues\": {\"tipo\": \"m2\", \"capacidad_gb\": 512}}}','2026-01-16 23:41:44','2026-01-16 23:41:44'),(76,1,49,29,1,'creacion',NULL,'disponible',NULL,NULL,'{\"serie\": \"K2310N0038995\", \"subsidiaria_id\": 3, \"unidad_servicio_id\": 12, \"especificaciones_base\": {\"color\": \"Negro\", \"ram_gb\": 16, \"procesador\": \"Intel Core i5 11° Gen - RTX 3050\", \"almacenamiento\": {\"tipo\": \"m2\", \"capacidad_gb\": 512}}}','2026-01-16 23:43:09','2026-01-16 23:43:09'),(77,1,50,5,1,'creacion',NULL,'disponible',NULL,NULL,'{\"serie\": \"CND4361R73\", \"subsidiaria_id\": 3, \"especificaciones_base\": {\"color\": \"Gris\", \"ram_gb\": 16, \"procesador\": \"AMD Ryzen 5 5625U\", \"almacenamiento\": {\"tipo\": \"m2\", \"capacidad_gb\": 447}}}','2026-01-16 23:44:21','2026-01-16 23:44:21'),(78,1,50,5,1,'edicion',NULL,NULL,NULL,NULL,'{\"procesador\": {\"antes\": null, \"despues\": \"AMD Ryzen 5 5625U\"}, \"almacenamiento\": {\"antes\": [], \"despues\": {\"tipo\": \"m2\", \"capacidad_gb\": 512}}}','2026-01-16 23:44:46','2026-01-16 23:44:46'),(79,1,51,10,1,'creacion',NULL,'disponible',NULL,NULL,'{\"serie\": \"CND3401PJ4\", \"subsidiaria_id\": 1, \"especificaciones_base\": {\"color\": \"Gris Oxford\", \"ram_gb\": 16, \"procesador\": \"AMD Ryzen 5 5500U\", \"almacenamiento\": {\"tipo\": \"m2\", \"capacidad_gb\": 250}}}','2026-01-16 23:45:29','2026-01-16 23:45:29'),(80,1,51,10,1,'edicion',NULL,NULL,NULL,NULL,'{\"almacenamiento\": {\"antes\": [], \"despues\": {\"tipo\": \"ssd\", \"capacidad_gb\": 256}}}','2026-01-16 23:46:05','2026-01-16 23:46:05'),(81,1,52,10,1,'creacion',NULL,'disponible',NULL,NULL,'{\"serie\": \"CND3401PBR\", \"subsidiaria_id\": 1, \"especificaciones_base\": {\"color\": \"Gris Oxford\", \"ram_gb\": 16, \"procesador\": \"AMD Ryzen 5 5500U\", \"almacenamiento\": {\"tipo\": \"m2\", \"capacidad_gb\": 250}}}','2026-01-16 23:46:34','2026-01-16 23:46:34'),(82,1,52,10,1,'edicion',NULL,NULL,NULL,NULL,'{\"almacenamiento\": {\"antes\": [], \"despues\": {\"tipo\": \"m2\", \"capacidad_gb\": 512}}}','2026-01-16 23:46:52','2026-01-16 23:46:52'),(83,1,53,10,1,'creacion',NULL,'disponible',NULL,NULL,'{\"serie\": \"CND3401P76\", \"subsidiaria_id\": 1, \"especificaciones_base\": {\"color\": \"Gris Oxford\", \"ram_gb\": 16, \"procesador\": \"AMD Ryzen 5 5500U\", \"almacenamiento\": {\"tipo\": \"m2\", \"capacidad_gb\": 250}}}','2026-01-16 23:47:08','2026-01-16 23:47:08'),(85,1,53,10,1,'edicion',NULL,NULL,NULL,NULL,'{\"almacenamiento\": {\"antes\": [], \"despues\": {\"tipo\": \"m2\", \"capacidad_gb\": 512}}}','2026-01-16 23:47:18','2026-01-16 23:47:18'),(86,1,55,5,1,'creacion',NULL,'disponible',NULL,NULL,'{\"serie\": \"CND4361RGK\", \"subsidiaria_id\": 1, \"especificaciones_base\": {\"color\": \"Gris\", \"ram_gb\": 16, \"procesador\": \"AMD Ryzen 5 5625U\", \"almacenamiento\": {\"tipo\": \"m2\", \"capacidad_gb\": 447}}}','2026-01-16 23:48:19','2026-01-16 23:48:19'),(87,1,55,5,1,'edicion',NULL,NULL,NULL,NULL,'{\"almacenamiento\": {\"antes\": [], \"despues\": {\"tipo\": \"m2\", \"capacidad_gb\": 512}}}','2026-01-16 23:48:31','2026-01-16 23:48:31'),(88,1,56,30,1,'creacion',NULL,'disponible',NULL,NULL,'{\"serie\": \"11405631891\", \"subsidiaria_id\": 3, \"unidad_servicio_id\": 12, \"especificaciones_base\": {\"color\": \"Plateada\", \"ram_gb\": 8, \"almacenamiento\": {\"tipo\": \"ssd\", \"capacidad_gb\": 512}}}','2026-01-21 22:38:06','2026-01-21 22:38:06');
/*!40000 ALTER TABLE `producto_series_historial` ENABLE KEYS */;
UNLOCK TABLES;

--
-- Table structure for table `productos`
--

DROP TABLE IF EXISTS `productos`;
/*!40101 SET @saved_cs_client     = @@character_set_client */;
/*!50503 SET character_set_client = utf8mb4 */;
CREATE TABLE `productos` (
  `id` bigint unsigned NOT NULL AUTO_INCREMENT,
  `empresa_tenant_id` bigint unsigned NOT NULL,
  `folio` bigint unsigned NOT NULL,
  `created_by` bigint unsigned NOT NULL,
  `nombre` varchar(255) COLLATE utf8mb4_unicode_ci NOT NULL,
  `sku` varchar(255) COLLATE utf8mb4_unicode_ci DEFAULT NULL,
  `marca` varchar(255) COLLATE utf8mb4_unicode_ci DEFAULT NULL,
  `modelo` varchar(255) COLLATE utf8mb4_unicode_ci DEFAULT NULL,
  `descripcion` text COLLATE utf8mb4_unicode_ci,
  `tipo` varchar(30) COLLATE utf8mb4_unicode_ci NOT NULL,
  `es_serializado` tinyint(1) NOT NULL DEFAULT '0',
  `unidad` varchar(255) COLLATE utf8mb4_unicode_ci NOT NULL DEFAULT 'pieza',
  `especificaciones` json DEFAULT NULL,
  `activo` tinyint(1) NOT NULL DEFAULT '1',
  `created_at` timestamp NULL DEFAULT NULL,
  `updated_at` timestamp NULL DEFAULT NULL,
  PRIMARY KEY (`id`),
  UNIQUE KEY `ux_producto_tenant_folio` (`empresa_tenant_id`,`folio`),
  UNIQUE KEY `ux_producto_tenant_sku` (`empresa_tenant_id`,`sku`),
  KEY `productos_created_by_foreign` (`created_by`),
  KEY `ix_producto_tenant_nombre` (`empresa_tenant_id`,`nombre`),
  KEY `productos_empresa_tenant_id_index` (`empresa_tenant_id`),
  CONSTRAINT `productos_created_by_foreign` FOREIGN KEY (`created_by`) REFERENCES `users` (`id`) ON DELETE RESTRICT ON UPDATE CASCADE
) ENGINE=InnoDB AUTO_INCREMENT=31 DEFAULT CHARSET=utf8mb4 COLLATE=utf8mb4_unicode_ci;
/*!40101 SET character_set_client = @saved_cs_client */;

--
-- Dumping data for table `productos`
--

LOCK TABLES `productos` WRITE;
/*!40000 ALTER TABLE `productos` DISABLE KEYS */;
INSERT INTO `productos` VALUES (3,1,1,1,'Kit Teclado y Mouse',NULL,'Dell','Combo KM300C LTN','Kit Negro','periferico',1,'pieza',NULL,1,'2026-01-16 19:22:02','2026-01-16 19:24:01'),(5,1,2,1,'Laptop',NULL,'Hp','255 G9','Gris','equipo_pc',1,'pieza','{\"color\": \"Gris\", \"ram_gb\": 16, \"procesador\": \"AMD Ryzen 5 5625U\", \"almacenamiento\": {\"tipo\": \"m2\", \"capacidad_gb\": 447}}',1,'2026-01-16 20:23:18','2026-01-16 20:23:18'),(6,1,3,1,'Laptop',NULL,'Hp','15-fd0005dx','Plateada','equipo_pc',1,'pieza','{\"color\": \"Plateada\", \"ram_gb\": 16, \"procesador\": \"Intel Core i5 12TH\", \"almacenamiento\": {\"tipo\": \"m2\", \"capacidad_gb\": 500}}',1,'2026-01-16 22:34:21','2026-01-16 22:34:21'),(7,1,4,1,'All in One',NULL,'Hp','20c-4080','All in One','equipo_pc',1,'pieza','{\"color\": \"All in One\", \"ram_gb\": 8, \"procesador\": \"Intel Core i3 7° Gen\", \"almacenamiento\": {\"tipo\": \"ssd\", \"capacidad_gb\": 500}}',1,'2026-01-16 22:38:12','2026-01-16 22:38:12'),(8,1,5,1,'All in One',NULL,'Hp','24-92001A','Negro','equipo_pc',1,'pieza','{\"color\": \"Negro\", \"ram_gb\": 4, \"procesador\": \"AMD A6-7310\", \"almacenamiento\": {\"tipo\": \"hdd\", \"capacidad_gb\": 1024}}',1,'2026-01-16 22:40:19','2026-01-16 22:40:19'),(9,1,6,1,'Laptop',NULL,'Hp','255 G10','Gris Oxford','equipo_pc',1,'pieza','{\"color\": \"Gris Oxford\", \"ram_gb\": 16, \"procesador\": \"Intel Core i5 12TH\", \"almacenamiento\": {\"tipo\": \"m2\", \"capacidad_gb\": 500}}',1,'2026-01-16 22:44:08','2026-01-16 22:44:08'),(10,1,7,1,'Laptop',NULL,'Hp','255 G8','Gris Oxford','equipo_pc',1,'pieza','{\"color\": \"Gris Oxford\", \"ram_gb\": 16, \"procesador\": \"AMD Ryzen 5 5500U\", \"almacenamiento\": {\"tipo\": \"m2\", \"capacidad_gb\": 250}}',1,'2026-01-16 22:57:10','2026-01-16 22:57:10'),(11,1,8,1,'All in One',NULL,'Dell','3048 Series','Negro','equipo_pc',1,'pieza','{\"color\": \"Negro\"}',1,'2026-01-16 23:01:57','2026-01-16 23:01:57'),(12,1,9,1,'Laptop',NULL,'Dell','Alienware M15','Negro','equipo_pc',1,'pieza','{\"color\": \"Negro\", \"ram_gb\": 16, \"procesador\": \"Intel Core i7 12° Gen\", \"almacenamiento\": {\"tipo\": \"m2\", \"capacidad_gb\": 512}}',1,'2026-01-16 23:04:07','2026-01-16 23:04:07'),(13,1,10,1,'All in One',NULL,'Hp','20-C408LA','Negro','equipo_pc',1,'pieza','{\"color\": \"Negro\", \"ram_gb\": 4, \"procesador\": \"Intel Core i3 7° Gen\", \"almacenamiento\": {\"tipo\": \"hdd\", \"capacidad_gb\": 1024}}',1,'2026-01-16 23:05:53','2026-01-16 23:05:53'),(14,1,11,1,'All in One',NULL,'Hp','24-G200LA','Negro','equipo_pc',1,'pieza','{\"color\": \"Negro\", \"ram_gb\": 8, \"procesador\": \"AMD A6-7310\", \"almacenamiento\": {\"tipo\": \"ssd\", \"capacidad_gb\": 480}}',1,'2026-01-16 23:06:59','2026-01-16 23:06:59'),(15,1,12,1,'Laptop',NULL,'Acer','Aspire One 632H2268',NULL,'equipo_pc',1,'pieza','[]',1,'2026-01-16 23:08:19','2026-01-16 23:08:19'),(16,1,13,1,'PC de Escritorio',NULL,'Extreme','PC-Gaming','Negro','equipo_pc',1,'pieza','{\"color\": \"Negro\", \"ram_gb\": 16, \"procesador\": \"Intel Core i5 12° Gen\", \"almacenamiento\": {\"tipo\": \"m2\", \"capacidad_gb\": 512}}',1,'2026-01-16 23:12:37','2026-01-16 23:12:37'),(17,1,14,1,'PC de Escritorio',NULL,'Hp','Compaq 6200 Pro','Negro','equipo_pc',1,'pieza','{\"color\": \"Negro\", \"ram_gb\": 6, \"procesador\": \"Intel Core i3 2° Gen\", \"almacenamiento\": {\"tipo\": \"hdd\", \"capacidad_gb\": 500}}',1,'2026-01-16 23:14:20','2026-01-16 23:14:20'),(18,1,15,1,'All in One',NULL,'Hp','CPX134','Negro','equipo_pc',1,'pieza','{\"color\": \"Negro\"}',1,'2026-01-16 23:15:18','2026-01-16 23:15:18'),(19,1,16,1,'All in One',NULL,'Dell','Inspiron 5410','Blanca','equipo_pc',1,'pieza','{\"color\": \"Blanca\", \"ram_gb\": 12, \"procesador\": \"Intel Core i5 12° Gen\", \"almacenamiento\": {\"tipo\": \"m2\", \"capacidad_gb\": 256}}',1,'2026-01-16 23:19:44','2026-01-16 23:19:44'),(20,1,17,1,'Laptop',NULL,'Asus','E-Book TP201','Negra','equipo_pc',1,'pieza','{\"color\": \"Negra\", \"ram_gb\": 4, \"procesador\": \"Intel Pentium N3710\", \"almacenamiento\": {\"tipo\": \"hdd\", \"capacidad_gb\": 500}}',1,'2026-01-16 23:21:33','2026-01-16 23:21:33'),(21,1,18,1,'All in One',NULL,'Hp','ENVY 23-d027c','Negro','equipo_pc',1,'pieza','{\"color\": \"Negro\", \"ram_gb\": 8, \"procesador\": \"Intel Core i5 3° Gen\", \"almacenamiento\": {\"tipo\": \"hdd\", \"capacidad_gb\": 1024}}',1,'2026-01-16 23:22:55','2026-01-16 23:22:55'),(22,1,19,1,'All in One',NULL,'Hp','ENVY 15-k050la','Negro','equipo_pc',1,'pieza','{\"color\": \"Negro\", \"ram_gb\": 8, \"procesador\": \"Intel Core i7 4° Gen\", \"almacenamiento\": {\"tipo\": \"hdd\", \"capacidad_gb\": 1024}}',1,'2026-01-16 23:23:32','2026-01-16 23:23:32'),(23,1,20,1,'Laptop',NULL,'Dell','G3 3779','Azul','equipo_pc',1,'pieza','{\"color\": \"Azul\", \"ram_gb\": 16, \"procesador\": \"Intel Core i7 8° Gen\", \"almacenamiento\": {\"tipo\": \"ssd\", \"capacidad_gb\": 1024}}',1,'2026-01-16 23:25:59','2026-01-16 23:25:59'),(24,1,21,1,'Laptop',NULL,'Dell','G3 3579','Azul','equipo_pc',1,'pieza','{\"color\": \"Azul\", \"ram_gb\": 8, \"procesador\": \"Intel Core i5 8° Gen\", \"almacenamiento\": {\"tipo\": \"ssd\", \"capacidad_gb\": 480}}',1,'2026-01-16 23:26:46','2026-01-16 23:26:46'),(25,1,22,1,'Laptop',NULL,'Dell','G15 5530','Gris','equipo_pc',1,'pieza','{\"color\": \"Gris\", \"ram_gb\": 16, \"procesador\": \"Intel Core i7 13° Gen\", \"almacenamiento\": {\"tipo\": \"m2\", \"capacidad_gb\": 1024}}',1,'2026-01-16 23:33:08','2026-01-16 23:33:08'),(26,1,23,1,'Laptop',NULL,'Dell','G5 551015','Negro','equipo_pc',1,'pieza','{\"color\": \"Negro\", \"ram_gb\": 16, \"procesador\": \"GTX 3060\", \"almacenamiento\": {\"tipo\": \"ssd\", \"capacidad_gb\": 500}}',1,'2026-01-16 23:34:25','2026-01-16 23:34:25'),(27,1,24,1,'Laptop',NULL,'Dell','G7 17 7790','Gris Oxford','equipo_pc',1,'pieza','{\"color\": \"Gris Oxford\", \"ram_gb\": 16, \"procesador\": \"Intel Core i5 9° Gen\", \"almacenamiento\": {\"tipo\": \"m2\", \"capacidad_gb\": 128}}',1,'2026-01-16 23:37:49','2026-01-16 23:37:49'),(28,1,25,1,'Laptop',NULL,'Dell','G7 7790',NULL,'equipo_pc',1,'pieza','[]',1,'2026-01-16 23:38:11','2026-01-16 23:38:11'),(29,1,26,1,'Laptop',NULL,'MSI','GF63 Thin Gaming','Negro','equipo_pc',1,'pieza','{\"color\": \"Negro\", \"ram_gb\": 16, \"procesador\": \"Intel Core i5 11° Gen - RTX 3050\", \"almacenamiento\": {\"tipo\": \"m2\", \"capacidad_gb\": 512}}',1,'2026-01-16 23:43:09','2026-01-16 23:43:09'),(30,1,27,1,'Laptop',NULL,'Dell','Inspiron 15 3520','Plateada','equipo_pc',1,'pieza','{\"color\": \"Plateada\", \"ram_gb\": 8, \"almacenamiento\": {\"tipo\": \"ssd\", \"capacidad_gb\": 512}}',1,'2026-01-21 22:38:06','2026-01-21 22:38:06');
/*!40000 ALTER TABLE `productos` ENABLE KEYS */;
UNLOCK TABLES;

--
-- Table structure for table `productos_historial`
--

DROP TABLE IF EXISTS `productos_historial`;
/*!40101 SET @saved_cs_client     = @@character_set_client */;
/*!50503 SET character_set_client = utf8mb4 */;
CREATE TABLE `productos_historial` (
  `id` bigint unsigned NOT NULL AUTO_INCREMENT,
  `producto_id` bigint unsigned NOT NULL,
  `user_id` bigint unsigned DEFAULT NULL,
  `accion` varchar(255) COLLATE utf8mb4_unicode_ci NOT NULL,
  `datos_anteriores` json DEFAULT NULL,
  `datos_nuevos` json DEFAULT NULL,
  `created_at` timestamp NULL DEFAULT NULL,
  `updated_at` timestamp NULL DEFAULT NULL,
  PRIMARY KEY (`id`),
  KEY `productos_historial_producto_id_foreign` (`producto_id`),
  KEY `productos_historial_user_id_foreign` (`user_id`),
  CONSTRAINT `productos_historial_producto_id_foreign` FOREIGN KEY (`producto_id`) REFERENCES `productos` (`id`) ON DELETE CASCADE,
  CONSTRAINT `productos_historial_user_id_foreign` FOREIGN KEY (`user_id`) REFERENCES `users` (`id`) ON DELETE SET NULL
) ENGINE=InnoDB AUTO_INCREMENT=33 DEFAULT CHARSET=utf8mb4 COLLATE=utf8mb4_unicode_ci;
/*!40101 SET character_set_client = @saved_cs_client */;

--
-- Dumping data for table `productos_historial`
--

LOCK TABLES `productos_historial` WRITE;
/*!40000 ALTER TABLE `productos_historial` DISABLE KEYS */;
INSERT INTO `productos_historial` VALUES (4,3,1,'creado',NULL,'{\"id\": 3, \"sku\": null, \"tipo\": \"periferico\", \"folio\": 1, \"marca\": \"Dell\", \"activo\": true, \"modelo\": \"Combo KM300C LTN\", \"nombre\": \"Teclado\", \"unidad\": \"pieza\", \"created_at\": \"2026-01-16T19:22:02.000000Z\", \"created_by\": 1, \"updated_at\": \"2026-01-16T19:22:02.000000Z\", \"descripcion\": \"Combo Teclado\", \"es_serializado\": 1, \"especificaciones\": null, \"empresa_tenant_id\": 1}','2026-01-16 19:22:02','2026-01-16 19:22:02'),(6,3,1,'actualizado','{\"id\": 3, \"sku\": null, \"tipo\": \"periferico\", \"folio\": 1, \"marca\": \"Dell\", \"activo\": true, \"modelo\": \"Combo KM300C LTN\", \"nombre\": \"Teclado\", \"unidad\": \"pieza\", \"created_at\": \"2026-01-16T19:22:02.000000Z\", \"created_by\": 1, \"updated_at\": \"2026-01-16T19:22:02.000000Z\", \"descripcion\": \"Combo Teclado\", \"es_serializado\": 1, \"especificaciones\": null, \"empresa_tenant_id\": 1}','{\"id\": 3, \"sku\": null, \"tipo\": \"periferico\", \"folio\": 1, \"marca\": \"Dell\", \"activo\": true, \"modelo\": \"Combo KM300C LTN\", \"nombre\": \"Kit Teclado y Mouse\", \"unidad\": \"pieza\", \"created_at\": \"2026-01-16T19:22:02.000000Z\", \"created_by\": 1, \"updated_at\": \"2026-01-16T19:24:01.000000Z\", \"descripcion\": \"Kit Negro\", \"es_serializado\": 1, \"especificaciones\": null, \"empresa_tenant_id\": 1}','2026-01-16 19:24:01','2026-01-16 19:24:01'),(7,5,1,'creado',NULL,'{\"id\": 5, \"sku\": null, \"tipo\": \"equipo_pc\", \"folio\": 2, \"marca\": \"Hp\", \"activo\": true, \"modelo\": \"255 G9\", \"nombre\": \"Laptop\", \"unidad\": \"pieza\", \"created_at\": \"2026-01-16T20:23:18.000000Z\", \"created_by\": 1, \"updated_at\": \"2026-01-16T20:23:18.000000Z\", \"descripcion\": \"Gris\", \"es_serializado\": 1, \"especificaciones\": {\"color\": \"Gris\", \"ram_gb\": 16, \"procesador\": \"AMD Ryzen 5 5625U\", \"almacenamiento\": {\"tipo\": \"m2\", \"capacidad_gb\": 447}}, \"empresa_tenant_id\": 1}','2026-01-16 20:23:18','2026-01-16 20:23:18'),(8,6,1,'creado',NULL,'{\"id\": 6, \"sku\": null, \"tipo\": \"equipo_pc\", \"folio\": 3, \"marca\": \"Hp\", \"activo\": true, \"modelo\": \"15-fd0005dx\", \"nombre\": \"Laptop\", \"unidad\": \"pieza\", \"created_at\": \"2026-01-16T22:34:21.000000Z\", \"created_by\": 1, \"updated_at\": \"2026-01-16T22:34:21.000000Z\", \"descripcion\": \"Plateada\", \"es_serializado\": 1, \"especificaciones\": {\"color\": \"Plateada\", \"ram_gb\": 16, \"procesador\": \"Intel Core i5 12TH\", \"almacenamiento\": {\"tipo\": \"m2\", \"capacidad_gb\": 500}}, \"empresa_tenant_id\": 1}','2026-01-16 22:34:21','2026-01-16 22:34:21'),(9,7,1,'creado',NULL,'{\"id\": 7, \"sku\": null, \"tipo\": \"equipo_pc\", \"folio\": 4, \"marca\": \"Hp\", \"activo\": true, \"modelo\": \"20c-4080\", \"nombre\": \"All in One\", \"unidad\": \"pieza\", \"created_at\": \"2026-01-16T22:38:12.000000Z\", \"created_by\": 1, \"updated_at\": \"2026-01-16T22:38:12.000000Z\", \"descripcion\": \"All in One\", \"es_serializado\": 1, \"especificaciones\": {\"color\": \"All in One\", \"ram_gb\": 8, \"procesador\": \"Intel Core i3 7° Gen\", \"almacenamiento\": {\"tipo\": \"ssd\", \"capacidad_gb\": 500}}, \"empresa_tenant_id\": 1}','2026-01-16 22:38:12','2026-01-16 22:38:12'),(10,8,1,'creado',NULL,'{\"id\": 8, \"sku\": null, \"tipo\": \"equipo_pc\", \"folio\": 5, \"marca\": \"Hp\", \"activo\": true, \"modelo\": \"24-92001A\", \"nombre\": \"All in One\", \"unidad\": \"pieza\", \"created_at\": \"2026-01-16T22:40:19.000000Z\", \"created_by\": 1, \"updated_at\": \"2026-01-16T22:40:19.000000Z\", \"descripcion\": \"Negro\", \"es_serializado\": 1, \"especificaciones\": {\"color\": \"Negro\", \"ram_gb\": 4, \"procesador\": \"AMD A6-7310\", \"almacenamiento\": {\"tipo\": \"hdd\", \"capacidad_gb\": 1024}}, \"empresa_tenant_id\": 1}','2026-01-16 22:40:19','2026-01-16 22:40:19'),(11,9,1,'creado',NULL,'{\"id\": 9, \"sku\": null, \"tipo\": \"equipo_pc\", \"folio\": 6, \"marca\": \"Hp\", \"activo\": true, \"modelo\": \"255 G10\", \"nombre\": \"Laptop\", \"unidad\": \"pieza\", \"created_at\": \"2026-01-16T22:44:08.000000Z\", \"created_by\": 1, \"updated_at\": \"2026-01-16T22:44:08.000000Z\", \"descripcion\": \"Gris Oxford\", \"es_serializado\": 1, \"especificaciones\": {\"color\": \"Gris Oxford\", \"ram_gb\": 16, \"procesador\": \"Intel Core i5 12TH\", \"almacenamiento\": {\"tipo\": \"m2\", \"capacidad_gb\": 500}}, \"empresa_tenant_id\": 1}','2026-01-16 22:44:08','2026-01-16 22:44:08'),(12,10,1,'creado',NULL,'{\"id\": 10, \"sku\": null, \"tipo\": \"equipo_pc\", \"folio\": 7, \"marca\": \"Hp\", \"activo\": true, \"modelo\": \"255 G8\", \"nombre\": \"Laptop\", \"unidad\": \"pieza\", \"created_at\": \"2026-01-16T22:57:10.000000Z\", \"created_by\": 1, \"updated_at\": \"2026-01-16T22:57:10.000000Z\", \"descripcion\": \"Gris Oxford\", \"es_serializado\": 1, \"especificaciones\": {\"color\": \"Gris Oxford\", \"ram_gb\": 16, \"procesador\": \"AMD Ryzen 5 5500U\", \"almacenamiento\": {\"tipo\": \"m2\", \"capacidad_gb\": 250}}, \"empresa_tenant_id\": 1}','2026-01-16 22:57:10','2026-01-16 22:57:10'),(13,11,1,'creado',NULL,'{\"id\": 11, \"sku\": null, \"tipo\": \"equipo_pc\", \"folio\": 8, \"marca\": \"Dell\", \"activo\": true, \"modelo\": \"3048 Series\", \"nombre\": \"All in One\", \"unidad\": \"pieza\", \"created_at\": \"2026-01-16T23:01:57.000000Z\", \"created_by\": 1, \"updated_at\": \"2026-01-16T23:01:57.000000Z\", \"descripcion\": \"Negro\", \"es_serializado\": 1, \"especificaciones\": {\"color\": \"Negro\"}, \"empresa_tenant_id\": 1}','2026-01-16 23:01:57','2026-01-16 23:01:57'),(14,12,1,'creado',NULL,'{\"id\": 12, \"sku\": null, \"tipo\": \"equipo_pc\", \"folio\": 9, \"marca\": \"Dell\", \"activo\": true, \"modelo\": \"Alienware M15\", \"nombre\": \"Laptop\", \"unidad\": \"pieza\", \"created_at\": \"2026-01-16T23:04:07.000000Z\", \"created_by\": 1, \"updated_at\": \"2026-01-16T23:04:07.000000Z\", \"descripcion\": \"Negro\", \"es_serializado\": 1, \"especificaciones\": {\"color\": \"Negro\", \"ram_gb\": 16, \"procesador\": \"Intel Core i7 12° Gen\", \"almacenamiento\": {\"tipo\": \"m2\", \"capacidad_gb\": 512}}, \"empresa_tenant_id\": 1}','2026-01-16 23:04:07','2026-01-16 23:04:07'),(15,13,1,'creado',NULL,'{\"id\": 13, \"sku\": null, \"tipo\": \"equipo_pc\", \"folio\": 10, \"marca\": \"Hp\", \"activo\": true, \"modelo\": \"20-C408LA\", \"nombre\": \"All in One\", \"unidad\": \"pieza\", \"created_at\": \"2026-01-16T23:05:53.000000Z\", \"created_by\": 1, \"updated_at\": \"2026-01-16T23:05:53.000000Z\", \"descripcion\": \"Negro\", \"es_serializado\": 1, \"especificaciones\": {\"color\": \"Negro\", \"ram_gb\": 4, \"procesador\": \"Intel Core i3 7° Gen\", \"almacenamiento\": {\"tipo\": \"hdd\", \"capacidad_gb\": 1024}}, \"empresa_tenant_id\": 1}','2026-01-16 23:05:53','2026-01-16 23:05:53'),(16,14,1,'creado',NULL,'{\"id\": 14, \"sku\": null, \"tipo\": \"equipo_pc\", \"folio\": 11, \"marca\": \"Hp\", \"activo\": true, \"modelo\": \"24-G200LA\", \"nombre\": \"All in One\", \"unidad\": \"pieza\", \"created_at\": \"2026-01-16T23:06:59.000000Z\", \"created_by\": 1, \"updated_at\": \"2026-01-16T23:06:59.000000Z\", \"descripcion\": \"Negro\", \"es_serializado\": 1, \"especificaciones\": {\"color\": \"Negro\", \"ram_gb\": 8, \"procesador\": \"AMD A6-7310\", \"almacenamiento\": {\"tipo\": \"ssd\", \"capacidad_gb\": 480}}, \"empresa_tenant_id\": 1}','2026-01-16 23:06:59','2026-01-16 23:06:59'),(17,15,1,'creado',NULL,'{\"id\": 15, \"sku\": null, \"tipo\": \"equipo_pc\", \"folio\": 12, \"marca\": \"Acer\", \"activo\": true, \"modelo\": \"Aspire One 632H2268\", \"nombre\": \"Laptop\", \"unidad\": \"pieza\", \"created_at\": \"2026-01-16T23:08:19.000000Z\", \"created_by\": 1, \"updated_at\": \"2026-01-16T23:08:19.000000Z\", \"descripcion\": null, \"es_serializado\": 1, \"especificaciones\": [], \"empresa_tenant_id\": 1}','2026-01-16 23:08:19','2026-01-16 23:08:19'),(18,16,1,'creado',NULL,'{\"id\": 16, \"sku\": null, \"tipo\": \"equipo_pc\", \"folio\": 13, \"marca\": \"Extreme\", \"activo\": true, \"modelo\": \"PC-Gaming\", \"nombre\": \"PC de Escritorio\", \"unidad\": \"pieza\", \"created_at\": \"2026-01-16T23:12:37.000000Z\", \"created_by\": 1, \"updated_at\": \"2026-01-16T23:12:37.000000Z\", \"descripcion\": \"Negro\", \"es_serializado\": 1, \"especificaciones\": {\"color\": \"Negro\", \"ram_gb\": 16, \"procesador\": \"Intel Core i5 12° Gen\", \"almacenamiento\": {\"tipo\": \"m2\", \"capacidad_gb\": 512}}, \"empresa_tenant_id\": 1}','2026-01-16 23:12:37','2026-01-16 23:12:37'),(19,17,1,'creado',NULL,'{\"id\": 17, \"sku\": null, \"tipo\": \"equipo_pc\", \"folio\": 14, \"marca\": \"Hp\", \"activo\": true, \"modelo\": \"Compaq 6200 Pro\", \"nombre\": \"PC de Escritorio\", \"unidad\": \"pieza\", \"created_at\": \"2026-01-16T23:14:20.000000Z\", \"created_by\": 1, \"updated_at\": \"2026-01-16T23:14:20.000000Z\", \"descripcion\": \"Negro\", \"es_serializado\": 1, \"especificaciones\": {\"color\": \"Negro\", \"ram_gb\": 6, \"procesador\": \"Intel Core i3 2° Gen\", \"almacenamiento\": {\"tipo\": \"hdd\", \"capacidad_gb\": 500}}, \"empresa_tenant_id\": 1}','2026-01-16 23:14:20','2026-01-16 23:14:20'),(20,18,1,'creado',NULL,'{\"id\": 18, \"sku\": null, \"tipo\": \"equipo_pc\", \"folio\": 15, \"marca\": \"Hp\", \"activo\": true, \"modelo\": \"CPX134\", \"nombre\": \"All in One\", \"unidad\": \"pieza\", \"created_at\": \"2026-01-16T23:15:18.000000Z\", \"created_by\": 1, \"updated_at\": \"2026-01-16T23:15:18.000000Z\", \"descripcion\": \"Negro\", \"es_serializado\": 1, \"especificaciones\": {\"color\": \"Negro\"}, \"empresa_tenant_id\": 1}','2026-01-16 23:15:18','2026-01-16 23:15:18'),(21,19,1,'creado',NULL,'{\"id\": 19, \"sku\": null, \"tipo\": \"equipo_pc\", \"folio\": 16, \"marca\": \"Dell\", \"activo\": true, \"modelo\": \"Inspiron 5410\", \"nombre\": \"All in One\", \"unidad\": \"pieza\", \"created_at\": \"2026-01-16T23:19:44.000000Z\", \"created_by\": 1, \"updated_at\": \"2026-01-16T23:19:44.000000Z\", \"descripcion\": \"Blanca\", \"es_serializado\": 1, \"especificaciones\": {\"color\": \"Blanca\", \"ram_gb\": 12, \"procesador\": \"Intel Core i5 12° Gen\", \"almacenamiento\": {\"tipo\": \"m2\", \"capacidad_gb\": 256}}, \"empresa_tenant_id\": 1}','2026-01-16 23:19:44','2026-01-16 23:19:44'),(22,20,1,'creado',NULL,'{\"id\": 20, \"sku\": null, \"tipo\": \"equipo_pc\", \"folio\": 17, \"marca\": \"Asus\", \"activo\": true, \"modelo\": \"E-Book TP201\", \"nombre\": \"Laptop\", \"unidad\": \"pieza\", \"created_at\": \"2026-01-16T23:21:33.000000Z\", \"created_by\": 1, \"updated_at\": \"2026-01-16T23:21:33.000000Z\", \"descripcion\": \"Negra\", \"es_serializado\": 1, \"especificaciones\": {\"color\": \"Negra\", \"ram_gb\": 4, \"procesador\": \"Intel Pentium N3710\", \"almacenamiento\": {\"tipo\": \"hdd\", \"capacidad_gb\": 500}}, \"empresa_tenant_id\": 1}','2026-01-16 23:21:33','2026-01-16 23:21:33'),(23,21,1,'creado',NULL,'{\"id\": 21, \"sku\": null, \"tipo\": \"equipo_pc\", \"folio\": 18, \"marca\": \"Hp\", \"activo\": true, \"modelo\": \"ENVY 23-d027c\", \"nombre\": \"All in One\", \"unidad\": \"pieza\", \"created_at\": \"2026-01-16T23:22:55.000000Z\", \"created_by\": 1, \"updated_at\": \"2026-01-16T23:22:55.000000Z\", \"descripcion\": \"Negro\", \"es_serializado\": 1, \"especificaciones\": {\"color\": \"Negro\", \"ram_gb\": 8, \"procesador\": \"Intel Core i5 3° Gen\", \"almacenamiento\": {\"tipo\": \"hdd\", \"capacidad_gb\": 1024}}, \"empresa_tenant_id\": 1}','2026-01-16 23:22:55','2026-01-16 23:22:55'),(24,22,1,'creado',NULL,'{\"id\": 22, \"sku\": null, \"tipo\": \"equipo_pc\", \"folio\": 19, \"marca\": \"Hp\", \"activo\": true, \"modelo\": \"ENVY 15-k050la\", \"nombre\": \"All in One\", \"unidad\": \"pieza\", \"created_at\": \"2026-01-16T23:23:32.000000Z\", \"created_by\": 1, \"updated_at\": \"2026-01-16T23:23:32.000000Z\", \"descripcion\": \"Negro\", \"es_serializado\": 1, \"especificaciones\": {\"color\": \"Negro\", \"ram_gb\": 8, \"procesador\": \"Intel Core i7 4° Gen\", \"almacenamiento\": {\"tipo\": \"hdd\", \"capacidad_gb\": 1024}}, \"empresa_tenant_id\": 1}','2026-01-16 23:23:32','2026-01-16 23:23:32'),(25,23,1,'creado',NULL,'{\"id\": 23, \"sku\": null, \"tipo\": \"equipo_pc\", \"folio\": 20, \"marca\": \"Dell\", \"activo\": true, \"modelo\": \"G3 3779\", \"nombre\": \"Laptop\", \"unidad\": \"pieza\", \"created_at\": \"2026-01-16T23:25:59.000000Z\", \"created_by\": 1, \"updated_at\": \"2026-01-16T23:25:59.000000Z\", \"descripcion\": \"Azul\", \"es_serializado\": 1, \"especificaciones\": {\"color\": \"Azul\", \"ram_gb\": 16, \"procesador\": \"Intel Core i7 8° Gen\", \"almacenamiento\": {\"tipo\": \"ssd\", \"capacidad_gb\": 1024}}, \"empresa_tenant_id\": 1}','2026-01-16 23:25:59','2026-01-16 23:25:59'),(26,24,1,'creado',NULL,'{\"id\": 24, \"sku\": null, \"tipo\": \"equipo_pc\", \"folio\": 21, \"marca\": \"Dell\", \"activo\": true, \"modelo\": \"G3 3579\", \"nombre\": \"Laptop\", \"unidad\": \"pieza\", \"created_at\": \"2026-01-16T23:26:46.000000Z\", \"created_by\": 1, \"updated_at\": \"2026-01-16T23:26:46.000000Z\", \"descripcion\": \"Azul\", \"es_serializado\": 1, \"especificaciones\": {\"color\": \"Azul\", \"ram_gb\": 8, \"procesador\": \"Intel Core i5 8° Gen\", \"almacenamiento\": {\"tipo\": \"ssd\", \"capacidad_gb\": 480}}, \"empresa_tenant_id\": 1}','2026-01-16 23:26:46','2026-01-16 23:26:46'),(27,25,1,'creado',NULL,'{\"id\": 25, \"sku\": null, \"tipo\": \"equipo_pc\", \"folio\": 22, \"marca\": \"Dell\", \"activo\": true, \"modelo\": \"G15 5530\", \"nombre\": \"Laptop\", \"unidad\": \"pieza\", \"created_at\": \"2026-01-16T23:33:08.000000Z\", \"created_by\": 1, \"updated_at\": \"2026-01-16T23:33:08.000000Z\", \"descripcion\": \"Gris\", \"es_serializado\": 1, \"especificaciones\": {\"color\": \"Gris\", \"ram_gb\": 16, \"procesador\": \"Intel Core i7 13° Gen\", \"almacenamiento\": {\"tipo\": \"m2\", \"capacidad_gb\": 1024}}, \"empresa_tenant_id\": 1}','2026-01-16 23:33:08','2026-01-16 23:33:08'),(28,26,1,'creado',NULL,'{\"id\": 26, \"sku\": null, \"tipo\": \"equipo_pc\", \"folio\": 23, \"marca\": \"Dell\", \"activo\": true, \"modelo\": \"G5 551015\", \"nombre\": \"Laptop\", \"unidad\": \"pieza\", \"created_at\": \"2026-01-16T23:34:25.000000Z\", \"created_by\": 1, \"updated_at\": \"2026-01-16T23:34:25.000000Z\", \"descripcion\": \"Negro\", \"es_serializado\": 1, \"especificaciones\": {\"color\": \"Negro\", \"ram_gb\": 16, \"procesador\": \"GTX 3060\", \"almacenamiento\": {\"tipo\": \"ssd\", \"capacidad_gb\": 500}}, \"empresa_tenant_id\": 1}','2026-01-16 23:34:25','2026-01-16 23:34:25'),(29,27,1,'creado',NULL,'{\"id\": 27, \"sku\": null, \"tipo\": \"equipo_pc\", \"folio\": 24, \"marca\": \"Dell\", \"activo\": true, \"modelo\": \"G7 17 7790\", \"nombre\": \"Laptop\", \"unidad\": \"pieza\", \"created_at\": \"2026-01-16T23:37:49.000000Z\", \"created_by\": 1, \"updated_at\": \"2026-01-16T23:37:49.000000Z\", \"descripcion\": \"Gris Oxford\", \"es_serializado\": 1, \"especificaciones\": {\"color\": \"Gris Oxford\", \"ram_gb\": 16, \"procesador\": \"Intel Core i5 9° Gen\", \"almacenamiento\": {\"tipo\": \"m2\", \"capacidad_gb\": 128}}, \"empresa_tenant_id\": 1}','2026-01-16 23:37:49','2026-01-16 23:37:49'),(30,28,1,'creado',NULL,'{\"id\": 28, \"sku\": null, \"tipo\": \"equipo_pc\", \"folio\": 25, \"marca\": \"Dell\", \"activo\": true, \"modelo\": \"G7 7790\", \"nombre\": \"Laptop\", \"unidad\": \"pieza\", \"created_at\": \"2026-01-16T23:38:11.000000Z\", \"created_by\": 1, \"updated_at\": \"2026-01-16T23:38:11.000000Z\", \"descripcion\": null, \"es_serializado\": 1, \"especificaciones\": [], \"empresa_tenant_id\": 1}','2026-01-16 23:38:11','2026-01-16 23:38:11'),(31,29,1,'creado',NULL,'{\"id\": 29, \"sku\": null, \"tipo\": \"equipo_pc\", \"folio\": 26, \"marca\": \"MSI\", \"activo\": true, \"modelo\": \"GF63 Thin Gaming\", \"nombre\": \"Laptop\", \"unidad\": \"pieza\", \"created_at\": \"2026-01-16T23:43:09.000000Z\", \"created_by\": 1, \"updated_at\": \"2026-01-16T23:43:09.000000Z\", \"descripcion\": \"Negro\", \"es_serializado\": 1, \"especificaciones\": {\"color\": \"Negro\", \"ram_gb\": 16, \"procesador\": \"Intel Core i5 11° Gen - RTX 3050\", \"almacenamiento\": {\"tipo\": \"m2\", \"capacidad_gb\": 512}}, \"empresa_tenant_id\": 1}','2026-01-16 23:43:09','2026-01-16 23:43:09'),(32,30,1,'creado',NULL,'{\"id\": 30, \"sku\": null, \"tipo\": \"equipo_pc\", \"folio\": 27, \"marca\": \"Dell\", \"activo\": true, \"modelo\": \"Inspiron 15 3520\", \"nombre\": \"Laptop\", \"unidad\": \"pieza\", \"created_at\": \"2026-01-21T22:38:06.000000Z\", \"created_by\": 1, \"updated_at\": \"2026-01-21T22:38:06.000000Z\", \"descripcion\": \"Plateada\", \"es_serializado\": 1, \"especificaciones\": {\"color\": \"Plateada\", \"ram_gb\": 8, \"almacenamiento\": {\"tipo\": \"ssd\", \"capacidad_gb\": 512}}, \"empresa_tenant_id\": 1}','2026-01-21 22:38:06','2026-01-21 22:38:06');
/*!40000 ALTER TABLE `productos_historial` ENABLE KEYS */;
UNLOCK TABLES;

--
-- Table structure for table `proveedores`
--

DROP TABLE IF EXISTS `proveedores`;
/*!40101 SET @saved_cs_client     = @@character_set_client */;
/*!50503 SET character_set_client = utf8mb4 */;
CREATE TABLE `proveedores` (
  `id` bigint unsigned NOT NULL AUTO_INCREMENT,
  `empresa_tenant_id` bigint unsigned NOT NULL,
  `nombre` varchar(255) COLLATE utf8mb4_unicode_ci NOT NULL,
  `rfc` varchar(13) COLLATE utf8mb4_unicode_ci DEFAULT NULL,
  `calle` varchar(255) COLLATE utf8mb4_unicode_ci DEFAULT NULL,
  `colonia` varchar(255) COLLATE utf8mb4_unicode_ci DEFAULT NULL,
  `codigo_postal` varchar(15) COLLATE utf8mb4_unicode_ci DEFAULT NULL,
  `ciudad` varchar(255) COLLATE utf8mb4_unicode_ci DEFAULT NULL,
  `estado` varchar(255) COLLATE utf8mb4_unicode_ci DEFAULT NULL,
  `activo` tinyint(1) NOT NULL DEFAULT '1',
  `created_at` timestamp NULL DEFAULT NULL,
  `updated_at` timestamp NULL DEFAULT NULL,
  PRIMARY KEY (`id`),
  KEY `proveedores_empresa_tenant_id_index` (`empresa_tenant_id`),
  KEY `proveedores_tenant_rfc_idx` (`empresa_tenant_id`,`rfc`)
) ENGINE=InnoDB AUTO_INCREMENT=176 DEFAULT CHARSET=utf8mb4 COLLATE=utf8mb4_unicode_ci;
/*!40101 SET character_set_client = @saved_cs_client */;

--
-- Dumping data for table `proveedores`
--

LOCK TABLES `proveedores` WRITE;
/*!40000 ALTER TABLE `proveedores` DISABLE KEYS */;
INSERT INTO `proveedores` VALUES (1,2,'Acrílico y Publicidad',NULL,'Ave. Cinco No. 313 Entre Reforma y Monteverde','Col. Jesus Garcia',NULL,'Hermosillo','Sonora',0,'2025-12-12 22:52:52','2025-12-23 22:14:26'),(2,2,'Seguridad Industrial del Bajio','SIB8606304P3','Av. Rosales #54','Colonia Centenario','83290','Hermosillo','Sonora',1,'2025-12-12 22:54:49','2025-12-23 22:49:52'),(4,2,'Tannolub Servicios y Refacciones','TSR0404157T4','Blvd. Ignacio Salazar No. 728','Col. Villa Fontana','83125','Hermosillo','Sonora',1,'2025-12-12 22:56:19','2025-12-23 23:16:43'),(5,2,'Jesus Humberto Zamorano Corrales','ZACJ701225SF5','Mendoza No. 1032','Col. El Sahuaro','83170','Hermosillo','Sonora',1,'2025-12-12 22:58:06','2025-12-23 23:26:54'),(6,2,'Grupo Minero Plastiempaq',NULL,'Av. Nayarit 206','San Benito',NULL,'Hermosillo','Sonora',0,'2025-12-12 22:59:05','2025-12-23 22:21:31'),(7,2,'Papeleria Danny','PDA000111U43','Perf Norte #584','Col. Choyal','83130','Hermosillo','Sonora',1,'2025-12-12 23:00:43','2025-12-23 23:22:07'),(8,2,'Firma Comercial',NULL,'Blvd. Jesús García Morales 1058-bodega 13','La Manga','83320','Hermosillo','Sonora',0,'2025-12-12 23:01:26','2025-12-23 22:21:11'),(9,2,'Efectivale',NULL,'Saltillo #19, 5 Piso','Condesa',NULL,'Cuauhtemoc','Ciudad de México',1,'2025-12-12 23:02:21','2025-12-29 19:12:09'),(10,2,'Xinova, S.A. de C.V.','XIN100304FV5','Calle Primer Retorno Universitario #1 int. 77B','Col. La Pradera','76269','El Marques','Queretaro',1,'2025-12-12 23:06:36','2025-12-26 14:56:10'),(11,2,'Cruz Daniel Mares Leyva','MALC8605031Z7','Calle Cayucos #27','Col. Fracc. Puerta Real Sec. C','83117','Hermosillo','Sonora',1,'2025-12-12 23:07:28','2025-12-26 14:57:42'),(12,2,'Servi Equipos Soldadura','SES8103189F9','Periférico Nte 563','Col. Choyal','83136','Hermosillo','Sonora',1,'2025-12-12 23:08:20','2025-12-23 23:09:38'),(13,2,'Gonzalez R Automotriz','GRA880621E6A','Blvd. Luis Encinas S/N','Col. Valle','83209','Hermosillo','Sonora',1,'2025-12-12 23:08:50','2025-12-23 23:56:33'),(14,2,'BDH Baterias Distribuciones Hermosillo','BBD021220APA','Tamaulipas S/N','Col. San Benito','83190','Hermosillo','Sonora',1,'2025-12-12 23:10:34','2025-12-23 23:28:42'),(15,2,'AMJ Equipo Industrial','AEI100412ACA','Severiano M. Talamante No. 115','Col. El Llano','83210','Hermosillo','Sonora',1,'2025-12-12 23:11:46','2025-12-23 22:45:41'),(16,2,'Distribucion de Recursos Industriales de Sonora',NULL,'Barcelona 65','Las Granjas','83250','Hermosillo','Sonora',0,'2025-12-12 23:12:52','2025-12-23 22:20:02'),(17,2,'LSM Escuderia Logistica Mexicana S. de R.L. de C.V.',NULL,'Blvd Enrique Mazon Km 8.5 S/N','La Victoria',NULL,'Hermosillo','Sonora',0,'2025-12-12 23:14:08','2025-12-23 22:23:41'),(18,2,'Edith Longoria Villareal','LOVE720628IHA','Av. Villa Hermosa No. 1397','Col. El Sahuaro','83178','Hermosillo','Sonora',1,'2025-12-12 23:15:18','2025-12-23 23:17:34'),(19,2,'Comercializadora Sanitaria','CSA950626BE2','Blvd. Luis Encinas No. 214','Col. Centro','83000','Hermosillo','Sonora',1,'2025-12-12 23:15:54','2025-12-23 23:12:44'),(20,2,'Camara Nacional de la Industria de Transformacion','CNI450115DC4','Boulevard Luis Encinas No. 460','Los Naranjos',NULL,'Hermosillo','Sonora',0,'2025-12-12 23:16:57','2025-12-23 22:17:31'),(21,2,'Ivan Ortiz Badilla','OIBI841105BHA','Lazaro Mercado #1394','Col. El Sahuaro','83170','Hermosillo','Sonora',1,'2025-12-12 23:17:33','2025-12-23 23:15:58'),(22,2,'Jesus Eulogio Ponce Mendoza','POMJ670821IY9',NULL,'El Sahuaro',NULL,'Hermosillo','Sonora',0,'2025-12-12 23:18:22','2025-12-23 22:22:46'),(23,2,'Jesus Hector Camacho Armenta','CAAJ691127TV6',NULL,NULL,NULL,'Hermosillo','Sonora',0,'2025-12-12 23:18:59','2025-12-23 22:22:44'),(24,2,'Super Gas de Hermosillo SA de CV',NULL,'Carretera a Kino Kl 14.50','La Manga',NULL,'Hermosillo','Sonora',0,'2025-12-12 23:19:51','2025-12-23 22:27:12'),(25,2,'Benjamin Johsio Cordova Sepulveda','COSB811216C74','Calle Enrique Quijada #983','Col. El Sahuaro','83170','Hermosillo','Sonora',1,'2025-12-12 23:20:35','2025-12-26 14:55:52'),(26,2,'Cluster Minero de Chihuahua, A.C.','CMC130228IJ0','Boulevard Antonio Ortiz Mena Num. 4015','Col. La Cañada','31214','Chihuahua','Chihuahua',1,'2025-12-12 23:21:36','2025-12-23 22:27:51'),(27,2,'Edna Teresita Rivera Verdugo','RIVE7612035K7','Jose S Healy No. 165-D','Col. Balderrama','83180','Hermosillo','Sonora',1,'2025-12-12 23:22:56','2025-12-23 22:30:32'),(28,2,'Contitech, SA de CV',NULL,'Avenida Industrias 3515, Zona Industrial',NULL,NULL,'San Luis Potosí','San Luis Potosí',0,'2025-12-12 23:24:02','2025-12-23 22:18:01'),(29,2,'Coel','COE9510055R6','Calle Victoria','Col. Ciudad de Mexico Area 5','06050','Cuauhtemoc','Ciudad de Mexico',1,'2025-12-12 23:25:41','2025-12-26 23:40:11'),(30,2,'Electrica Lux','ELU730503HH4','Benjamin Muñoz No. 80','Balderrama','83180','Hermosillo','Sonora',0,'2025-12-12 23:26:36','2025-12-23 22:20:38'),(31,2,'Grupo Industrial ALEF S. de RL. de C.V.',NULL,'Gasoducto No. 710','Santa Ines','02140','Azcapotzalco','Ciudad de México',0,'2025-12-12 23:29:42','2025-12-23 22:21:29'),(32,2,'Mitsu Sonora','MSO210524AM4','Concepcion L de Soria No. 262','Col. San Benito','83190','Hermosillo','Sonora',1,'2025-12-12 23:30:41','2025-12-23 23:14:34'),(33,2,'Chubb Seguros Mexico S.A.',NULL,'Avenida Paseo de la Reforma #250 Piso 15','Juarez','06600','Cuauhtemoc','Ciudad de México',0,'2025-12-12 23:32:50','2025-12-23 22:18:33'),(34,2,'Pro Max - INC',NULL,'Tetabiate No. 220 Zona Norte',NULL,NULL,'CD. Obregon','Sonora',0,'2025-12-12 23:34:28','2025-12-23 22:26:05'),(35,2,'Agregados y Aditivos del Sol',NULL,'Blvd. Luis Donaldo Colosio, Primer Piso, Plaza Andenes L-120',NULL,NULL,'Hermosillo','Sonora',0,'2025-12-12 23:35:28','2025-12-23 22:14:33'),(36,2,'German Armando Rodriguez','ROGE800216NA6','Saturnino Campoy No. 832','Col. El Sahuaro','83170','Hermosillo','Sonora',1,'2025-12-12 23:36:03','2025-12-23 23:13:30'),(37,2,'Ferreteras Partida','FPA920817376','Saturnino Campoy #913','Col. El Sahuaro','83178','Hermosillo','Sonora',1,'2025-12-12 23:39:13','2025-12-23 23:07:57'),(38,2,'SOI Servicios Integrales de Salud Ocupacional','SSI0509128U8','Av. Quintana Roo No. 406','Colonia Olivares','83180','Hermosillo','Sonora',1,'2025-12-12 23:40:07','2025-12-23 22:54:30'),(39,2,'Diana Cancelaria Salazar Lopez',NULL,NULL,NULL,NULL,'Hermosillo','Sonora',0,'2025-12-12 23:40:56','2025-12-23 22:20:00'),(40,2,'HH Aleaciones',NULL,'Carretera Hermosillo - Bahia de Kino #1485','La Manga',NULL,'Hemosillo','Sonora',0,'2025-12-12 23:42:53','2025-12-23 22:23:19'),(41,2,'Alejandra Guadalupe Velasco Lucero','VELA900131HI3','Calle Trece #3','Col. El Mariachi','83040','Hermosillo','Sonora',1,'2025-12-12 23:44:05','2025-12-23 23:22:38'),(42,2,'Autos de Hermosillo','AHE870608S77','Reforma y Blvd. Navarrete','Col. Centro','83000','Hermosillo','Sonora',1,'2025-12-12 23:45:48','2025-12-23 23:19:04'),(43,2,'Grainger','GRA940826CI5','Desarrollo 500','Col. Finsa','67132','Guadalupe','Nuevo Leon',1,'2025-12-12 23:46:36','2025-12-26 14:58:38'),(44,2,'Julian Rivera Fernandez',NULL,'Local 10A','Infonavit Juarez Nuevo',NULL,'Cd Juarez','Chihuahua',0,'2025-12-12 23:48:30','2025-12-23 22:22:20'),(45,2,'Elias Rosas Flores','ROFE920710TG8','Periferico Norte #334','Col. Balderrama','83180','Hermosillo','Sonora',1,'2025-12-12 23:49:01','2025-12-23 23:24:13'),(46,2,'Jesus Drew Quintero',NULL,'Transpeninsular Federal Santa Rosalia KM 2,205','Santa Rosalia',NULL,'Baja California Sur','Baja California Sur',0,'2025-12-12 23:50:28','2025-12-23 22:22:48'),(47,2,'Conrado Antonio Molina Durazo','MODC671126AY5','Garmedia 118 esq. 5ta Privada de Yañez','Modelo','83190','Hermosillo','Sonora',1,'2025-12-12 23:51:39','2025-12-23 23:35:33'),(48,2,'Soluciones en Tableros y Control','STC0402174H6','Atizapan de Zaragoza','Col. San Felipe de Jesus','07510','Gustavo A. Madero','Ciudad de Mexico',1,'2025-12-12 23:53:42','2025-12-26 23:38:52'),(49,2,'Tornillos y Mangueras de Sonora','TMS860822UB9','Periférico Norte 485','Olivares','83180','Hermosillo','Sonora',1,'2025-12-12 23:54:33','2025-12-23 23:09:59'),(50,2,'Resistencia y Control',NULL,'Calle Fco. Monteverde 148','San Benito',NULL,'Hermosillo','Sonora',0,'2025-12-12 23:55:22','2025-12-23 22:26:26'),(51,2,'Sonora Safety',NULL,'Blvd. Luis Donaldo Colosio 847 Local 22','El Llano','83224','Hermosillo','Sonora',0,'2025-12-12 23:56:41','2025-12-23 22:27:08'),(52,2,'Maquinas de Medicion por Coordenadas','MMC080725KZ0','Blvd. Solidaridad','Col. El Sahuaro Indeco','83170','Hermosillo','Sonora',1,'2025-12-12 23:57:25','2025-12-26 23:35:46'),(53,2,'Rubi Borbon Miranda','BOMR870113979','Ayuntamiento 583-A Esquina Periférico Norte','Col. Choyal','83130','Hermosillo','Sonora',1,'2025-12-16 15:45:36','2025-12-26 23:40:39'),(54,2,'Joseline Nido Garcia','NIGJ0104171P0','Blvd. Solidaridad No. 496','Colonia Las Granjas','83250','Hermosillo','Sonora',1,'2025-12-16 15:50:15','2025-12-23 23:15:31'),(55,2,'Jacqueline Ochoa Verdugo',NULL,'Juarez 10 Entre Sonora y Oaxaca',NULL,NULL,'Hermosillo','Sonora',0,'2025-12-16 15:51:57','2025-12-23 22:22:51'),(56,2,'Alonso Sanchez Rubalcaba','SARA9208297T0','Carretera Federal Numero 2','Col. Agropecuaria','84623','Cananea','Sonora',1,'2025-12-16 15:53:27','2026-01-21 23:09:47'),(57,2,'AR Auto Partes SA de CV',NULL,'Perf Norte #68','Luis Encinas',NULL,'Hermosillo','Sonora',0,'2025-12-16 15:54:38','2025-12-23 22:17:20'),(58,2,'Esteban Ortiz Garcia','OIGE701022FV2','Juan Jose Aguirre #601','Col. El Choyal','83130','Hermosillo','Sonora',1,'2025-12-16 15:57:35','2025-12-23 23:19:54'),(59,2,'Sis y Gases Hermosillo',NULL,'Ayuntamiento 583-A Esquina Periférico Norte','Choyal',NULL,'Hermosillo','Sonora',0,'2025-12-16 16:00:48','2025-12-23 22:26:53'),(60,2,'Plasticos y Resinas Tres Rios SA de CV','PRT950411LC8','Epitacio Osuna 805 Int. B','Col. Jorge Almada','80200','Culiacan','Sinaloa',1,'2025-12-16 16:05:21','2025-12-26 14:59:50'),(61,2,'Proveedor del Herrero del Noroeste','PHN9512209T5','Camelia y Laurel','Colonia Libertad','83130','Hermosillo','Sonora',1,'2025-12-16 16:07:12','2025-12-23 23:08:50'),(62,2,'Nissauto Sonora S.A. de C.V.',NULL,'Blvd. Luis Encinas #597','Pimentel',NULL,'Hermosillo','Sonora',0,'2025-12-16 16:14:49','2025-12-23 22:24:31'),(63,2,'Semmi','MEVL661112HG5','Luis Medina Villanueva',NULL,NULL,NULL,NULL,0,'2025-12-16 16:17:15','2025-12-23 22:26:46'),(64,2,'Carsol Sonora','ARS9405197F7','Luis Donaldo Colosio No. 643','Col. Santa FE','83240','Hermosillo','Sonora',1,'2025-12-16 16:18:54','2025-12-23 23:25:03'),(65,2,'Norma Veronica Gaytan Lopez','GALN810203491','Puesta del Sol #628','Col. Atardeceres','83100','Hermosillo','Sonora',1,'2025-12-16 16:23:21','2025-12-23 23:23:08'),(66,2,'Guadalupe Moreno Buzani',NULL,'Periferico Norte #19 L-5','Jesus Garcia',NULL,'Hermosillo','Sonora',0,'2025-12-16 16:25:56','2025-12-23 22:21:35'),(67,2,'Servicios Institucionales Espartacos','SIE1907091K6','Cjon. de la Rivera No. 19 Int. 1','Col. La Magdalena Atlicpac','56525','La Paz','Estado de Mexico',1,'2025-12-16 16:28:51','2025-12-23 23:44:58'),(68,2,'Super Autos, S.A. de C.V.',NULL,'Blvd. Jose Maria Morelos #310','Sacramento Residencial',NULL,'Hermosillo','Sonora',0,'2025-12-16 16:51:00','2025-12-23 22:27:10'),(69,2,'Desarrollos y Comercios','DCA131129HX9','Americas No. 77','Col. San Benito','83190','Hermosillo','Sonora',1,'2025-12-16 16:53:02','2025-12-23 23:29:16'),(70,2,'Alida Lucia Vargas Alvarez','VAAA710713GHA','Calle Tuxtla Guitierrez 1317-C','Col.  El Sahuaro','83178','Hermosillo','Sonora',1,'2025-12-16 16:54:15','2025-12-23 23:07:23'),(71,2,'Juan Carlos Balvanero Salazar',NULL,'Alamos',NULL,NULL,'Alamos','Sonora',0,'2025-12-16 16:56:15','2025-12-23 22:22:22'),(72,2,'Promo One Noroeste',NULL,'Constitucion 212','Benito Juarez',NULL,'Hermosillo','Sonora',0,'2025-12-16 16:57:17','2025-12-23 22:26:08'),(73,2,'Mara Ochoa Martinez',NULL,'Quinta Emilia #49','Quinta Emilia',NULL,'Hermosillo','Sonora',0,'2025-12-16 16:58:58','2025-12-23 22:23:50'),(74,2,'Aprosi Equipos S.A. de C.V.','AEQ891204TH3','Blvd Periferico # 777','Colonia Y Griega','83290','Hermosillo','Sonora',1,'2025-12-16 17:00:02','2025-12-23 22:46:27'),(75,2,'Asociacion de Ingenieros de Minas, Metalurgistas y Geólgos de Mexico AC',NULL,NULL,NULL,NULL,'Mazatlan','Sinaloa',0,'2025-12-16 17:01:02','2025-12-23 22:17:22'),(76,2,'Andamios Pararrayos',NULL,'Lampazos #83','San Luis','83160','Hermosillo','Sonora',0,'2025-12-16 17:02:00','2025-12-23 22:17:02'),(77,2,'GU Distribuidor y Fabricante Textil, S.A. de C.V.','GDF201026AF4','Calle Heriberto Aja No. 59','Col. Hermosillo Centro','83000','Hermosillo','Sonora',1,'2025-12-16 18:35:26','2025-12-23 22:55:55'),(78,2,'Estrategia Empresarial SA de CV',NULL,'Via Gustavo Baz Prada #47','Xocoyahualco','54080',NULL,'Estado de Mexico',0,'2025-12-16 18:38:02','2025-12-23 22:20:43'),(79,2,'Fernando Mariño Carrera Cruz',NULL,'Av. Jurupa No. 14','Residencial California','83177','Hermosillo','Sonora',0,'2025-12-16 18:47:26','2025-12-23 22:20:46'),(80,2,'San Isidro Distribuciones','SID0006219L0','De los Pimas #21','Col. Parque Industrial','83297','Hermosillo','Sonora',1,'2025-12-16 18:49:38','2025-12-26 15:00:26'),(81,2,'Cyberpuerta','CYB080602JSA','Av. Patria S/N, Nave 5','Col. Parque Industrial El Alamo','44490','Guadalajara','Jalisco',1,'2025-12-16 19:04:55','2025-12-23 23:43:34'),(82,2,'Pedro Francisco Rosas Becerra','ROBP910226121','Roberto Romero 1146','Col. Alvaro Obregon','83170','Hermosillo','Sonora',1,'2025-12-16 19:09:02','2025-12-26 23:43:47'),(83,2,'Sergio Armando Cortez Renova',NULL,'Nuevo Casa Grandes',NULL,'31700','Chihuahua','Chihuahua',0,'2025-12-16 19:10:30','2025-12-23 22:26:48'),(84,2,'Jorge Alfonso Gamez Felix','GAFJ6702037L0','Avenida Navojoa #1392','Col. Sahuaro','83178','Hermosillo','Sonora',1,'2025-12-16 20:19:17','2026-01-13 16:45:39'),(85,2,'GEM Distribuidora SA de CV',NULL,'Blvd. Garcia','La Quinta Emilia',NULL,'Hermosillo','Sonora',0,'2025-12-16 20:20:38','2025-12-23 22:21:18'),(87,2,'Gerardo Rolando Sierra C (Talleres Los Amigos)',NULL,'Calle Cartamo #9828','Lucio Blanco',NULL,'Ciudad Juarez','Chihuahua',0,'2025-12-16 20:23:06','2025-12-23 22:21:22'),(88,2,'A&B Sandoval',NULL,'Cda. Fuentezuelas #11','Puerta Real',NULL,'Hermosillo','Sonora',0,'2025-12-16 20:34:28','2025-12-23 22:14:21'),(89,2,'Adrian San Martin Encinas',NULL,NULL,NULL,NULL,NULL,NULL,0,'2025-12-16 20:35:25','2025-12-23 22:14:29'),(90,2,'Aerovey',NULL,'Ignacio Romero #84','San Benito',NULL,'Hermosillo','Sonora',0,'2025-12-16 20:36:33','2025-12-23 22:14:31'),(91,2,'Alex y Cia','ALE930520RU2','Callejon Allende #89','Col. Centro','84620','Cananea','Sonora',1,'2025-12-16 20:40:45','2025-12-23 23:11:53'),(92,2,'Alteq de Mexico','AME980221MF4','Av. Las Puentes #224','Col. Las Puentes Sector 2','66460','San Nicolas de los Garza','Nuevo Leon',1,'2025-12-16 20:42:58','2025-12-26 23:33:34'),(93,2,'Angel Abraham  Leon Samaniego',NULL,'Av. 16 de Septiembre #507','Bella Vista',NULL,'Santa Ana','Sonora',0,'2025-12-16 20:44:41','2025-12-23 22:17:11'),(94,2,'Angel Antonio Romero Felix',NULL,NULL,NULL,NULL,'Hermosillo','Sonora',0,'2025-12-16 20:45:58','2025-12-23 22:17:14'),(95,2,'Automoviles de Caborca','ACA031210SJ6','Av. Seis de Abril #82','Col. Centro','83600','Caborca','Sonora',1,'2025-12-16 20:48:07','2025-12-23 23:19:24'),(96,2,'Autos y Accesorios','AAC821026GC2','Miguel Aleman y Nainari S/N','Col. Centro','85000','Obregon','Sonora',1,'2025-12-16 20:50:00','2025-12-23 23:27:24'),(97,2,'Dora Aurora Torres Pineda','TOPD641021M67',NULL,NULL,NULL,'Hermosillo','Sonora',0,'2025-12-16 20:53:47','2025-12-23 22:20:06'),(98,2,'Carlos Francisco Rodriguez','ROGC850507RG8',NULL,NULL,NULL,NULL,NULL,0,'2025-12-16 22:40:40','2025-12-23 22:17:52'),(99,2,'Carlos Hernandez Ortega','HEOC7112129MA','Colombia No. 307','Col. Cuauhtemoc Norte','21200','Mexicali','Baja California',1,'2025-12-16 22:42:11','2025-12-23 23:26:09'),(100,2,'Carlos Jesus Mora Padilla','MOPC630810JN6','Calzada Primero de Junio','Col. Nuevo Cananea','84623','Cananea','Sonora',1,'2025-12-16 22:44:14','2025-12-23 23:28:05'),(101,2,'Casa Myers','CMY431220M62','Av. de las Industrias','Col. Complejo Industrial Chihuahua','31136','Chihuahua','Chihuahua',1,'2025-12-16 22:46:40','2025-12-23 23:00:33'),(102,2,'Chesterton Mexicana',NULL,'Av. Olmecas No. 1','Parque Industrial Naucalpan','53489','Naucalpan de Juarez','Estado de Mexico',0,'2025-12-16 22:49:54','2025-12-23 22:18:31'),(103,2,'Colchón Sonora',NULL,'Manuel I. Loaiza S/N','Olivares','83180','Hermosillo','Sonora',0,'2025-12-16 22:53:52','2025-12-23 22:18:40'),(104,2,'Costa Baja Abrasivos','CBA220217HK7','Calle Segunda L-3 #370','Col. Seccion Primera','22800','Ensenada','Baja California',1,'2025-12-16 22:56:14','2025-12-26 14:56:56'),(105,2,'Diana Angelica Gonzalez Magos',NULL,'Av. Paseo del Bosque 3428-62','Natura Bosque Residencial','45066','Zapopan','Jalisco',0,'2025-12-16 23:01:46','2025-12-23 22:19:58'),(106,2,'Daniel Alejandro Rivera Woolfolk','RIWD941208C54','Barcelona 65','Col. Las Granjas','83250','Hermosillo','Sonora',1,'2025-12-16 23:05:18','2026-01-05 22:33:43'),(107,2,'Edmundo Joel Castro Espinoza','CAEE870207LM2','Francisco I. Madero No. 3','Col. Alamos Centro','85760','Alamos','Sonora',1,'2025-12-16 23:08:26','2025-12-23 23:05:38'),(108,2,'Electrica Dominio S.A. de C.V.','EDO990204IH9',NULL,NULL,NULL,'Ciudad Delicias','Chihuahua',0,'2025-12-16 23:10:07','2025-12-23 22:20:37'),(109,2,'Evolucion Tecnologica Innovadora','ETI191115T23','Av. Perimetral Nte No. 1194','Colonia Alvaro Obregon','83170','Hermosillo','Sonora',1,'2025-12-16 23:17:04','2025-12-23 23:55:55'),(110,2,'Figuimex',NULL,'Zacatecas #24, Interior 202','Roma Norte','06700',NULL,'Ciudad de Mexico',0,'2025-12-16 23:19:54','2025-12-23 22:21:09'),(111,2,'Firma Comercializadora del Norte FCN','FCN101215A72','Blvd. Jesús García Morales #1058','La Manga','83220','Hermosillo','Sonora',1,'2025-12-16 23:25:09','2025-12-26 23:31:46'),(112,2,'Fonmar Group S.L.',NULL,'C/Mariana de Montoya N° 3-9','Parque Empresarial \"Nuevo Leon\"','23009','Jaén','España',0,'2025-12-16 23:28:07','2025-12-23 22:21:15'),(113,2,'Francisco Eduardo Nieto Soto','NISF780316IJ4',NULL,NULL,NULL,'Puerto Peñasco','Sonora',0,'2025-12-16 23:29:26','2025-12-23 22:21:17'),(114,2,'Materiales Arquitectonicos de Sonora',NULL,'Blvd. Luis Encinas #470',NULL,'83180','Hermosillo','Sonora',0,'2025-12-16 23:30:59','2025-12-23 22:24:21'),(115,2,'Moises Carrasco Matus','CAMM6709048C2',NULL,NULL,NULL,'Hermosillo','Sonora',0,'2025-12-16 23:32:37','2025-12-23 22:24:29'),(116,2,'Badesa de Noroeste, S.A. de C.V.','BNO211013D80','Alejandro Graham Bell','Col. El Peluchin 1','37119','Leon','Guanajuato',1,'2025-12-16 23:36:20','2025-12-26 23:42:43'),(117,2,'Guillermo Salvador Plata Martinez','PAMG770111RW0','Cambados No. 13','Col. Puerta Real Residencial','83177','Hermosillo','Sonora',1,'2025-12-16 23:38:13','2025-12-23 23:35:09'),(118,2,'Hector Aguado Mata',NULL,'Melesio Morales #32','Guadalupe INN','01020','Alvaro Obregon','Ciudad de Mexico',0,'2025-12-16 23:39:35','2025-12-23 22:23:17'),(119,2,'Impresora y Suministros Maica',NULL,'Av. Baja California No. 274, Piso 2 2-B','Hipódromo','06100','Cuauhtemoc','Ciudad de Mexico',0,'2025-12-16 23:43:36','2025-12-23 22:23:02'),(120,2,'Industrias Danpex',NULL,'Norte 59, Ext. 846 A','Industrial Vallejo','02300','Azcapotzalco','Ciudad de Mexico',0,'2025-12-16 23:44:53','2025-12-23 22:23:00'),(121,2,'Isaac David Carrillo Ramirez','CARI860506PV9','Juan Aldama #184','Col. San Benito','83190','Hermosillo','Sonora',1,'2025-12-16 23:45:57','2025-12-26 23:34:10'),(122,2,'Ivan Soto Hernandez',NULL,'Via Lombardia 22','Palermo','83104','Hermosillo','Sonora',0,'2025-12-16 23:47:02','2025-12-23 22:22:53'),(123,2,'Jesus David Ochoa Perez','OOPJ670630JK5','Calle San Gregorio #9','Colonia Tulipanes','83287','Hermosillo','Sonora',1,'2025-12-16 23:48:47','2025-12-23 22:53:58'),(124,2,'Martha Cecilia Paz Salcido',NULL,'Luis Orci No. 1161','Álvaro Obregón',NULL,'Hermosillo','Sonora',0,'2025-12-16 23:58:51','2025-12-23 22:24:12'),(125,2,'Jose Francisco Herredia (Lightcars)',NULL,'Blvd. Garcia Morales 250c','El Llano',NULL,'Hermosillo','Sonora',0,'2025-12-17 16:19:08','2025-12-23 22:22:24'),(126,2,'Jorge Eden Farre Tapia',NULL,'Av. Paseo del Bosque #3428 Int. 62','Natura Bosque Residencial',NULL,'Zapopan','Jalisco',0,'2025-12-17 16:22:41','2025-12-23 22:22:37'),(127,2,'Jorge Francisco Garcia Martinez',NULL,NULL,NULL,NULL,NULL,NULL,0,'2025-12-17 16:23:42','2025-12-23 22:22:35'),(128,2,'Jorge Guillermo Villa Ibarra',NULL,'Francisco Lara #46',NULL,NULL,'Cananea','Sonora',0,'2025-12-17 16:25:30','2025-12-23 22:22:33'),(129,2,'Jorge Luis Camacho Sanchez',NULL,'Agustin Melgar #34','Centro','83000','Hermosillo','Sonora',0,'2025-12-17 16:26:31','2025-12-23 22:22:31'),(130,2,'Jose Alejandro Ibarra Lopez',NULL,'Blvd. Luis Salido Quiroz #1007','Deportiva',NULL,'Navojoa','Sonora',0,'2025-12-17 16:28:19','2025-12-23 22:22:26'),(131,2,'Julio Cesar Fraigo Elias',NULL,'Av. Lazaro Cardenas Km 1.5','Las Minitas',NULL,'Hermosillo','Sonora',0,'2025-12-17 16:31:39','2025-12-23 22:22:18'),(132,2,'La Nueva Perla',NULL,'Av. Doctor Roberto Michel #780','San Carlos','44460','Guadalajara','Jalisco',0,'2025-12-17 16:35:59','2025-12-23 22:22:14'),(133,2,'Latinox',NULL,NULL,NULL,NULL,NULL,NULL,0,'2025-12-17 16:37:04','2025-12-23 22:23:36'),(134,2,'Lazzar SA de CV',NULL,'Mar Egeo 1514','Country Club','44610','Guadalajara','Jalisco',0,'2025-12-17 16:38:58','2025-12-23 22:23:38'),(135,2,'Llantas y Mantenimientos Automotrices GILU','LMA1007014Q3','Reforma No. 117','Col. San Benito','83190','Hermosillo','Sonora',1,'2025-12-17 16:40:05','2025-12-23 23:21:05'),(136,2,'Luis Angel Aleman','AELU7305254P6','Calle 6 Privada C','Col. Sahuaro Indeco','83171','Hermosillo','Sonora',1,'2025-12-17 16:41:21','2025-12-26 14:59:04'),(137,2,'Madera y Derivados Forestales','MDF010612BS2','Blvd. Garcia Morales','Col. El Llano','83210','Hermosillo','Sonora',1,'2025-12-17 16:52:55','2025-12-23 23:06:37'),(138,2,'Manufacturas Momo','MMN750423MV2',NULL,NULL,NULL,'Hermosillo','Sonora',0,'2025-12-17 16:53:49','2025-12-23 22:23:46'),(139,2,'Marcela Lopez Rodriguez',NULL,'Lazaro Cardenas 1026',NULL,'83116','Hermosillo','Sonora',0,'2025-12-17 16:57:35','2025-12-23 22:23:52'),(140,2,'Maria del Pilar Ramirez Zavala',NULL,NULL,'La Era','09720','Iztapalapa','Ciudad de Mexico',0,'2025-12-17 16:58:52','2025-12-23 22:23:54'),(141,2,'Maria del Rosio Rosales Angulo','ROAR690628SQ9','Calle Miguel Hidalgo # 16','Colonia La Victoria','83304','Hermosillo','Sonora',1,'2025-12-17 17:00:00','2025-12-23 22:53:18'),(142,2,'Maria Magdalena Leon Cruz','LECM600722LL0','Constitucion','Col. Banamichi Centro','84880','Banamichi','Sonora',1,'2025-12-17 17:01:19','2025-12-23 23:04:56'),(143,2,'Martin Alberto Coronada Encinas','COEM7101017G4','Jose Maria M Esq Gandara','Col. La Manga','83220','Hermosillo','Sonora',1,'2025-12-17 17:02:32','2025-12-23 23:18:39'),(144,2,'Martin Alfredo Grijalva Flores',NULL,'Av. Escobedo #202-4','Centro',NULL,'Magdalena','Sonora',0,'2025-12-17 17:05:22','2025-12-23 22:24:16'),(145,2,'Max Martinez Valenzuela',NULL,'Calle Revolucion N° 22 B','Centro',NULL,'Hermosillo','Sonora',0,'2025-12-17 17:08:54','2025-12-23 22:24:19'),(146,2,'Andres Leopoldo Gil Samaniego Ladriere','GILA701007U86','Hector Acedo Valenzuela #2','Sector Industrial Presa',NULL,'Hermosillo','Sonora',0,'2025-12-17 17:15:06','2025-12-23 22:17:07'),(147,2,'Miguel Alberto Valencia Cordova',NULL,'Paseo San Isidro #66','Paseo San Angel','83287','Hermosillo','Sonora',0,'2025-12-17 17:16:22','2025-12-23 22:24:27'),(148,2,'Metrologia y Pruebas','MPR990906AF4','Privada Tecnologico','Col. Granja','84065','Heroica Nogales','Sonora',1,'2025-12-17 17:18:37','2025-12-26 23:35:00'),(149,2,'Pablo Enrique Delgado Chavarin',NULL,'Calle Mision San Javier #173','Plaza Guadalupe',NULL,'Zapopan','Jalisco',0,'2025-12-17 17:22:01','2025-12-23 22:25:51'),(150,2,'Perla Antonieta Enrique Figueroa',NULL,'Alamos',NULL,NULL,'Alamos','Sonora',0,'2025-12-17 17:25:18','2025-12-23 22:25:55'),(151,2,'Pinturas A y R',NULL,NULL,NULL,NULL,NULL,NULL,0,'2025-12-17 17:26:27','2025-12-23 22:25:57'),(152,2,'Pipeso',NULL,NULL,NULL,NULL,NULL,NULL,0,'2025-12-17 17:26:59','2025-12-23 22:25:58'),(153,2,'Poly Lonas',NULL,NULL,'5 Mayo',NULL,'Hermosillo','Sonora',0,'2025-12-17 17:28:30','2025-12-23 22:26:03'),(154,2,'Promain',NULL,'Carr. Bahia Kino Km. 8.5, Av. Concord No. 37','La Manga','83220','Hermosillo','Sonora',0,'2025-12-17 17:31:46','2025-12-23 22:26:07'),(155,2,'Refacciones Equipos y Servicios Industriales, S.A. de C.V.',NULL,'Carretera a Sahuaripa N° 465','Parque Industrial','83299','Hermosillo','Sonora',0,'2025-12-17 17:36:22','2025-12-23 22:26:24'),(156,2,'Reyna Patricia Pacheco Felix',NULL,'Calle Sonora S/N','Centro',NULL,'Nacozari de Garcia','Sonora',0,'2025-12-17 17:37:45','2025-12-23 22:26:28'),(157,2,'Ricardo Daniel Balderas Avila',NULL,'Av. Juan E Hernandez y Davalos #128-A','Algarin','06880','Cuauhtemoc','Ciudad de México',0,'2025-12-17 17:39:39','2025-12-23 22:26:30'),(158,2,'Roberto Adrian Lopez Bracamonte',NULL,'Perimetral Norte #1394','El Sahuaro',NULL,'Hermosillo','Sonora',0,'2025-12-17 17:41:00','2025-12-23 22:26:32'),(159,2,'Alma Yesenia Romero Gallego','ROGA690430A33','Avenida Oaxaca 55','Col. Hermosillo Centro','83000','Hermosillo','Sonora',1,'2025-12-23 22:31:58','2025-12-23 22:31:58'),(160,2,'Alimentos al Detalle, S.A.P.I. de C.V.','TBC010620733','Luis Donaldo Colosio 254','Col. Centenario','83260','Hermosillo','Sonora',1,'2025-12-23 22:33:02','2025-12-23 22:33:08'),(161,2,'Comerciantes Asociados en Hermosillo, S.A.','CAH7010193N7','2da. De Obregon 134','Col. Hermosillo Centro','83000','Hermosillo','Sonora',1,'2025-12-23 22:33:57','2025-12-23 22:33:57'),(162,2,'Jose Antonio Borbon Gutierrez','BOGA790407MM7','Josefa Ortiz De Dominguez','Colonia Juarez','85870','Hermosillo','Sonora',1,'2025-12-23 22:47:43','2025-12-23 22:47:43'),(163,2,'Electronisonora','ELE020618SS0','Veracruz #48','Colonia San Benito','83190','Hermosillo','Sonora',1,'2025-12-23 22:49:18','2025-12-23 22:49:18'),(164,2,'Sistemas Profesionales Novatel','SPN1705306J7','Naranjo # 282','Colonia Balderrama','83180','Hermosillo','Sonora',1,'2025-12-23 22:52:18','2025-12-23 22:52:18'),(165,2,'Home Depot Mexico','HDM001017AS1','Ricardo Margayn Zozaya','Col. Santa Engracia','66267','San Pedro Garza Garcia','Nuevo Leon',1,'2025-12-23 23:03:07','2025-12-23 23:03:07'),(166,2,'Nidia Quijada Amaya','QUAN440929IQ3','Madero',NULL,'85760','Alamos','Sonora',1,'2025-12-23 23:04:02','2025-12-23 23:04:02'),(167,2,'Blinks Institute','BIN170623TZ5','David Alfaro Siqueiros 104','Col. Valle Oriente','66269','San Pedro Garza Garcia','Nuevo Leon',1,'2025-12-23 23:32:47','2025-12-23 23:32:47'),(168,2,'Rosalba Elizabeth Garcia Tarazon','GATR9107158H3','Pascal 160','Col. Lomas de Cortes','83293','Hermosillo','Sonora',1,'2025-12-23 23:34:22','2025-12-23 23:34:22'),(169,2,'Uline Shipping Supplies','USS000718PA0','Carr. Miguel Aleman KM 21, #6','Col. Prologis Park Apodaca','66627','Apodaca','Nuevo Leon',1,'2025-12-26 15:06:19','2025-12-26 15:06:19'),(170,2,'Anel Cordova Espinoza','COEA860319SK7','Avenida Jose Carmelo','Col. Olivares','83180','Hermosillo','Sonora',1,'2025-12-26 23:44:52','2025-12-26 23:44:52'),(171,2,'Benjamin Eduardo Schirrmeister Montoya','SIMB8905111D9','Carretera Bacoachi #23','Col. Agropecuaria','84623','Heroica Ciudad de Cananea','Sonora',1,'2026-01-10 01:16:19','2026-01-10 01:16:19'),(172,2,'Melina Valenzuela Rodriguez','VARM010623D59','Avenida Lazaro Cardenas #1698','Col. Villa Fontana','21180','Mexicali','Baja California',1,'2026-01-13 17:17:35','2026-01-13 17:17:35'),(173,2,'ROBERTO GARCIA VERDUGO','GAVR7806127E3','CALLE CINCO #16','EL DORADO','84623','CANANEA','SONORA',1,'2026-01-19 17:41:44','2026-01-19 17:41:44'),(175,2,'Carlos Elias Valencia Luna','VALC900826CN1','Calle Cuitlahuac y Niza S/N','Col. Agropecuaria','84620','Cananea','Sonora',1,'2026-01-19 19:58:03','2026-01-19 19:58:03');
/*!40000 ALTER TABLE `proveedores` ENABLE KEYS */;
UNLOCK TABLES;

--
-- Table structure for table `puestos`
--

DROP TABLE IF EXISTS `puestos`;
/*!40101 SET @saved_cs_client     = @@character_set_client */;
/*!50503 SET character_set_client = utf8mb4 */;
CREATE TABLE `puestos` (
  `id` bigint unsigned NOT NULL AUTO_INCREMENT,
  `empresa_tenant_id` bigint unsigned NOT NULL,
  `folio` bigint unsigned NOT NULL,
  `created_by` bigint unsigned NOT NULL,
  `nombre` varchar(255) COLLATE utf8mb4_unicode_ci NOT NULL,
  `descripcion` varchar(255) COLLATE utf8mb4_unicode_ci DEFAULT NULL,
  `created_at` timestamp NULL DEFAULT NULL,
  `updated_at` timestamp NULL DEFAULT NULL,
  PRIMARY KEY (`id`),
  UNIQUE KEY `ux_puestos_tenant_folio` (`empresa_tenant_id`,`folio`),
  UNIQUE KEY `ux_puestos_tenant_nombre` (`empresa_tenant_id`,`nombre`),
  KEY `puestos_created_by_foreign` (`created_by`),
  KEY `puestos_empresa_tenant_id_nombre_index` (`empresa_tenant_id`,`nombre`),
  KEY `puestos_empresa_tenant_id_index` (`empresa_tenant_id`),
  CONSTRAINT `puestos_created_by_foreign` FOREIGN KEY (`created_by`) REFERENCES `users` (`id`) ON DELETE RESTRICT ON UPDATE CASCADE
) ENGINE=InnoDB AUTO_INCREMENT=125 DEFAULT CHARSET=utf8mb4 COLLATE=utf8mb4_unicode_ci;
/*!40101 SET character_set_client = @saved_cs_client */;

--
-- Dumping data for table `puestos`
--

LOCK TABLES `puestos` WRITE;
/*!40000 ALTER TABLE `puestos` DISABLE KEYS */;
INSERT INTO `puestos` VALUES (1,2,1,1,'Asesor Técnico','Asesor Técnico','2025-12-12 17:50:32','2025-12-12 17:50:32'),(3,2,3,1,'Asistente de Contabilidad','Asistente de Contabilidad','2025-12-12 17:51:58','2025-12-12 17:51:58'),(4,2,4,1,'Asistente de Facturación','Asistente de Facturación','2025-12-12 17:56:36','2025-12-12 17:56:36'),(5,2,5,1,'Auxiliar Vulcanizador','Auxiliar Vulcanizador','2025-12-12 17:58:42','2025-12-12 17:58:42'),(6,2,6,1,'Auxiliar Comercial','Auxiliar Comercial','2025-12-12 17:59:05','2025-12-12 17:59:05'),(8,2,8,1,'Auxiliar de Seguridad','Auxiliar de Seguridad','2025-12-12 17:59:37','2025-12-12 17:59:53'),(9,2,9,1,'Auxiliar de Viáticos','Auxiliar de Viáticos','2025-12-12 17:59:48','2025-12-12 17:59:48'),(10,2,10,1,'Auxiliar Técnico','Auxiliar Técnico','2025-12-12 18:00:12','2025-12-12 18:00:12'),(11,2,11,1,'Ayudante General','Ayudante General','2025-12-12 18:00:41','2025-12-12 18:00:41'),(12,2,12,1,'Coordinador de Administración','Coordinador de Administración','2025-12-12 18:01:34','2025-12-12 18:01:34'),(13,2,13,1,'Coordinador de Operaciones','Coordinador de Operaciones','2025-12-12 18:02:00','2025-12-12 18:02:00'),(14,2,14,1,'Director General','Director General','2025-12-12 18:02:12','2025-12-12 18:02:12'),(15,2,15,1,'Directora de Finanzas','Directora de Finanzas','2025-12-12 18:02:28','2025-12-12 18:02:45'),(16,2,16,1,'Diseñador Técnico','Diseñador Técnico','2025-12-12 18:02:40','2025-12-12 18:02:40'),(17,2,17,1,'Ejecutivo de Atención a Clientes','Ejecutivo de Atención a Clientes','2025-12-12 18:04:30','2025-12-12 18:04:30'),(18,2,18,1,'Asistente Comercial','Asistente Comercial','2025-12-12 18:08:18','2025-12-12 18:08:18'),(19,2,19,1,'Asistente de Ventas','Asistente de Ventas','2025-12-12 18:08:37','2025-12-12 18:08:37'),(20,2,20,1,'Asistente Gerencia','Asistente Gerencia','2025-12-12 18:08:59','2025-12-12 18:08:59'),(21,2,21,1,'Auxiliar Administrativa','Auxiliar Administrativa','2025-12-12 18:09:15','2025-12-12 18:09:15'),(22,2,22,1,'Auxiliar Contable','Auxiliar Contable','2025-12-12 18:11:10','2025-12-12 18:11:10'),(23,2,23,1,'Auxiliar de Almacén','Auxiliar de Almacén','2025-12-12 18:11:41','2025-12-12 18:11:41'),(24,2,24,1,'Auxiliar de Contabilidad','Auxiliar de Contabilidad','2025-12-12 18:12:06','2025-12-12 18:12:06'),(25,2,25,1,'Auxiliar de Nominas','Auxiliar de Nominas','2025-12-12 18:12:21','2025-12-12 18:12:21'),(26,2,26,1,'Auxiliar de Operaciones','Auxiliar de Operaciones','2025-12-12 18:13:31','2025-12-12 18:13:31'),(27,2,27,1,'Becario de Contabilidad','Becario de Contabilidad','2025-12-12 18:14:31','2025-12-12 18:14:31'),(28,2,28,1,'Capital Humano','Capital Humano','2025-12-12 18:14:40','2025-12-12 18:15:52'),(29,2,29,1,'Coordinador de Ventas','Coordinador de Ventas','2025-12-12 18:15:04','2025-12-12 18:15:04'),(30,2,30,1,'Ejecutivo de Cuenta','Ejecutivo de Cuenta','2025-12-12 18:15:18','2025-12-12 18:15:18'),(31,2,31,1,'Encargada de Almacén','Encargada de Almacén','2025-12-12 18:15:46','2025-12-12 18:15:46'),(32,2,32,1,'Facturación','Facturación','2025-12-12 18:16:09','2025-12-12 18:16:09'),(33,2,33,1,'Gerente Técnico','Gerente Técnico','2025-12-12 18:17:38','2025-12-12 18:17:38'),(34,2,34,1,'Ingeniero de Campo','Ingeniero de Campo','2025-12-12 18:18:00','2025-12-12 18:18:00'),(35,2,35,1,'Practicante Gestión Comercial','Practicante Gestión Comercial','2025-12-12 18:18:26','2025-12-12 18:18:26'),(36,2,36,1,'Responsable de Placas','Responsable de Placas','2025-12-12 18:18:38','2025-12-12 18:18:38'),(37,2,37,1,'Responsable de Área de Recubrimientos','Responsable de Área de Recubrimientos','2025-12-12 18:19:00','2025-12-12 18:19:00'),(38,2,38,1,'Responsable de Línea de Negocios','Responsable de Línea de Negocios','2025-12-12 18:28:04','2025-12-12 18:28:04'),(39,2,39,1,'Responsable de Mantenimiento de Prensas','Responsable de Mantenimiento de Prensas','2025-12-12 18:28:51','2025-12-12 18:28:51'),(40,2,40,1,'Responsable de Sistema de Gestión','Responsable de Sistema de Gestión','2025-12-12 18:29:50','2025-12-12 18:29:50'),(41,2,41,1,'Supervisor de Campo','Supervisor de Campo','2025-12-12 18:30:03','2025-12-12 18:30:03'),(42,2,42,1,'Supervisor de Seguridad','Supervisor de Seguridad','2025-12-12 18:30:13','2025-12-12 18:30:13'),(43,2,43,1,'Vulcanizador 1','Vulcanizador 1','2025-12-12 18:30:28','2025-12-12 18:30:28'),(44,2,44,1,'Vulcanizador 2','Vulcanizador 2','2025-12-12 18:30:34','2025-12-12 18:30:34'),(45,2,45,1,'Vulcanizador 3','Vulcanizador 3','2025-12-12 18:30:42','2025-12-12 18:30:42'),(46,2,46,1,'Responsable de Sistemas','Responsable de Sistemas','2025-12-16 18:51:03','2025-12-16 18:51:03'),(47,2,47,1,'Coordinador de Sistemas','Coordinador de Sistemas','2025-12-16 18:51:15','2025-12-16 18:51:15'),(48,2,48,1,'Ingeniero de Sistemas','Ingeniero de Sistemas','2025-12-16 18:51:35','2025-12-16 18:51:35'),(49,1,1,1,'Analista de Compras','Analista de Compras','2025-12-26 19:38:21','2025-12-26 19:38:21'),(50,1,2,1,'Analista de Contabilidad','Analista de Contabilidad','2025-12-26 19:38:37','2025-12-26 19:38:37'),(51,1,3,1,'Analista de Nominas','Analista de Nominas','2025-12-26 19:38:58','2025-12-26 19:38:58'),(52,1,4,1,'Asesor Técnico','Asesor Técnico','2025-12-26 19:39:16','2025-12-26 19:39:16'),(53,1,5,1,'Asistente de Desarrollo de Capital Humano','Asistente de Desarrollo de Capital Humano','2025-12-26 19:39:42','2025-12-26 19:39:42'),(54,1,6,1,'Asistente de Dirección','Asistente de Dirección','2025-12-26 19:39:57','2025-12-26 19:39:57'),(55,1,7,1,'Asistente de Marketing','Asistente de Marketing','2025-12-26 19:40:18','2025-12-26 19:40:18'),(56,1,8,1,'Asistente de Operaciones','Asistente de Operaciones','2025-12-26 19:40:29','2025-12-26 19:40:29'),(57,1,9,1,'Asistente del Sistema de Gestión','Asistente del Sistema de Gestión','2025-12-26 19:41:04','2025-12-26 19:41:04'),(58,1,10,1,'Asistente de Tesorería','Asistente de Tesorería','2025-12-26 19:41:48','2025-12-26 19:41:48'),(59,1,11,1,'Auxiliar Administrativo de Ingeniería','Auxiliar Administrativo de Ingeniería','2025-12-26 19:42:14','2025-12-26 19:42:14'),(60,1,12,1,'Auxiliar de Contabilidad','Auxiliar de Contabilidad','2025-12-26 19:45:37','2025-12-26 19:45:37'),(61,1,13,1,'Auxiliar Vulcanizador 1','Auxiliar Vulcanizador 1','2025-12-26 19:45:59','2025-12-26 19:45:59'),(62,1,14,1,'Auxiliar Vulcanizador 2','Auxiliar Vulcanizador 2','2025-12-26 19:46:05','2025-12-26 19:46:05'),(63,1,15,1,'Auxiliar Vulcanizador 3','Auxiliar Vulcanizador 3','2025-12-26 19:46:11','2025-12-26 19:46:11'),(64,1,16,1,'Auxiliar Administrativo','Auxiliar Administrativo','2025-12-26 19:46:25','2025-12-26 19:46:25'),(65,1,17,1,'Auxiliar Comercial','Auxiliar Comercial','2025-12-26 19:46:40','2025-12-26 19:46:40'),(66,1,18,1,'Auxiliar de Almacén','Auxiliar de Almacén','2025-12-26 19:46:52','2025-12-26 19:46:52'),(67,1,19,1,'Auxiliar de Cobranza','Auxiliar de Cobranza','2025-12-26 19:47:01','2025-12-26 19:47:01'),(68,1,20,1,'Auxiliar de Embarques','Auxiliar de Embarques','2025-12-26 19:48:01','2025-12-26 19:48:01'),(69,1,21,1,'Auxiliar de Facturación','Auxiliar de Facturación','2025-12-26 19:48:11','2025-12-26 19:48:11'),(70,1,22,1,'Auxiliar de Seguridad','Auxiliar de Seguridad','2025-12-26 19:48:20','2025-12-26 19:48:20'),(71,1,23,1,'Ayudante Comercial','Ayudante Comercial','2025-12-26 19:48:33','2025-12-26 19:48:33'),(72,1,24,1,'Ayudante de Intendencia','Ayudante de Intendencia','2025-12-26 19:48:52','2025-12-26 19:48:52'),(73,1,25,1,'Ayudante General','Ayudante General','2025-12-26 19:49:05','2025-12-26 19:49:05'),(74,1,26,1,'Chofer','Chofer','2025-12-26 19:49:18','2025-12-26 19:49:18'),(75,1,27,1,'Coordinador Comercial','Coordinador Comercial','2025-12-26 19:49:28','2025-12-26 19:49:28'),(76,1,28,1,'Coordinador de Almacén','Coordinador de Almacén','2025-12-26 19:49:43','2025-12-26 19:49:43'),(77,1,29,1,'Coordinador de Calidad','Coordinador de Calidad','2025-12-26 19:49:53','2025-12-26 19:49:53'),(78,1,30,1,'Coordinador de Ingeniería','Coordinador de Ingeniería','2025-12-26 19:50:27','2025-12-26 19:50:27'),(79,1,31,1,'Coordinador de Seguridad','Coordinador de Seguridad','2025-12-26 19:50:35','2025-12-26 19:50:35'),(80,1,32,1,'Coordinador de Servicios Generales','Coordinador de Servicios Generales','2025-12-26 19:50:50','2025-12-26 19:50:50'),(81,1,33,1,'Coordinador de Sistemas','Coordinador de Sistemas','2025-12-26 19:51:00','2025-12-26 19:51:00'),(82,1,34,1,'Coordinador de Taller','Coordinador de Taller','2025-12-26 19:51:08','2025-12-26 19:51:08'),(83,1,35,1,'Director Comercial','Director Comercial','2025-12-26 19:51:19','2025-12-26 19:51:19'),(84,1,36,1,'Director de Finanzas','Director de Finanzas','2025-12-26 19:51:32','2025-12-26 19:51:32'),(85,1,37,1,'Director General','Director General','2025-12-26 19:51:44','2025-12-26 19:51:44'),(86,1,38,1,'Director Operativo','Director Operativo','2025-12-26 19:51:53','2025-12-26 19:51:53'),(87,1,39,1,'Directora de Admon y Finanzas','Directora de Admon y Finanzas','2025-12-26 19:52:14','2025-12-26 19:52:14'),(88,1,40,1,'Ejecutivo de Atención a Clientes','Ejecutivo de Atención a Clientes','2025-12-26 19:52:30','2025-12-26 19:52:30'),(89,1,41,1,'Gerente de Abastos','Gerente de Abastos','2025-12-26 19:52:41','2025-12-26 19:52:41'),(90,1,42,1,'Gerente de Contabilidad','Gerente de Contabilidad','2025-12-26 19:52:51','2025-12-26 19:52:51'),(91,1,43,1,'Gerente de Filial','Gerente de Filial','2025-12-26 19:52:58','2025-12-26 19:52:58'),(92,1,44,1,'Gerente de Ventas','Gerente de Ventas','2025-12-26 19:53:09','2025-12-26 19:53:09'),(93,1,45,1,'Ingeniero de Campo','Ingeniero de Campo','2025-12-26 19:53:25','2025-12-26 19:53:25'),(94,1,46,1,'Ingeniero de Sistemas','Ingeniero de Sistemas','2025-12-26 19:53:43','2025-12-26 19:53:43'),(95,1,47,1,'Instrumentista','Instrumentista','2025-12-26 19:53:53','2025-12-26 19:53:53'),(96,1,48,1,'Líder de Capital Humano','Líder de Capital Humano','2025-12-26 19:54:07','2025-12-26 19:54:07'),(97,1,49,1,'Líder de Zona','Líder de Zona','2025-12-26 19:54:17','2025-12-26 19:54:17'),(98,1,50,1,'Mantenimiento','Mantenimiento','2025-12-26 19:54:25','2025-12-26 19:54:25'),(99,1,51,1,'Practicante de Contabilidad','Practicante de Contabilidad','2025-12-26 19:54:49','2025-12-26 19:54:49'),(100,1,52,1,'Practicante de Ingeniería','Practicante de Ingeniería','2025-12-26 19:55:06','2025-12-26 19:55:06'),(101,1,53,1,'Promotor de Línea','Promotor de Línea','2025-12-26 19:55:31','2025-12-26 19:55:31'),(102,1,54,1,'Promotor de Marca','Promotor de Marca','2025-12-26 19:55:42','2025-12-26 19:55:42'),(103,1,55,1,'Responsable de Abastos','Responsable de Abastos','2025-12-26 19:55:57','2025-12-26 19:55:57'),(104,1,56,1,'Responsable de Ingeniería','Responsable de Ingeniería','2025-12-26 19:56:06','2025-12-26 19:56:06'),(105,1,57,1,'Responsable de Marketing','Responsable de Marketing','2025-12-26 19:56:14','2025-12-26 19:56:14'),(106,1,58,1,'Responsable de Mejora Continua','Responsable de Mejora Continua','2025-12-26 19:56:27','2025-12-26 19:56:27'),(107,1,59,1,'Responsable de Protección de Superficies','Responsable de Protección de Superficies','2025-12-26 19:56:44','2025-12-26 19:56:44'),(108,1,60,1,'Responsable de Sistemas','Responsable de Sistemas','2025-12-26 19:56:52','2025-12-26 19:56:52'),(109,1,61,1,'Responsable de Taller','Responsable de Taller','2025-12-26 19:56:58','2025-12-26 19:56:58'),(110,1,62,1,'Responsable de Tesorería','Responsable de Tesorería','2025-12-26 19:57:08','2025-12-26 19:57:08'),(111,1,63,1,'Responsable de Sistema de Gestión Integral','Responsable de Sistema de Gestión Integral','2025-12-26 19:57:22','2025-12-26 19:57:22'),(112,1,64,1,'Secretaria','Secretaria','2025-12-26 19:57:35','2025-12-26 19:57:35'),(113,1,65,1,'Supervisor 1','Supervisor 1','2025-12-26 19:57:43','2025-12-26 19:57:43'),(114,1,66,1,'Supervisor 3','Supervisor 3','2025-12-26 19:57:50','2025-12-26 19:57:50'),(115,1,67,1,'Supervisor de Producción de Pasamanos','Supervisor de Producción de Pasamanos','2025-12-26 19:58:17','2025-12-26 19:58:17'),(116,1,68,1,'Supervisor de Seguridad','Supervisor de Seguridad','2025-12-26 19:58:30','2025-12-26 19:58:30'),(117,1,69,1,'Vulcanizador 1','Vulcanizador 1','2025-12-26 19:58:44','2025-12-26 19:58:44'),(118,1,70,1,'Vulcanizador 2','Vulcanizador 2','2025-12-26 19:58:49','2025-12-26 19:58:49'),(119,1,71,1,'Vulcanizador 3','Vulcanizador 3','2025-12-26 19:58:54','2025-12-26 19:58:54'),(120,1,72,1,'Ayudante de Facturación','Ayudante de Facturación','2025-12-26 20:58:29','2025-12-26 20:58:29'),(121,1,73,1,'Becario de Contabilidad','Becario de Contabilidad','2025-12-30 19:24:13','2025-12-30 19:24:13'),(122,1,74,1,'Responsable de Línea','Responsable de Línea','2025-12-30 21:01:52','2025-12-30 21:01:52'),(123,1,75,1,'Ayudante de Almacén','Ayudante de Almacén','2025-12-30 21:08:18','2025-12-30 21:08:18'),(124,1,76,1,'Gerente de Desarrollo Organizacional','Gerente de Desarrollo Organizacional','2025-12-30 22:36:45','2025-12-30 22:36:45');
/*!40000 ALTER TABLE `puestos` ENABLE KEYS */;
UNLOCK TABLES;

--
-- Table structure for table `puestos_historial`
--

DROP TABLE IF EXISTS `puestos_historial`;
/*!40101 SET @saved_cs_client     = @@character_set_client */;
/*!50503 SET character_set_client = utf8mb4 */;
CREATE TABLE `puestos_historial` (
  `id` bigint unsigned NOT NULL AUTO_INCREMENT,
  `puesto_id` bigint unsigned NOT NULL,
  `user_id` bigint unsigned DEFAULT NULL,
  `accion` varchar(255) COLLATE utf8mb4_unicode_ci NOT NULL,
  `cambios` json DEFAULT NULL,
  `created_at` timestamp NULL DEFAULT NULL,
  `updated_at` timestamp NULL DEFAULT NULL,
  PRIMARY KEY (`id`),
  KEY `puestos_historial_puesto_id_foreign` (`puesto_id`),
  KEY `puestos_historial_user_id_foreign` (`user_id`),
  CONSTRAINT `puestos_historial_puesto_id_foreign` FOREIGN KEY (`puesto_id`) REFERENCES `puestos` (`id`) ON DELETE CASCADE,
  CONSTRAINT `puestos_historial_user_id_foreign` FOREIGN KEY (`user_id`) REFERENCES `users` (`id`) ON DELETE SET NULL
) ENGINE=InnoDB AUTO_INCREMENT=128 DEFAULT CHARSET=utf8mb4 COLLATE=utf8mb4_unicode_ci;
/*!40101 SET character_set_client = @saved_cs_client */;

--
-- Dumping data for table `puestos_historial`
--

LOCK TABLES `puestos_historial` WRITE;
/*!40000 ALTER TABLE `puestos_historial` DISABLE KEYS */;
INSERT INTO `puestos_historial` VALUES (1,1,1,'Creación','{\"nombre\": \"Asesor Técnico\", \"descripcion\": \"Asesor Técnico\"}','2025-12-12 17:50:32','2025-12-12 17:50:32'),(3,3,1,'Creación','{\"nombre\": \"Asistente de Contabilidad\", \"descripcion\": \"Asistente de Contabilidad\"}','2025-12-12 17:51:58','2025-12-12 17:51:58'),(4,4,1,'Creación','{\"nombre\": \"Asistente de Facturación\", \"descripcion\": \"Asistente de Facturación\"}','2025-12-12 17:56:36','2025-12-12 17:56:36'),(5,5,1,'Creación','{\"nombre\": \"Auxiliar Vulcanizador\", \"descripcion\": \"Auxiliar Vulcanizador\"}','2025-12-12 17:58:42','2025-12-12 17:58:42'),(6,6,1,'Creación','{\"nombre\": \"Auxiliar Comercial\", \"descripcion\": \"Auxiliar Comercial\"}','2025-12-12 17:59:05','2025-12-12 17:59:05'),(8,8,1,'Creación','{\"nombre\": \"Auxiliar de Seguridad\", \"descripcion\": null}','2025-12-12 17:59:37','2025-12-12 17:59:37'),(9,9,1,'Creación','{\"nombre\": \"Auxiliar de Viáticos\", \"descripcion\": \"Auxiliar de Viáticos\"}','2025-12-12 17:59:48','2025-12-12 17:59:48'),(10,8,1,'Actualización','{\"descripcion\": {\"a\": \"Auxiliar de Seguridad\", \"de\": null}}','2025-12-12 17:59:53','2025-12-12 17:59:53'),(11,10,1,'Creación','{\"nombre\": \"Auxiliar Técnico\", \"descripcion\": \"Auxiliar Técnico\"}','2025-12-12 18:00:12','2025-12-12 18:00:12'),(12,11,1,'Creación','{\"nombre\": \"Ayudante General\", \"descripcion\": \"Ayudante General\"}','2025-12-12 18:00:41','2025-12-12 18:00:41'),(13,12,1,'Creación','{\"nombre\": \"Coordinador de Administración\", \"descripcion\": \"Coordinador de Administración\"}','2025-12-12 18:01:34','2025-12-12 18:01:34'),(14,13,1,'Creación','{\"nombre\": \"Coordinador de Operaciones\", \"descripcion\": \"Coordinador de Operaciones\"}','2025-12-12 18:02:00','2025-12-12 18:02:00'),(15,14,1,'Creación','{\"nombre\": \"Director General\", \"descripcion\": \"Director General\"}','2025-12-12 18:02:12','2025-12-12 18:02:12'),(16,15,1,'Creación','{\"nombre\": \"Directora de Finanzas\", \"descripcion\": null}','2025-12-12 18:02:28','2025-12-12 18:02:28'),(17,16,1,'Creación','{\"nombre\": \"Diseñador Técnico\", \"descripcion\": \"Diseñador Técnico\"}','2025-12-12 18:02:40','2025-12-12 18:02:40'),(18,15,1,'Actualización','{\"descripcion\": {\"a\": \"Directora de Finanzas\", \"de\": null}}','2025-12-12 18:02:45','2025-12-12 18:02:45'),(19,17,1,'Creación','{\"nombre\": \"Ejecutivo de Atención a Clientes\", \"descripcion\": \"Ejecutivo de Atención a Clientes\"}','2025-12-12 18:04:30','2025-12-12 18:04:30'),(20,18,1,'Creación','{\"nombre\": \"Asistente Comercial\", \"descripcion\": \"Asistente Comercial\"}','2025-12-12 18:08:18','2025-12-12 18:08:18'),(21,19,1,'Creación','{\"nombre\": \"Asistente de Ventas\", \"descripcion\": \"Asistente de Ventas\"}','2025-12-12 18:08:37','2025-12-12 18:08:37'),(22,20,1,'Creación','{\"nombre\": \"Asistente Gerencia\", \"descripcion\": \"Asistente Gerencia\"}','2025-12-12 18:08:59','2025-12-12 18:08:59'),(23,21,1,'Creación','{\"nombre\": \"Auxiliar Administrativa\", \"descripcion\": \"Auxiliar Administrativa\"}','2025-12-12 18:09:15','2025-12-12 18:09:15'),(24,22,1,'Creación','{\"nombre\": \"Auxiliar Contable\", \"descripcion\": \"Auxiliar Contable\"}','2025-12-12 18:11:10','2025-12-12 18:11:10'),(25,23,1,'Creación','{\"nombre\": \"Auxiliar de Almacén\", \"descripcion\": \"Auxiliar de Almacén\"}','2025-12-12 18:11:41','2025-12-12 18:11:41'),(26,24,1,'Creación','{\"nombre\": \"Auxiliar de Contabilidad\", \"descripcion\": \"Auxiliar de Contabilidad\"}','2025-12-12 18:12:06','2025-12-12 18:12:06'),(27,25,1,'Creación','{\"nombre\": \"Auxiliar de Nominas\", \"descripcion\": \"Auxiliar de Nominas\"}','2025-12-12 18:12:21','2025-12-12 18:12:21'),(28,26,1,'Creación','{\"nombre\": \"Auxiliar de Operaciones\", \"descripcion\": \"Auxiliar de Operaciones\"}','2025-12-12 18:13:31','2025-12-12 18:13:31'),(29,27,1,'Creación','{\"nombre\": \"Becario de Contabilidad\", \"descripcion\": \"Becario de Contabilidad\"}','2025-12-12 18:14:31','2025-12-12 18:14:31'),(30,28,1,'Creación','{\"nombre\": \"Capital Humano\", \"descripcion\": null}','2025-12-12 18:14:40','2025-12-12 18:14:40'),(31,29,1,'Creación','{\"nombre\": \"Coordinador de Ventas\", \"descripcion\": \"Coordinador de Ventas\"}','2025-12-12 18:15:04','2025-12-12 18:15:04'),(32,30,1,'Creación','{\"nombre\": \"Ejecutivo de Cuenta\", \"descripcion\": \"Ejecutivo de Cuenta\"}','2025-12-12 18:15:18','2025-12-12 18:15:18'),(33,31,1,'Creación','{\"nombre\": \"Encargada de Almacén\", \"descripcion\": \"Encargada de Almacén\"}','2025-12-12 18:15:46','2025-12-12 18:15:46'),(34,28,1,'Actualización','{\"descripcion\": {\"a\": \"Capital Humano\", \"de\": null}}','2025-12-12 18:15:52','2025-12-12 18:15:52'),(35,32,1,'Creación','{\"nombre\": \"Facturación\", \"descripcion\": \"Facturación\"}','2025-12-12 18:16:09','2025-12-12 18:16:09'),(36,33,1,'Creación','{\"nombre\": \"Gerente Técnico\", \"descripcion\": \"Gerente Técnico\"}','2025-12-12 18:17:38','2025-12-12 18:17:38'),(37,34,1,'Creación','{\"nombre\": \"Ingeniero de Campo\", \"descripcion\": \"Ingeniero de Campo\"}','2025-12-12 18:18:00','2025-12-12 18:18:00'),(38,35,1,'Creación','{\"nombre\": \"Practicante Gestión Comercial\", \"descripcion\": \"Practicante Gestión Comercial\"}','2025-12-12 18:18:26','2025-12-12 18:18:26'),(39,36,1,'Creación','{\"nombre\": \"Responsable de Placas\", \"descripcion\": \"Responsable de Placas\"}','2025-12-12 18:18:38','2025-12-12 18:18:38'),(40,37,1,'Creación','{\"nombre\": \"Responsable de Área de Recubrimientos\", \"descripcion\": \"Responsable de Área de Recubrimientos\"}','2025-12-12 18:19:00','2025-12-12 18:19:00'),(41,38,1,'Creación','{\"nombre\": \"Responsable de Línea de Negocios\", \"descripcion\": \"Responsable de Línea de Negocios\"}','2025-12-12 18:28:04','2025-12-12 18:28:04'),(42,39,1,'Creación','{\"nombre\": \"Responsable de Mantenimiento de Prensas\", \"descripcion\": \"Responsable de Mantenimiento de Prensas\"}','2025-12-12 18:28:51','2025-12-12 18:28:51'),(43,40,1,'Creación','{\"nombre\": \"Responsable de Sistema de Gestión\", \"descripcion\": \"Responsable de Sistema de Gestión\"}','2025-12-12 18:29:50','2025-12-12 18:29:50'),(44,41,1,'Creación','{\"nombre\": \"Supervisor de Campo\", \"descripcion\": \"Supervisor de Campo\"}','2025-12-12 18:30:03','2025-12-12 18:30:03'),(45,42,1,'Creación','{\"nombre\": \"Supervisor de Seguridad\", \"descripcion\": \"Supervisor de Seguridad\"}','2025-12-12 18:30:13','2025-12-12 18:30:13'),(46,43,1,'Creación','{\"nombre\": \"Vulcanizador 1\", \"descripcion\": \"Vulcanizador 1\"}','2025-12-12 18:30:28','2025-12-12 18:30:28'),(47,44,1,'Creación','{\"nombre\": \"Vulcanizador 2\", \"descripcion\": \"Vulcanizador 2\"}','2025-12-12 18:30:34','2025-12-12 18:30:34'),(48,45,1,'Creación','{\"nombre\": \"Vulcanizador 3\", \"descripcion\": \"Vulcanizador 3\"}','2025-12-12 18:30:42','2025-12-12 18:30:42'),(49,46,1,'Creación','{\"nombre\": \"Responsable de Sistemas\", \"descripcion\": \"Responsable de Sistemas\"}','2025-12-16 18:51:03','2025-12-16 18:51:03'),(50,47,1,'Creación','{\"nombre\": \"Coordinador de Sistemas\", \"descripcion\": \"Coordinador de Sistemas\"}','2025-12-16 18:51:15','2025-12-16 18:51:15'),(51,48,1,'Creación','{\"nombre\": \"Ingeniero de Sistemas\", \"descripcion\": \"Ingeniero de Sistemas\"}','2025-12-16 18:51:35','2025-12-16 18:51:35'),(52,49,1,'Creación','{\"nombre\": \"Analista de Compras\", \"descripcion\": \"Analista de Compras\"}','2025-12-26 19:38:21','2025-12-26 19:38:21'),(53,50,1,'Creación','{\"nombre\": \"Analista de Contabilidad\", \"descripcion\": \"Analista de Contabilidad\"}','2025-12-26 19:38:37','2025-12-26 19:38:37'),(54,51,1,'Creación','{\"nombre\": \"Analista de Nominas\", \"descripcion\": \"Analista de Nominas\"}','2025-12-26 19:38:58','2025-12-26 19:38:58'),(55,52,1,'Creación','{\"nombre\": \"Asesor Técnico\", \"descripcion\": \"Asesor Técnico\"}','2025-12-26 19:39:16','2025-12-26 19:39:16'),(56,53,1,'Creación','{\"nombre\": \"Asistente de Desarrollo de Capital Humano\", \"descripcion\": \"Asistente de Desarrollo de Capital Humano\"}','2025-12-26 19:39:42','2025-12-26 19:39:42'),(57,54,1,'Creación','{\"nombre\": \"Asistente de Dirección\", \"descripcion\": \"Asistente de Dirección\"}','2025-12-26 19:39:57','2025-12-26 19:39:57'),(58,55,1,'Creación','{\"nombre\": \"Asistente de Marketing\", \"descripcion\": \"Asistente de Marketing\"}','2025-12-26 19:40:18','2025-12-26 19:40:18'),(59,56,1,'Creación','{\"nombre\": \"Asistente de Operaciones\", \"descripcion\": \"Asistente de Operaciones\"}','2025-12-26 19:40:29','2025-12-26 19:40:29'),(60,57,1,'Creación','{\"nombre\": \"Asistente del Sistema de Gestión\", \"descripcion\": \"Asistente del Sistema de Gestión\"}','2025-12-26 19:41:04','2025-12-26 19:41:04'),(61,58,1,'Creación','{\"nombre\": \"Asistente de Tesorería\", \"descripcion\": \"Asistente de Tesorería\"}','2025-12-26 19:41:48','2025-12-26 19:41:48'),(62,59,1,'Creación','{\"nombre\": \"Auxiliar Administrativo de Ingeniería\", \"descripcion\": \"Auxiliar Administrativo de Ingeniería\"}','2025-12-26 19:42:14','2025-12-26 19:42:14'),(63,60,1,'Creación','{\"nombre\": \"Auxiliar de Contabilidad\", \"descripcion\": \"Auxiliar de Contabilidad\"}','2025-12-26 19:45:37','2025-12-26 19:45:37'),(64,61,1,'Creación','{\"nombre\": \"Auxiliar Vulcanizador 1\", \"descripcion\": \"Auxiliar Vulcanizador 1\"}','2025-12-26 19:45:59','2025-12-26 19:45:59'),(65,62,1,'Creación','{\"nombre\": \"Auxiliar Vulcanizador 2\", \"descripcion\": \"Auxiliar Vulcanizador 2\"}','2025-12-26 19:46:05','2025-12-26 19:46:05'),(66,63,1,'Creación','{\"nombre\": \"Auxiliar Vulcanizador 3\", \"descripcion\": \"Auxiliar Vulcanizador 3\"}','2025-12-26 19:46:11','2025-12-26 19:46:11'),(67,64,1,'Creación','{\"nombre\": \"Auxiliar Administrativo\", \"descripcion\": \"Auxiliar Administrativo\"}','2025-12-26 19:46:25','2025-12-26 19:46:25'),(68,65,1,'Creación','{\"nombre\": \"Auxiliar Comercial\", \"descripcion\": \"Auxiliar Comercial\"}','2025-12-26 19:46:40','2025-12-26 19:46:40'),(69,66,1,'Creación','{\"nombre\": \"Auxiliar de Almacén\", \"descripcion\": \"Auxiliar de Almacén\"}','2025-12-26 19:46:52','2025-12-26 19:46:52'),(70,67,1,'Creación','{\"nombre\": \"Auxiliar de Cobranza\", \"descripcion\": \"Auxiliar de Cobranza\"}','2025-12-26 19:47:01','2025-12-26 19:47:01'),(71,68,1,'Creación','{\"nombre\": \"Auxiliar de Embarques\", \"descripcion\": \"Auxiliar de Embarques\"}','2025-12-26 19:48:01','2025-12-26 19:48:01'),(72,69,1,'Creación','{\"nombre\": \"Auxiliar de Facturación\", \"descripcion\": \"Auxiliar de Facturación\"}','2025-12-26 19:48:11','2025-12-26 19:48:11'),(73,70,1,'Creación','{\"nombre\": \"Auxiliar de Seguridad\", \"descripcion\": \"Auxiliar de Seguridad\"}','2025-12-26 19:48:20','2025-12-26 19:48:20'),(74,71,1,'Creación','{\"nombre\": \"Ayudante Comercial\", \"descripcion\": \"Ayudante Comercial\"}','2025-12-26 19:48:33','2025-12-26 19:48:33'),(75,72,1,'Creación','{\"nombre\": \"Ayudante de Intendencia\", \"descripcion\": \"Ayudante de Intendencia\"}','2025-12-26 19:48:52','2025-12-26 19:48:52'),(76,73,1,'Creación','{\"nombre\": \"Ayudante General\", \"descripcion\": \"Ayudante General\"}','2025-12-26 19:49:05','2025-12-26 19:49:05'),(77,74,1,'Creación','{\"nombre\": \"Chofer\", \"descripcion\": \"Chofer\"}','2025-12-26 19:49:18','2025-12-26 19:49:18'),(78,75,1,'Creación','{\"nombre\": \"Coordinador Comercial\", \"descripcion\": \"Coordinador Comercial\"}','2025-12-26 19:49:28','2025-12-26 19:49:28'),(79,76,1,'Creación','{\"nombre\": \"Coordinador de Almacén\", \"descripcion\": \"Coordinador de Almacén\"}','2025-12-26 19:49:43','2025-12-26 19:49:43'),(80,77,1,'Creación','{\"nombre\": \"Coordinador de Calidad\", \"descripcion\": \"Coordinador de Calidad\"}','2025-12-26 19:49:53','2025-12-26 19:49:53'),(81,78,1,'Creación','{\"nombre\": \"Coordinador de Ingeniería\", \"descripcion\": \"Coordinador de Ingeniería\"}','2025-12-26 19:50:27','2025-12-26 19:50:27'),(82,79,1,'Creación','{\"nombre\": \"Coordinador de Seguridad\", \"descripcion\": \"Coordinador de Seguridad\"}','2025-12-26 19:50:35','2025-12-26 19:50:35'),(83,80,1,'Creación','{\"nombre\": \"Coordinador de Servicios Generales\", \"descripcion\": \"Coordinador de Servicios Generales\"}','2025-12-26 19:50:50','2025-12-26 19:50:50'),(84,81,1,'Creación','{\"nombre\": \"Coordinador de Sistemas\", \"descripcion\": \"Coordinador de Sistemas\"}','2025-12-26 19:51:00','2025-12-26 19:51:00'),(85,82,1,'Creación','{\"nombre\": \"Coordinador de Taller\", \"descripcion\": \"Coordinador de Taller\"}','2025-12-26 19:51:08','2025-12-26 19:51:08'),(86,83,1,'Creación','{\"nombre\": \"Director Comercial\", \"descripcion\": \"Director Comercial\"}','2025-12-26 19:51:19','2025-12-26 19:51:19'),(87,84,1,'Creación','{\"nombre\": \"Director de Finanzas\", \"descripcion\": \"Director de Finanzas\"}','2025-12-26 19:51:32','2025-12-26 19:51:32'),(88,85,1,'Creación','{\"nombre\": \"Director General\", \"descripcion\": \"Director General\"}','2025-12-26 19:51:44','2025-12-26 19:51:44'),(89,86,1,'Creación','{\"nombre\": \"Director Operativo\", \"descripcion\": \"Director Operativo\"}','2025-12-26 19:51:53','2025-12-26 19:51:53'),(90,87,1,'Creación','{\"nombre\": \"Directora de Admon y Finanzas\", \"descripcion\": \"Directora de Admon y Finanzas\"}','2025-12-26 19:52:14','2025-12-26 19:52:14'),(91,88,1,'Creación','{\"nombre\": \"Ejecutivo de Atención a Clientes\", \"descripcion\": \"Ejecutivo de Atención a Clientes\"}','2025-12-26 19:52:30','2025-12-26 19:52:30'),(92,89,1,'Creación','{\"nombre\": \"Gerente de Abastos\", \"descripcion\": \"Gerente de Abastos\"}','2025-12-26 19:52:41','2025-12-26 19:52:41'),(93,90,1,'Creación','{\"nombre\": \"Gerente de Contabilidad\", \"descripcion\": \"Gerente de Contabilidad\"}','2025-12-26 19:52:51','2025-12-26 19:52:51'),(94,91,1,'Creación','{\"nombre\": \"Gerente de Filial\", \"descripcion\": \"Gerente de Filial\"}','2025-12-26 19:52:58','2025-12-26 19:52:58'),(95,92,1,'Creación','{\"nombre\": \"Gerente de Ventas\", \"descripcion\": \"Gerente de Ventas\"}','2025-12-26 19:53:09','2025-12-26 19:53:09'),(96,93,1,'Creación','{\"nombre\": \"Ingeniero de Campo\", \"descripcion\": \"Ingeniero de Campo\"}','2025-12-26 19:53:25','2025-12-26 19:53:25'),(97,94,1,'Creación','{\"nombre\": \"Ingeniero de Sistemas\", \"descripcion\": \"Ingeniero de Sistemas\"}','2025-12-26 19:53:43','2025-12-26 19:53:43'),(98,95,1,'Creación','{\"nombre\": \"Instrumentista\", \"descripcion\": \"Instrumentista\"}','2025-12-26 19:53:53','2025-12-26 19:53:53'),(99,96,1,'Creación','{\"nombre\": \"Líder de Capital Humano\", \"descripcion\": \"Líder de Capital Humano\"}','2025-12-26 19:54:07','2025-12-26 19:54:07'),(100,97,1,'Creación','{\"nombre\": \"Líder de Zona\", \"descripcion\": \"Líder de Zona\"}','2025-12-26 19:54:17','2025-12-26 19:54:17'),(101,98,1,'Creación','{\"nombre\": \"Mantenimiento\", \"descripcion\": \"Mantenimiento\"}','2025-12-26 19:54:25','2025-12-26 19:54:25'),(102,99,1,'Creación','{\"nombre\": \"Practicante de Contabilidad\", \"descripcion\": \"Practicante de Contabilidad\"}','2025-12-26 19:54:49','2025-12-26 19:54:49'),(103,100,1,'Creación','{\"nombre\": \"Practicante de Ingeniería\", \"descripcion\": \"Practicante de Ingeniería\"}','2025-12-26 19:55:06','2025-12-26 19:55:06'),(104,101,1,'Creación','{\"nombre\": \"Promotor de Línea\", \"descripcion\": \"Promotor de Línea\"}','2025-12-26 19:55:31','2025-12-26 19:55:31'),(105,102,1,'Creación','{\"nombre\": \"Promotor de Marca\", \"descripcion\": \"Promotor de Marca\"}','2025-12-26 19:55:42','2025-12-26 19:55:42'),(106,103,1,'Creación','{\"nombre\": \"Responsable de Abastos\", \"descripcion\": \"Responsable de Abastos\"}','2025-12-26 19:55:57','2025-12-26 19:55:57'),(107,104,1,'Creación','{\"nombre\": \"Responsable de Ingeniería\", \"descripcion\": \"Responsable de Ingeniería\"}','2025-12-26 19:56:06','2025-12-26 19:56:06'),(108,105,1,'Creación','{\"nombre\": \"Responsable de Marketing\", \"descripcion\": \"Responsable de Marketing\"}','2025-12-26 19:56:14','2025-12-26 19:56:14'),(109,106,1,'Creación','{\"nombre\": \"Responsable de Mejora Continua\", \"descripcion\": \"Responsable de Mejora Continua\"}','2025-12-26 19:56:27','2025-12-26 19:56:27'),(110,107,1,'Creación','{\"nombre\": \"Responsable de Protección de Superficies\", \"descripcion\": \"Responsable de Protección de Superficies\"}','2025-12-26 19:56:44','2025-12-26 19:56:44'),(111,108,1,'Creación','{\"nombre\": \"Responsable de Sistemas\", \"descripcion\": \"Responsable de Sistemas\"}','2025-12-26 19:56:52','2025-12-26 19:56:52'),(112,109,1,'Creación','{\"nombre\": \"Responsable de Taller\", \"descripcion\": \"Responsable de Taller\"}','2025-12-26 19:56:58','2025-12-26 19:56:58'),(113,110,1,'Creación','{\"nombre\": \"Responsable de Tesorería\", \"descripcion\": \"Responsable de Tesorería\"}','2025-12-26 19:57:08','2025-12-26 19:57:08'),(114,111,1,'Creación','{\"nombre\": \"Responsable de Sistema de Gestión Integral\", \"descripcion\": \"Responsable de Sistema de Gestión Integral\"}','2025-12-26 19:57:22','2025-12-26 19:57:22'),(115,112,1,'Creación','{\"nombre\": \"Secretaria\", \"descripcion\": \"Secretaria\"}','2025-12-26 19:57:35','2025-12-26 19:57:35'),(116,113,1,'Creación','{\"nombre\": \"Supervisor 1\", \"descripcion\": \"Supervisor 1\"}','2025-12-26 19:57:43','2025-12-26 19:57:43'),(117,114,1,'Creación','{\"nombre\": \"Supervisor 3\", \"descripcion\": \"Supervisor 3\"}','2025-12-26 19:57:50','2025-12-26 19:57:50'),(118,115,1,'Creación','{\"nombre\": \"Supervisor de Producción de Pasamanos\", \"descripcion\": \"Supervisor de Producción de Pasamanos\"}','2025-12-26 19:58:17','2025-12-26 19:58:17'),(119,116,1,'Creación','{\"nombre\": \"Supervisor de Seguridad\", \"descripcion\": \"Supervisor de Seguridad\"}','2025-12-26 19:58:30','2025-12-26 19:58:30'),(120,117,1,'Creación','{\"nombre\": \"Vulcanizador 1\", \"descripcion\": \"Vulcanizador 1\"}','2025-12-26 19:58:44','2025-12-26 19:58:44'),(121,118,1,'Creación','{\"nombre\": \"Vulcanizador 2\", \"descripcion\": \"Vulcanizador 2\"}','2025-12-26 19:58:49','2025-12-26 19:58:49'),(122,119,1,'Creación','{\"nombre\": \"Vulcanizador 3\", \"descripcion\": \"Vulcanizador 3\"}','2025-12-26 19:58:54','2025-12-26 19:58:54'),(123,120,1,'Creación','{\"nombre\": \"Ayudante de Facturación\", \"descripcion\": \"Ayudante de Facturación\"}','2025-12-26 20:58:29','2025-12-26 20:58:29'),(124,121,1,'Creación','{\"nombre\": \"Becario de Contabilidad\", \"descripcion\": \"Becario de Contabilidad\"}','2025-12-30 19:24:13','2025-12-30 19:24:13'),(125,122,1,'Creación','{\"nombre\": \"Responsable de Línea\", \"descripcion\": \"Responsable de Línea\"}','2025-12-30 21:01:52','2025-12-30 21:01:52'),(126,123,1,'Creación','{\"nombre\": \"Ayudante de Almacén\", \"descripcion\": \"Ayudante de Almacén\"}','2025-12-30 21:08:18','2025-12-30 21:08:18'),(127,124,1,'Creación','{\"nombre\": \"Gerente de Desarrollo Organizacional\", \"descripcion\": \"Gerente de Desarrollo Organizacional\"}','2025-12-30 22:36:45','2025-12-30 22:36:45');
/*!40000 ALTER TABLE `puestos_historial` ENABLE KEYS */;
UNLOCK TABLES;

--
-- Table structure for table `responsiva_detalles`
--

DROP TABLE IF EXISTS `responsiva_detalles`;
/*!40101 SET @saved_cs_client     = @@character_set_client */;
/*!50503 SET character_set_client = utf8mb4 */;
CREATE TABLE `responsiva_detalles` (
  `id` bigint unsigned NOT NULL AUTO_INCREMENT,
  `responsiva_id` bigint unsigned NOT NULL,
  `producto_id` bigint unsigned NOT NULL,
  `producto_serie_id` bigint unsigned NOT NULL,
  `created_at` timestamp NULL DEFAULT NULL,
  `updated_at` timestamp NULL DEFAULT NULL,
  PRIMARY KEY (`id`),
  UNIQUE KEY `responsiva_detalles_responsiva_id_producto_serie_id_unique` (`responsiva_id`,`producto_serie_id`),
  KEY `responsiva_detalles_producto_id_foreign` (`producto_id`),
  KEY `responsiva_detalles_producto_serie_id_foreign` (`producto_serie_id`),
  CONSTRAINT `responsiva_detalles_producto_id_foreign` FOREIGN KEY (`producto_id`) REFERENCES `productos` (`id`) ON DELETE CASCADE,
  CONSTRAINT `responsiva_detalles_producto_serie_id_foreign` FOREIGN KEY (`producto_serie_id`) REFERENCES `producto_series` (`id`) ON DELETE CASCADE,
  CONSTRAINT `responsiva_detalles_responsiva_id_foreign` FOREIGN KEY (`responsiva_id`) REFERENCES `responsivas` (`id`) ON DELETE CASCADE
) ENGINE=InnoDB AUTO_INCREMENT=5 DEFAULT CHARSET=utf8mb4 COLLATE=utf8mb4_unicode_ci;
/*!40101 SET character_set_client = @saved_cs_client */;

--
-- Dumping data for table `responsiva_detalles`
--

LOCK TABLES `responsiva_detalles` WRITE;
/*!40000 ALTER TABLE `responsiva_detalles` DISABLE KEYS */;
INSERT INTO `responsiva_detalles` VALUES (3,3,3,7,'2026-01-16 19:42:37','2026-01-16 19:42:37'),(4,3,3,4,'2026-01-16 19:42:37','2026-01-16 19:42:37');
/*!40000 ALTER TABLE `responsiva_detalles` ENABLE KEYS */;
UNLOCK TABLES;

--
-- Table structure for table `responsivas`
--

DROP TABLE IF EXISTS `responsivas`;
/*!40101 SET @saved_cs_client     = @@character_set_client */;
/*!50503 SET character_set_client = utf8mb4 */;
CREATE TABLE `responsivas` (
  `id` bigint unsigned NOT NULL AUTO_INCREMENT,
  `empresa_tenant_id` bigint unsigned DEFAULT NULL,
  `empresa_id` bigint unsigned DEFAULT NULL,
  `folio` varchar(255) COLLATE utf8mb4_unicode_ci NOT NULL,
  `fecha_solicitud` date DEFAULT NULL,
  `colaborador_id` bigint unsigned NOT NULL,
  `recibi_colaborador_id` bigint unsigned DEFAULT NULL,
  `user_id` bigint unsigned NOT NULL,
  `autoriza_user_id` bigint unsigned DEFAULT NULL,
  `fecha_entrega` date DEFAULT NULL,
  `observaciones` text COLLATE utf8mb4_unicode_ci,
  `motivo_entrega` enum('asignacion','prestamo_provisional') COLLATE utf8mb4_unicode_ci NOT NULL DEFAULT 'asignacion',
  `created_at` timestamp NULL DEFAULT NULL,
  `updated_at` timestamp NULL DEFAULT NULL,
  `sign_token` varchar(80) COLLATE utf8mb4_unicode_ci DEFAULT NULL,
  `sign_token_expires_at` timestamp NULL DEFAULT NULL,
  `firma_colaborador_path` varchar(255) COLLATE utf8mb4_unicode_ci DEFAULT NULL,
  `firmado_por` varchar(255) COLLATE utf8mb4_unicode_ci DEFAULT NULL,
  `firmado_en` timestamp NULL DEFAULT NULL,
  `firmado_ip` varchar(64) COLLATE utf8mb4_unicode_ci DEFAULT NULL,
  PRIMARY KEY (`id`),
  UNIQUE KEY `resp_unique_folio_per_tenant` (`empresa_tenant_id`,`folio`),
  UNIQUE KEY `resp_unique_tenant_folio` (`empresa_tenant_id`,`folio`),
  KEY `responsivas_colaborador_id_foreign` (`colaborador_id`),
  KEY `responsivas_user_id_foreign` (`user_id`),
  KEY `responsivas_recibi_colaborador_id_foreign` (`recibi_colaborador_id`),
  KEY `responsivas_autoriza_user_id_foreign` (`autoriza_user_id`),
  KEY `responsivas_empresa_id_foreign` (`empresa_id`),
  KEY `responsivas_sign_token_index` (`sign_token`),
  CONSTRAINT `responsivas_autoriza_user_id_foreign` FOREIGN KEY (`autoriza_user_id`) REFERENCES `users` (`id`) ON DELETE SET NULL,
  CONSTRAINT `responsivas_colaborador_id_foreign` FOREIGN KEY (`colaborador_id`) REFERENCES `colaboradores` (`id`) ON DELETE CASCADE,
  CONSTRAINT `responsivas_empresa_id_foreign` FOREIGN KEY (`empresa_id`) REFERENCES `empresas` (`id`) ON DELETE SET NULL ON UPDATE CASCADE,
  CONSTRAINT `responsivas_empresa_tenant_id_foreign` FOREIGN KEY (`empresa_tenant_id`) REFERENCES `empresas` (`id`) ON DELETE RESTRICT ON UPDATE CASCADE,
  CONSTRAINT `responsivas_recibi_colaborador_id_foreign` FOREIGN KEY (`recibi_colaborador_id`) REFERENCES `colaboradores` (`id`) ON DELETE SET NULL,
  CONSTRAINT `responsivas_user_id_foreign` FOREIGN KEY (`user_id`) REFERENCES `users` (`id`) ON DELETE CASCADE
) ENGINE=InnoDB AUTO_INCREMENT=4 DEFAULT CHARSET=utf8mb4 COLLATE=utf8mb4_unicode_ci;
/*!40101 SET character_set_client = @saved_cs_client */;

--
-- Dumping data for table `responsivas`
--

LOCK TABLES `responsivas` WRITE;
/*!40000 ALTER TABLE `responsivas` DISABLE KEYS */;
INSERT INTO `responsivas` VALUES (3,1,NULL,'OES-00001','2023-11-10',232,232,3,5,'2023-11-10',NULL,'asignacion','2026-01-16 19:42:36','2026-01-16 20:08:58','Y1NizimhKrCfWKf8ohLRqNuitTj6BnEuw5k4eBLkvHHfHVm7OhsKGuTio45mET0F','2026-01-23 19:42:36',NULL,NULL,NULL,NULL);
/*!40000 ALTER TABLE `responsivas` ENABLE KEYS */;
UNLOCK TABLES;

--
-- Table structure for table `responsivas_historial`
--

DROP TABLE IF EXISTS `responsivas_historial`;
/*!40101 SET @saved_cs_client     = @@character_set_client */;
/*!50503 SET character_set_client = utf8mb4 */;
CREATE TABLE `responsivas_historial` (
  `id` bigint unsigned NOT NULL AUTO_INCREMENT,
  `responsiva_id` bigint unsigned NOT NULL,
  `user_id` bigint unsigned DEFAULT NULL,
  `accion` varchar(50) COLLATE utf8mb4_unicode_ci NOT NULL,
  `cambios` json DEFAULT NULL,
  `created_at` timestamp NULL DEFAULT NULL,
  `updated_at` timestamp NULL DEFAULT NULL,
  PRIMARY KEY (`id`),
  KEY `responsivas_historial_responsiva_id_foreign` (`responsiva_id`),
  CONSTRAINT `responsivas_historial_responsiva_id_foreign` FOREIGN KEY (`responsiva_id`) REFERENCES `responsivas` (`id`) ON DELETE CASCADE
) ENGINE=InnoDB AUTO_INCREMENT=8 DEFAULT CHARSET=utf8mb4 COLLATE=utf8mb4_unicode_ci;
/*!40101 SET character_set_client = @saved_cs_client */;

--
-- Dumping data for table `responsivas_historial`
--

LOCK TABLES `responsivas_historial` WRITE;
/*!40000 ALTER TABLE `responsivas_historial` DISABLE KEYS */;
INSERT INTO `responsivas_historial` VALUES (6,3,1,'Creación','{\"folio\": \"OES-00001\", \"user_id\": \"3\", \"fecha_entrega\": \"2026-01-01T00:00:00.000000Z\", \"observaciones\": null, \"colaborador_id\": \"232\", \"motivo_entrega\": \"asignacion\", \"fecha_solicitud\": \"2026-01-10T00:00:00.000000Z\", \"autoriza_user_id\": \"5\", \"detalles_productos\": [{\"marca\": \"Dell\", \"serie\": \"884116431640\", \"modelo\": \"Combo KM300C LTN\", \"nombre\": \"Kit Teclado y Mouse\"}, {\"marca\": \"Dell\", \"serie\": \"88411643164\", \"modelo\": \"Combo KM300C LTN\", \"nombre\": \"Kit Teclado y Mouse\"}], \"recibi_colaborador_id\": \"232\"}','2026-01-16 19:42:36','2026-01-16 19:42:36'),(7,3,1,'Actualización','{\"fecha_entrega\": {\"antes\": \"2026-01-01T00:00:00.000000Z\", \"despues\": \"2023-11-10T00:00:00.000000Z\"}, \"fecha_solicitud\": {\"antes\": \"2026-01-10T00:00:00.000000Z\", \"despues\": \"2023-11-10T00:00:00.000000Z\"}, \"detalles_productos\": [{\"marca\": \"Dell\", \"serie\": \"884116431640\", \"modelo\": \"Combo KM300C LTN\", \"nombre\": \"Kit Teclado y Mouse\"}, {\"marca\": \"Dell\", \"serie\": \"88411643164\", \"modelo\": \"Combo KM300C LTN\", \"nombre\": \"Kit Teclado y Mouse\"}]}','2026-01-16 20:08:58','2026-01-16 20:08:58');
/*!40000 ALTER TABLE `responsivas_historial` ENABLE KEYS */;
UNLOCK TABLES;

--
-- Table structure for table `role_has_permissions`
--

DROP TABLE IF EXISTS `role_has_permissions`;
/*!40101 SET @saved_cs_client     = @@character_set_client */;
/*!50503 SET character_set_client = utf8mb4 */;
CREATE TABLE `role_has_permissions` (
  `permission_id` bigint unsigned NOT NULL,
  `role_id` bigint unsigned NOT NULL,
  PRIMARY KEY (`permission_id`,`role_id`),
  KEY `role_has_permissions_role_id_foreign` (`role_id`),
  CONSTRAINT `role_has_permissions_permission_id_foreign` FOREIGN KEY (`permission_id`) REFERENCES `permissions` (`id`) ON DELETE CASCADE,
  CONSTRAINT `role_has_permissions_role_id_foreign` FOREIGN KEY (`role_id`) REFERENCES `roles` (`id`) ON DELETE CASCADE
) ENGINE=InnoDB DEFAULT CHARSET=utf8mb4 COLLATE=utf8mb4_unicode_ci;
/*!40101 SET character_set_client = @saved_cs_client */;

--
-- Dumping data for table `role_has_permissions`
--

LOCK TABLES `role_has_permissions` WRITE;
/*!40000 ALTER TABLE `role_has_permissions` DISABLE KEYS */;
INSERT INTO `role_has_permissions` VALUES (1,1),(2,1),(3,1),(4,1),(5,1),(6,1),(7,1),(8,1),(9,1),(10,1),(11,1),(12,1),(13,1),(14,1),(15,1),(16,1),(17,1),(18,1),(19,1),(20,1),(21,1),(22,1),(23,1),(24,1),(25,1),(26,1),(27,1),(28,1),(29,1),(30,1),(31,1),(32,1),(33,1),(34,1),(35,1),(36,1),(37,1),(38,1),(39,1),(40,1),(41,1),(42,1),(43,1),(44,1),(29,2),(30,2),(31,2),(33,2),(34,2),(35,2),(29,3),(30,3),(33,3),(34,3),(29,4),(30,4),(33,4);
/*!40000 ALTER TABLE `role_has_permissions` ENABLE KEYS */;
UNLOCK TABLES;

--
-- Table structure for table `roles`
--

DROP TABLE IF EXISTS `roles`;
/*!40101 SET @saved_cs_client     = @@character_set_client */;
/*!50503 SET character_set_client = utf8mb4 */;
CREATE TABLE `roles` (
  `id` bigint unsigned NOT NULL AUTO_INCREMENT,
  `name` varchar(255) COLLATE utf8mb4_unicode_ci NOT NULL,
  `display_name` varchar(255) COLLATE utf8mb4_unicode_ci DEFAULT NULL,
  `description` text COLLATE utf8mb4_unicode_ci,
  `guard_name` varchar(255) COLLATE utf8mb4_unicode_ci NOT NULL,
  `created_at` timestamp NULL DEFAULT NULL,
  `updated_at` timestamp NULL DEFAULT NULL,
  PRIMARY KEY (`id`),
  UNIQUE KEY `roles_name_guard_name_unique` (`name`,`guard_name`)
) ENGINE=InnoDB AUTO_INCREMENT=5 DEFAULT CHARSET=utf8mb4 COLLATE=utf8mb4_unicode_ci;
/*!40101 SET character_set_client = @saved_cs_client */;

--
-- Dumping data for table `roles`
--

LOCK TABLES `roles` WRITE;
/*!40000 ALTER TABLE `roles` DISABLE KEYS */;
INSERT INTO `roles` VALUES (1,'Administrador','Admin',NULL,'web','2025-12-11 23:49:35','2025-12-11 23:51:57'),(2,'Compras Superior','Compras','Rol para Compras Antes de Admin','web','2025-12-12 17:42:11','2025-12-12 17:42:11'),(3,'Compras IVA','Compras','Rol de Compras para modificar IVA','web','2025-12-12 17:43:22','2025-12-12 17:43:22'),(4,'Compras','Compras','Rol de Compras Usuario','web','2025-12-12 17:44:24','2025-12-12 17:44:24');
/*!40000 ALTER TABLE `roles` ENABLE KEYS */;
UNLOCK TABLES;

--
-- Table structure for table `sessions`
--

DROP TABLE IF EXISTS `sessions`;
/*!40101 SET @saved_cs_client     = @@character_set_client */;
/*!50503 SET character_set_client = utf8mb4 */;
CREATE TABLE `sessions` (
  `id` varchar(255) COLLATE utf8mb4_unicode_ci NOT NULL,
  `user_id` bigint unsigned DEFAULT NULL,
  `ip_address` varchar(45) COLLATE utf8mb4_unicode_ci DEFAULT NULL,
  `user_agent` text COLLATE utf8mb4_unicode_ci,
  `payload` longtext COLLATE utf8mb4_unicode_ci NOT NULL,
  `last_activity` int NOT NULL,
  PRIMARY KEY (`id`),
  KEY `sessions_user_id_index` (`user_id`),
  KEY `sessions_last_activity_index` (`last_activity`)
) ENGINE=InnoDB DEFAULT CHARSET=utf8mb4 COLLATE=utf8mb4_unicode_ci;
/*!40101 SET character_set_client = @saved_cs_client */;

--
-- Dumping data for table `sessions`
--

LOCK TABLES `sessions` WRITE;
/*!40000 ALTER TABLE `sessions` DISABLE KEYS */;
INSERT INTO `sessions` VALUES ('3AyCW7fPr4XbvG2mBN5XWF3oZRPGNW2E8iTfMYxp',NULL,'207.46.13.6','Mozilla/5.0 AppleWebKit/537.36 (KHTML, like Gecko; compatible; bingbot/2.0; +http://www.bing.com/bingbot.htm) Chrome/116.0.1938.76 Safari/537.36','YTozOntzOjY6Il90b2tlbiI7czo0MDoiYXZCcWdxdWhqTUVINGhqekRQRloxWUVob2YyblkwOXhUTEd0Ym1WdCI7czo5OiJfcHJldmlvdXMiO2E6MTp7czozOiJ1cmwiO3M6MzM6Imh0dHBzOi8vc2lzLWdydXBvdnlzaXNhLmNvbS9sb2dpbiI7fXM6NjoiX2ZsYXNoIjthOjI6e3M6Mzoib2xkIjthOjA6e31zOjM6Im5ldyI7YTowOnt9fX0=',1769172976),('41omSYqa3qp6dkUyWm5JBqm8kjLDG7SNlnbwDc28',NULL,'189.173.1.238','Mozilla/5.0 (Windows NT 10.0; Win64; x64) AppleWebKit/537.36 (KHTML, like Gecko) Chrome/144.0.0.0 Safari/537.36 Edg/144.0.0.0','YTozOntzOjY6Il90b2tlbiI7czo0MDoiQzUwdkVPdkNOWlVDb01TSEx4SXVDNU1ZeGJ0Q21ZY1cyWEZkZWRsVyI7czo2OiJfZmxhc2giO2E6Mjp7czozOiJvbGQiO2E6MDp7fXM6MzoibmV3IjthOjA6e319czo5OiJfcHJldmlvdXMiO2E6MTp7czozOiJ1cmwiO3M6MzM6Imh0dHBzOi8vc2lzLWdydXBvdnlzaXNhLmNvbS9sb2dpbiI7fX0=',1769185991),('9YOTwXfVifa9aLsvmS6sxqqeQXYo6tIHPQNIskCo',NULL,'51.68.184.196','Mozilla/5.0 (Windows NT 10.0; Win64; x64) AppleWebKit/537.36 (KHTML, like Gecko) Chrome/122.0.0.0 Safari/537.36 Edg/122.0.0.0','YTozOntzOjY6Il90b2tlbiI7czo0MDoiSGJyUjg1aVpDbHZSOG0wUW91U0RDSFQ5cFpZTFNuWko2ZUd0ZmN6MyI7czo5OiJfcHJldmlvdXMiO2E6MTp7czozOiJ1cmwiO3M6MzM6Imh0dHBzOi8vc2lzLWdydXBvdnlzaXNhLmNvbS9sb2dpbiI7fXM6NjoiX2ZsYXNoIjthOjI6e3M6Mzoib2xkIjthOjA6e31zOjM6Im5ldyI7YTowOnt9fX0=',1769171486),('AqnZ88DjboM6cE4HK8fQ7STXjV7wa829KpqaeXcY',NULL,'207.46.13.78','Mozilla/5.0 AppleWebKit/537.36 (KHTML, like Gecko; compatible; bingbot/2.0; +http://www.bing.com/bingbot.htm) Chrome/116.0.1938.76 Safari/537.36','YTozOntzOjY6Il90b2tlbiI7czo0MDoiazg0N0I0Q09kQ1FranVxcmJJTmk0QmRicXdUQ3JmOUxsZ1dDU25jViI7czo5OiJfcHJldmlvdXMiO2E6MTp7czozOiJ1cmwiO3M6MzM6Imh0dHBzOi8vc2lzLWdydXBvdnlzaXNhLmNvbS9sb2dpbiI7fXM6NjoiX2ZsYXNoIjthOjI6e3M6Mzoib2xkIjthOjA6e31zOjM6Im5ldyI7YTowOnt9fX0=',1769183003),('cWDLlXSmCpPLPLx0GBdyN8RqRbY0AmSg06Uhx5C8',NULL,'87.98.230.248','Mozilla/5.0 (Windows NT 10.0; Win64; x64) AppleWebKit/537.36 (KHTML, like Gecko) Chrome/122.0.0.0 Safari/537.36 Edg/122.0.0.0','YTozOntzOjY6Il90b2tlbiI7czo0MDoid093ZTdXcldnaWRWeFdJZjdRa3RnZ2xMZkJ4cGdVOTdpRDdLNzBNRiI7czo5OiJfcHJldmlvdXMiO2E6MTp7czozOiJ1cmwiO3M6MzM6Imh0dHBzOi8vc2lzLWdydXBvdnlzaXNhLmNvbS9sb2dpbiI7fXM6NjoiX2ZsYXNoIjthOjI6e3M6Mzoib2xkIjthOjA6e31zOjM6Im5ldyI7YTowOnt9fX0=',1769177218),('EopiZW213aUxANY1eIaDMJFoUAxjfWn1iD6iouIO',NULL,'139.59.238.84','Mozilla/5.0 (Windows NT 10.0; Win64; x64) AppleWebKit/537.36 (KHTML, like Gecko) Chrome/108.0.0.0 Safari/537.36','YTozOntzOjY6Il90b2tlbiI7czo0MDoiTFRhaVFKTGlPYnpSd1Z4aXFvTXB4RG1BaURmTXZUWlJDRHl0TnJTNiI7czo5OiJfcHJldmlvdXMiO2E6MTp7czozOiJ1cmwiO3M6Mjg6Imh0dHBzOi8vODkuMTE2LjE5MS4xNjIvbG9naW4iO31zOjY6Il9mbGFzaCI7YToyOntzOjM6Im9sZCI7YTowOnt9czozOiJuZXciO2E6MDp7fX19',1769180646),('N0eSOtilBEAWfwLGBC9GKfZei6e5AHu2FH9Z8R1I',NULL,'100.31.62.44','Mozilla/5.0 (iPhone; CPU iPhone OS 12_2 like Mac OS X) AppleWebKit/605.1.15 (KHTML, like Gecko) Mobile/15E148','YTozOntzOjY6Il90b2tlbiI7czo0MDoiUHVoZlg2RUNmSXFpMk5DMk1scWg1Yk01ZnBaNkkydXpWQW5NWkJOeCI7czo5OiJfcHJldmlvdXMiO2E6MTp7czozOiJ1cmwiO3M6MzM6Imh0dHBzOi8vc2lzLWdydXBvdnlzaXNhLmNvbS9sb2dpbiI7fXM6NjoiX2ZsYXNoIjthOjI6e3M6Mzoib2xkIjthOjA6e31zOjM6Im5ldyI7YTowOnt9fX0=',1769184974),('nVVCJCVY2vGVN1hWikXI6eNB97RYH4rlVj51QsbK',12,'189.173.1.238','Mozilla/5.0 (Windows NT 10.0; Win64; x64) AppleWebKit/537.36 (KHTML, like Gecko) Chrome/143.0.0.0 Safari/537.36','YTo0OntzOjY6Il90b2tlbiI7czo0MDoiNndId2xNb3A4cXBaSVFmUE1YdVB4R1JheEVYVVR0ZFo0UU5WbHNhSCI7czo1MDoibG9naW5fd2ViXzU5YmEzNmFkZGMyYjJmOTQwMTU4MGYwMTRjN2Y1OGVhNGUzMDk4OWQiO2k6MTI7czo5OiJfcHJldmlvdXMiO2E6MTp7czozOiJ1cmwiO3M6Mzc6Imh0dHBzOi8vc2lzLWdydXBvdnlzaXNhLmNvbS9vYy82OS9wZGYiO31zOjY6Il9mbGFzaCI7YToyOntzOjM6Im9sZCI7YTowOnt9czozOiJuZXciO2E6MDp7fX19',1769182294),('vQ8ZZR53UYR5ZvfJCXARO2BsViFNstMpgUFhzxpk',NULL,'139.59.238.84','Mozilla/5.0 (Windows NT 10.0; Win64; x64) AppleWebKit/537.36 (KHTML, like Gecko) Chrome/108.0.0.0 Safari/537.36','YTozOntzOjY6Il90b2tlbiI7czo0MDoid2pjOVJCMU1lRXJRSjZLb1M1ODJ5Q24wUlZBTXJ2d0kwanBpb1JEMCI7czo5OiJfcHJldmlvdXMiO2E6MTp7czozOiJ1cmwiO3M6MjI6Imh0dHBzOi8vODkuMTE2LjE5MS4xNjIiO31zOjY6Il9mbGFzaCI7YToyOntzOjM6Im9sZCI7YTowOnt9czozOiJuZXciO2E6MDp7fX19',1769180645),('YtdGsRY7iCcNp1WEB9g6uwPYmdnBE9rxEm3G5fGL',NULL,'13.221.12.101','Mozilla/5.0 (Windows NT 10.0; Win64; x64) AppleWebKit/537.36 (KHTML, like Gecko) Chrome/141.0.0.0 Safari/537.36','YTozOntzOjY6Il90b2tlbiI7czo0MDoiUmZITDhMakZ3V2FVeWlTR252NkJVQllZSXZaZlhwZ2RHRU9XZzBmdSI7czo5OiJfcHJldmlvdXMiO2E6MTp7czozOiJ1cmwiO3M6MzM6Imh0dHBzOi8vc2lzLWdydXBvdnlzaXNhLmNvbS9sb2dpbiI7fXM6NjoiX2ZsYXNoIjthOjI6e3M6Mzoib2xkIjthOjA6e31zOjM6Im5ldyI7YTowOnt9fX0=',1769184974),('Yz6A96BEv2jldc28x6gP5c0TyVWuhJr8hNulEF4Y',NULL,'139.59.238.84','Mozilla/4.0 (compatible; MSIE 9.0; Windows NT 10.0; .NET4.0C; .NET4.0E; .NET CLR 2.0.50727; .NET CLR 3.0.30729; .NET CLR 3.5.30729)','YTozOntzOjY6Il90b2tlbiI7czo0MDoiZVpyNWF0SXk4Y0U4OWN1RDEwcHFVTU5sR2ZFRUJ1czJsVkNRVGRzMCI7czo5OiJfcHJldmlvdXMiO2E6MTp7czozOiJ1cmwiO3M6MjI6Imh0dHBzOi8vODkuMTE2LjE5MS4xNjIiO31zOjY6Il9mbGFzaCI7YToyOntzOjM6Im9sZCI7YTowOnt9czozOiJuZXciO2E6MDp7fX19',1769180648);
/*!40000 ALTER TABLE `sessions` ENABLE KEYS */;
UNLOCK TABLES;

--
-- Table structure for table `subsidiarias`
--

DROP TABLE IF EXISTS `subsidiarias`;
/*!40101 SET @saved_cs_client     = @@character_set_client */;
/*!50503 SET character_set_client = utf8mb4 */;
CREATE TABLE `subsidiarias` (
  `id` bigint unsigned NOT NULL AUTO_INCREMENT,
  `empresa_tenant_id` bigint unsigned NOT NULL,
  `folio` bigint unsigned NOT NULL,
  `created_by` bigint unsigned NOT NULL,
  `nombre` varchar(255) COLLATE utf8mb4_unicode_ci NOT NULL,
  `descripcion` varchar(255) COLLATE utf8mb4_unicode_ci DEFAULT NULL,
  `created_at` timestamp NULL DEFAULT NULL,
  `updated_at` timestamp NULL DEFAULT NULL,
  PRIMARY KEY (`id`),
  UNIQUE KEY `ux_subsidiarias_tenant_folio` (`empresa_tenant_id`,`folio`),
  UNIQUE KEY `ux_subsidiarias_tenant_nombre` (`empresa_tenant_id`,`nombre`),
  KEY `subsidiarias_created_by_foreign` (`created_by`),
  KEY `subsidiarias_empresa_tenant_id_nombre_index` (`empresa_tenant_id`,`nombre`),
  KEY `subsidiarias_empresa_tenant_id_index` (`empresa_tenant_id`),
  CONSTRAINT `subsidiarias_created_by_foreign` FOREIGN KEY (`created_by`) REFERENCES `users` (`id`) ON DELETE RESTRICT ON UPDATE CASCADE
) ENGINE=InnoDB AUTO_INCREMENT=7 DEFAULT CHARSET=utf8mb4 COLLATE=utf8mb4_unicode_ci;
/*!40101 SET character_set_client = @saved_cs_client */;

--
-- Dumping data for table `subsidiarias`
--

LOCK TABLES `subsidiarias` WRITE;
/*!40000 ALTER TABLE `subsidiarias` DISABLE KEYS */;
INSERT INTO `subsidiarias` VALUES (1,1,1,1,'Vysisa','Vulcanización y Servicios Industriales','2025-12-11 23:53:42','2025-12-26 20:49:41'),(2,2,1,1,'Reprosisa','Recubrimientos Productos y Servicios Industriales','2025-12-12 17:45:52','2025-12-12 17:45:52'),(3,1,2,1,'Tip Top','Tip Top Industrial','2025-12-26 19:33:38','2025-12-26 19:33:38'),(4,1,3,1,'Inmitec','Inmitec Mexicana','2025-12-26 19:34:05','2025-12-26 19:34:05'),(5,1,4,1,'Zinganizacion','Zinganizacion, Proteccion Catodica','2025-12-26 19:34:33','2025-12-26 19:34:33'),(6,1,5,1,'Vysisa del Sureste','Vysisa del Sureste','2025-12-26 19:34:48','2025-12-26 19:34:48');
/*!40000 ALTER TABLE `subsidiarias` ENABLE KEYS */;
UNLOCK TABLES;

--
-- Table structure for table `subsidiarias_historial`
--

DROP TABLE IF EXISTS `subsidiarias_historial`;
/*!40101 SET @saved_cs_client     = @@character_set_client */;
/*!50503 SET character_set_client = utf8mb4 */;
CREATE TABLE `subsidiarias_historial` (
  `id` bigint unsigned NOT NULL AUTO_INCREMENT,
  `subsidiaria_id` bigint unsigned NOT NULL,
  `user_id` bigint unsigned DEFAULT NULL,
  `accion` varchar(255) COLLATE utf8mb4_unicode_ci NOT NULL,
  `cambios` json DEFAULT NULL,
  `created_at` timestamp NULL DEFAULT NULL,
  `updated_at` timestamp NULL DEFAULT NULL,
  PRIMARY KEY (`id`),
  KEY `subsidiarias_historial_subsidiaria_id_foreign` (`subsidiaria_id`),
  KEY `subsidiarias_historial_user_id_foreign` (`user_id`),
  CONSTRAINT `subsidiarias_historial_subsidiaria_id_foreign` FOREIGN KEY (`subsidiaria_id`) REFERENCES `subsidiarias` (`id`) ON DELETE CASCADE,
  CONSTRAINT `subsidiarias_historial_user_id_foreign` FOREIGN KEY (`user_id`) REFERENCES `users` (`id`) ON DELETE SET NULL
) ENGINE=InnoDB AUTO_INCREMENT=9 DEFAULT CHARSET=utf8mb4 COLLATE=utf8mb4_unicode_ci;
/*!40101 SET character_set_client = @saved_cs_client */;

--
-- Dumping data for table `subsidiarias_historial`
--

LOCK TABLES `subsidiarias_historial` WRITE;
/*!40000 ALTER TABLE `subsidiarias_historial` DISABLE KEYS */;
INSERT INTO `subsidiarias_historial` VALUES (1,1,1,'Creación','{\"nombre\": \"Vysisa\", \"descripcion\": \"Vulcanización y Servicios Industriales\"}','2025-12-11 23:53:42','2025-12-11 23:53:42'),(2,2,1,'Creación','{\"nombre\": \"Reprosisa\", \"descripcion\": \"Recubrimientos Productos y Servicios Industriales\"}','2025-12-12 17:45:52','2025-12-12 17:45:52'),(3,1,3,'Actualización','{\"nombre\": {\"a\": \"VYSISA\", \"de\": \"Vysisa\"}}','2025-12-22 17:59:05','2025-12-22 17:59:05'),(4,3,1,'Creación','{\"nombre\": \"Tip Top\", \"descripcion\": \"Tip Top Industrial\"}','2025-12-26 19:33:38','2025-12-26 19:33:38'),(5,4,1,'Creación','{\"nombre\": \"Inmitec\", \"descripcion\": \"Inmitec Mexicana\"}','2025-12-26 19:34:05','2025-12-26 19:34:05'),(6,5,1,'Creación','{\"nombre\": \"Zinganizacion\", \"descripcion\": \"Zinganizacion, Proteccion Catodica\"}','2025-12-26 19:34:33','2025-12-26 19:34:33'),(7,6,1,'Creación','{\"nombre\": \"Vysisa del Sureste\", \"descripcion\": \"Vysisa del Sureste\"}','2025-12-26 19:34:48','2025-12-26 19:34:48'),(8,1,1,'Actualización','{\"nombre\": {\"a\": \"Vysisa\", \"de\": \"VYSISA\"}}','2025-12-26 20:49:41','2025-12-26 20:49:41');
/*!40000 ALTER TABLE `subsidiarias_historial` ENABLE KEYS */;
UNLOCK TABLES;

--
-- Table structure for table `unidades_servicio`
--

DROP TABLE IF EXISTS `unidades_servicio`;
/*!40101 SET @saved_cs_client     = @@character_set_client */;
/*!50503 SET character_set_client = utf8mb4 */;
CREATE TABLE `unidades_servicio` (
  `id` bigint unsigned NOT NULL AUTO_INCREMENT,
  `empresa_tenant_id` bigint unsigned NOT NULL,
  `folio` bigint unsigned NOT NULL,
  `created_by` bigint unsigned NOT NULL,
  `nombre` varchar(255) COLLATE utf8mb4_unicode_ci NOT NULL,
  `direccion` varchar(255) COLLATE utf8mb4_unicode_ci DEFAULT NULL,
  `responsable_id` bigint unsigned DEFAULT NULL,
  `created_at` timestamp NULL DEFAULT NULL,
  `updated_at` timestamp NULL DEFAULT NULL,
  PRIMARY KEY (`id`),
  UNIQUE KEY `ux_unidad_tenant_folio` (`empresa_tenant_id`,`folio`),
  UNIQUE KEY `ux_unidad_tenant_nombre` (`empresa_tenant_id`,`nombre`),
  KEY `unidades_servicio_created_by_foreign` (`created_by`),
  KEY `ix_unidad_tenant_nombre` (`empresa_tenant_id`,`nombre`),
  KEY `unidades_servicio_empresa_tenant_id_index` (`empresa_tenant_id`),
  KEY `unidades_servicio_responsable_id_index` (`responsable_id`),
  CONSTRAINT `unidades_servicio_created_by_foreign` FOREIGN KEY (`created_by`) REFERENCES `users` (`id`) ON DELETE RESTRICT ON UPDATE CASCADE,
  CONSTRAINT `unidades_servicio_responsable_id_foreign` FOREIGN KEY (`responsable_id`) REFERENCES `colaboradores` (`id`) ON DELETE SET NULL ON UPDATE CASCADE
) ENGINE=InnoDB AUTO_INCREMENT=26 DEFAULT CHARSET=utf8mb4 COLLATE=utf8mb4_unicode_ci;
/*!40101 SET character_set_client = @saved_cs_client */;

--
-- Dumping data for table `unidades_servicio`
--

LOCK TABLES `unidades_servicio` WRITE;
/*!40000 ALTER TABLE `unidades_servicio` DISABLE KEYS */;
INSERT INTO `unidades_servicio` VALUES (1,2,1,1,'Hermosillo','Bacobampo 1424, 83170, El Sahuaro, \r\nHermosillo, Sonora',NULL,'2025-12-12 18:34:54','2025-12-12 18:34:54'),(2,2,2,1,'Buena Vista del Cobre',NULL,NULL,'2025-12-12 18:35:16','2025-12-12 18:35:16'),(3,2,3,1,'Ciudad Juárez',NULL,NULL,'2025-12-12 18:35:26','2025-12-12 18:35:26'),(4,2,4,1,'Cobre del Mayo',NULL,NULL,'2025-12-12 18:39:30','2025-12-12 18:39:30'),(5,2,5,1,'Herradura',NULL,NULL,'2025-12-12 18:39:41','2025-12-12 18:39:41'),(6,2,6,1,'Milpillas',NULL,NULL,'2025-12-12 18:39:49','2025-12-12 18:39:49'),(7,2,7,1,'Operadora de Minas',NULL,NULL,'2025-12-12 18:40:01','2025-12-12 18:40:01'),(8,2,8,1,'Placas y Ahulados',NULL,NULL,'2025-12-12 18:40:09','2025-12-12 18:40:09'),(9,2,9,1,'Taller Hmos. Bandas',NULL,NULL,'2025-12-12 18:40:19','2025-12-12 18:40:19'),(10,2,10,1,'Aztecas',NULL,NULL,'2025-12-16 18:53:12','2025-12-16 18:53:12'),(11,1,1,1,'Apaxco',NULL,NULL,'2025-12-26 20:46:56','2025-12-26 20:46:56'),(12,1,2,1,'Aztecas',NULL,NULL,'2025-12-26 20:47:00','2025-12-26 20:47:00'),(13,1,3,1,'Cedis',NULL,NULL,'2025-12-26 20:47:06','2025-12-26 20:47:06'),(14,1,4,1,'Colima',NULL,NULL,'2025-12-26 20:47:15','2025-12-26 20:47:15'),(15,1,5,1,'Huichapan',NULL,NULL,'2025-12-26 20:47:21','2025-12-26 20:47:21'),(16,1,6,1,'Monterrey',NULL,NULL,'2025-12-26 20:47:29','2025-12-26 20:47:29'),(17,1,7,1,'Morelos',NULL,NULL,'2025-12-26 20:47:35','2025-12-26 20:47:35'),(18,1,8,1,'Orizaba',NULL,NULL,'2025-12-26 20:47:39','2025-12-26 20:47:39'),(19,1,9,1,'Peñasquito',NULL,NULL,'2025-12-26 20:47:45','2025-12-26 20:47:45'),(20,1,10,1,'S.L.P.',NULL,NULL,'2025-12-26 20:47:53','2025-12-26 20:47:53'),(21,1,11,1,'Tepeaca',NULL,NULL,'2025-12-26 20:47:56','2025-12-26 20:47:56'),(22,1,12,1,'Torreon',NULL,NULL,'2025-12-26 20:48:03','2025-12-26 20:48:03'),(23,1,13,1,'Vysureste',NULL,NULL,'2025-12-26 20:48:09','2025-12-26 20:48:09'),(24,1,14,1,'Xoxtla',NULL,NULL,'2025-12-26 20:48:14','2025-12-26 20:48:14'),(25,1,15,1,'Zacatecas',NULL,NULL,'2025-12-26 20:48:19','2025-12-26 20:48:19');
/*!40000 ALTER TABLE `unidades_servicio` ENABLE KEYS */;
UNLOCK TABLES;

--
-- Table structure for table `unidades_servicio_historial`
--

DROP TABLE IF EXISTS `unidades_servicio_historial`;
/*!40101 SET @saved_cs_client     = @@character_set_client */;
/*!50503 SET character_set_client = utf8mb4 */;
CREATE TABLE `unidades_servicio_historial` (
  `id` bigint unsigned NOT NULL AUTO_INCREMENT,
  `unidad_id` bigint unsigned NOT NULL,
  `user_id` bigint unsigned DEFAULT NULL,
  `accion` varchar(255) COLLATE utf8mb4_unicode_ci NOT NULL DEFAULT 'Actualización',
  `cambios` json DEFAULT NULL,
  `created_at` timestamp NULL DEFAULT NULL,
  `updated_at` timestamp NULL DEFAULT NULL,
  PRIMARY KEY (`id`),
  KEY `unidades_servicio_historial_unidad_id_foreign` (`unidad_id`),
  KEY `unidades_servicio_historial_user_id_foreign` (`user_id`),
  CONSTRAINT `unidades_servicio_historial_unidad_id_foreign` FOREIGN KEY (`unidad_id`) REFERENCES `unidades_servicio` (`id`) ON DELETE CASCADE,
  CONSTRAINT `unidades_servicio_historial_user_id_foreign` FOREIGN KEY (`user_id`) REFERENCES `users` (`id`) ON DELETE SET NULL
) ENGINE=InnoDB AUTO_INCREMENT=26 DEFAULT CHARSET=utf8mb4 COLLATE=utf8mb4_unicode_ci;
/*!40101 SET character_set_client = @saved_cs_client */;

--
-- Dumping data for table `unidades_servicio_historial`
--

LOCK TABLES `unidades_servicio_historial` WRITE;
/*!40000 ALTER TABLE `unidades_servicio_historial` DISABLE KEYS */;
INSERT INTO `unidades_servicio_historial` VALUES (1,1,1,'Creación','{\"nombre\": \"Hermosillo\", \"direccion\": \"Bacobampo 1424, 83170, El Sahuaro, \\r\\nHermosillo, Sonora\", \"responsable_id\": null}','2025-12-12 18:34:54','2025-12-12 18:34:54'),(2,2,1,'Creación','{\"nombre\": \"Buena Vista del Cobre\", \"direccion\": null, \"responsable_id\": null}','2025-12-12 18:35:16','2025-12-12 18:35:16'),(3,3,1,'Creación','{\"nombre\": \"Ciudad Juárez\", \"direccion\": null, \"responsable_id\": null}','2025-12-12 18:35:26','2025-12-12 18:35:26'),(4,4,1,'Creación','{\"nombre\": \"Cobre del Mayo\", \"direccion\": null, \"responsable_id\": null}','2025-12-12 18:39:30','2025-12-12 18:39:30'),(5,5,1,'Creación','{\"nombre\": \"Herradura\", \"direccion\": null, \"responsable_id\": null}','2025-12-12 18:39:41','2025-12-12 18:39:41'),(6,6,1,'Creación','{\"nombre\": \"Milpillas\", \"direccion\": null, \"responsable_id\": null}','2025-12-12 18:39:49','2025-12-12 18:39:49'),(7,7,1,'Creación','{\"nombre\": \"Operadora de Minas\", \"direccion\": null, \"responsable_id\": null}','2025-12-12 18:40:01','2025-12-12 18:40:01'),(8,8,1,'Creación','{\"nombre\": \"Placas y Ahulados\", \"direccion\": null, \"responsable_id\": null}','2025-12-12 18:40:09','2025-12-12 18:40:09'),(9,9,1,'Creación','{\"nombre\": \"Taller Hmos. Bandas\", \"direccion\": null, \"responsable_id\": null}','2025-12-12 18:40:19','2025-12-12 18:40:19'),(10,10,1,'Creación','{\"nombre\": \"Aztecas\", \"direccion\": null, \"responsable_id\": null}','2025-12-16 18:53:12','2025-12-16 18:53:12'),(11,11,1,'Creación','{\"nombre\": \"Apaxco\", \"direccion\": null, \"responsable_id\": null}','2025-12-26 20:46:56','2025-12-26 20:46:56'),(12,12,1,'Creación','{\"nombre\": \"Aztecas\", \"direccion\": null, \"responsable_id\": null}','2025-12-26 20:47:00','2025-12-26 20:47:00'),(13,13,1,'Creación','{\"nombre\": \"Cedis\", \"direccion\": null, \"responsable_id\": null}','2025-12-26 20:47:06','2025-12-26 20:47:06'),(14,14,1,'Creación','{\"nombre\": \"Colima\", \"direccion\": null, \"responsable_id\": null}','2025-12-26 20:47:15','2025-12-26 20:47:15'),(15,15,1,'Creación','{\"nombre\": \"Huichapan\", \"direccion\": null, \"responsable_id\": null}','2025-12-26 20:47:21','2025-12-26 20:47:21'),(16,16,1,'Creación','{\"nombre\": \"Monterrey\", \"direccion\": null, \"responsable_id\": null}','2025-12-26 20:47:29','2025-12-26 20:47:29'),(17,17,1,'Creación','{\"nombre\": \"Morelos\", \"direccion\": null, \"responsable_id\": null}','2025-12-26 20:47:35','2025-12-26 20:47:35'),(18,18,1,'Creación','{\"nombre\": \"Orizaba\", \"direccion\": null, \"responsable_id\": null}','2025-12-26 20:47:39','2025-12-26 20:47:39'),(19,19,1,'Creación','{\"nombre\": \"Peñasquito\", \"direccion\": null, \"responsable_id\": null}','2025-12-26 20:47:45','2025-12-26 20:47:45'),(20,20,1,'Creación','{\"nombre\": \"S.L.P.\", \"direccion\": null, \"responsable_id\": null}','2025-12-26 20:47:53','2025-12-26 20:47:53'),(21,21,1,'Creación','{\"nombre\": \"Tepeaca\", \"direccion\": null, \"responsable_id\": null}','2025-12-26 20:47:56','2025-12-26 20:47:56'),(22,22,1,'Creación','{\"nombre\": \"Torreon\", \"direccion\": null, \"responsable_id\": null}','2025-12-26 20:48:03','2025-12-26 20:48:03'),(23,23,1,'Creación','{\"nombre\": \"Vysureste\", \"direccion\": null, \"responsable_id\": null}','2025-12-26 20:48:09','2025-12-26 20:48:09'),(24,24,1,'Creación','{\"nombre\": \"Xoxtla\", \"direccion\": null, \"responsable_id\": null}','2025-12-26 20:48:14','2025-12-26 20:48:14'),(25,25,1,'Creación','{\"nombre\": \"Zacatecas\", \"direccion\": null, \"responsable_id\": null}','2025-12-26 20:48:19','2025-12-26 20:48:19');
/*!40000 ALTER TABLE `unidades_servicio_historial` ENABLE KEYS */;
UNLOCK TABLES;

--
-- Table structure for table `users`
--

DROP TABLE IF EXISTS `users`;
/*!40101 SET @saved_cs_client     = @@character_set_client */;
/*!50503 SET character_set_client = utf8mb4 */;
CREATE TABLE `users` (
  `id` bigint unsigned NOT NULL AUTO_INCREMENT,
  `name` varchar(255) COLLATE utf8mb4_unicode_ci NOT NULL,
  `email` varchar(255) COLLATE utf8mb4_unicode_ci NOT NULL,
  `email_verified_at` timestamp NULL DEFAULT NULL,
  `password` varchar(255) COLLATE utf8mb4_unicode_ci NOT NULL,
  `activo` tinyint(1) NOT NULL DEFAULT '1',
  `empresa_id` bigint unsigned DEFAULT NULL,
  `remember_token` varchar(100) COLLATE utf8mb4_unicode_ci DEFAULT NULL,
  `created_at` timestamp NULL DEFAULT NULL,
  `updated_at` timestamp NULL DEFAULT NULL,
  PRIMARY KEY (`id`),
  UNIQUE KEY `users_email_unique` (`email`),
  KEY `users_empresa_id_foreign` (`empresa_id`),
  CONSTRAINT `users_empresa_id_foreign` FOREIGN KEY (`empresa_id`) REFERENCES `empresas` (`id`) ON DELETE CASCADE
) ENGINE=InnoDB AUTO_INCREMENT=18 DEFAULT CHARSET=utf8mb4 COLLATE=utf8mb4_unicode_ci;
/*!40101 SET character_set_client = @saved_cs_client */;

--
-- Dumping data for table `users`
--

LOCK TABLES `users` WRITE;
/*!40000 ALTER TABLE `users` DISABLE KEYS */;
INSERT INTO `users` VALUES (1,'Yael Alain Romero Cazarez','soporte.sistemas3@grupo-vysisa.mx',NULL,'$2y$12$bMUR1Ce5Q7UiHyLIdWFwQekttsrTimFzOxtwQDkY7i.bxnEWM.1cq',1,1,'81z162qwjNeRZrEgsDT9upTinaJHYMk4A44SKOxizaPaHj55XMgtzYGugtE0','2025-12-11 23:49:35','2025-12-12 17:51:02'),(2,'Ana Patricia Mayorga Camacho','soporte.sistemas1@grupo-vysisa.mx',NULL,'$2y$12$5J0Vs8FsWdz4.bxd5Li/uutyTuS.W8lPWodTBEOuuc0Zrwl9ThLP6',1,1,NULL,'2025-12-17 23:25:31','2025-12-29 19:28:50'),(3,'Leonardo Daniel Centeno Guerrero','soporte.sistemas2@grupo-vysisa.mx',NULL,'$2y$12$EekduUoxTNNX2LDpXAQ3YOfd6j9R.g2lOnyUlaZF4ITEke0CotY9K',1,1,'vQZXKjpmjQBKSctMhQzBcRrXuOIHZag4BuWBPmRV3bskXvrdl4eirlO2jYds','2025-12-17 23:25:49','2025-12-29 19:28:47'),(4,'Gustavo Guadalupe Piña Perez','soporte.sistemas4@grupo-vysisa.mx',NULL,'$2y$12$G3s6RO/XKNbm68UGk4iJ3ey.3XMrG6TnsAOOWBXfAgbRtHKywtmSG',1,1,'R4iUqZaWF7r6YxTF0LDuwHKDRESzDVdZFGaQXw8Ty4nGblnefyzvGO9KkxRR','2025-12-17 23:26:09','2025-12-29 20:57:10'),(5,'Ing. Erasto H. Enriquez Zurita','erasto.enriquezz@grupo-vysisa.mx',NULL,'$2y$12$VWjwV3RJIV/YSLOjHLZSlur10bcqeyj0aQMe4t0r2Lmr6wj2pCptG',1,1,NULL,'2025-12-17 23:27:41','2025-12-17 23:27:41'),(6,'Luz Haydee Valenzuela Encinas','almacen@reprosisa.com.mx',NULL,'$2y$12$8.OfBAeG4Ghy5BBaIEHPcuxCcJ.gkY1qgKvvESl7eN/Nn83V4EWaG',1,2,'f5azYEeH4u42mrEnQXor3ttN7Mc7d2s87dHoRc4SSZ6FoIgO8igovje8K09c','2025-12-18 15:28:52','2025-12-29 18:52:30'),(7,'Berenice Azucena Rosales Angulo','berenice.rosales@reprosisa.com.mx',NULL,'$2y$12$6o3XhPzcQvK4udTgDpOzYuPAp02lpZ3nUTeX35neAWmNTZy1FKi5q',1,2,NULL,'2025-12-18 15:29:23','2025-12-29 18:46:42'),(8,'Maria De Los Angeles Zavala Machado','seguridad@reprosisa.com.mx',NULL,'$2y$12$j91YaZ5sxXTNJzWp6CobCucirhqoROkqYEgUgq/AibhBy3fBHs2BS',1,2,'yD9I1m8ZIMxxx656V1AR4u22bJkUA8bqVC41w0dXq9dUckP1vADrmbFtXsDe','2025-12-18 15:29:56','2025-12-29 18:53:09'),(9,'Uriel Franco Zazueta','jose.franco@reprosisa.com.mx',NULL,'$2y$12$uN8s7JePkL0piR1Jg.H3/uGwgtKTVX36GEQo36zaVqvMvGYsuw3R6',1,2,'5uCjddkQKd9vuGYYKVU5WSgadD4KSUICanpGo3arbaYmW4OE5wW3T2RjqPn6','2025-12-18 15:30:41','2025-12-29 19:17:31'),(10,'Eugenio Encinas Galaz','eugenio.encinas@reprosisa.com.mx',NULL,'$2y$12$tkhWSNh2A4rwV0AFPwBXTeABdLQPzEZHxM3h6l3dJTlKmA9k5XgVu',1,2,'ctCdkhW0Tx4UjgmWN1Rxcs6Bsm7xtZppyCQ2BbsAAFFQCLocc5qxopDgjSG0','2025-12-18 15:31:23','2025-12-29 18:47:09'),(11,'Vicente Antonio Jimenez Rodriguez','vicente.jimenez@reprosisa.com.mx',NULL,'$2y$12$LsLdbDnqS.n9g79i4Zrto.XCz6xU44xA5/q4TCGkLb6dmFNE.Y7pW',1,2,NULL,'2025-12-18 15:32:00','2025-12-29 18:53:57'),(12,'Luis Alberto Palma Noriega','alberto.palma@reprosisa.com.mx',NULL,'$2y$12$aYpOaMYj0y5i0N1ahjwVM.zhraq5AlPAac2LrXUeAyMvpaBG5mtJi',1,2,'uvaE8CN15QlgtSZc6sb60rflivprUHBmTtpXUevT8DLQobgCMxmuxGHVmJ3J','2025-12-18 15:32:31','2025-12-29 18:50:33'),(13,'Isidro Encinas Quijada','isidro.encinas@reprosisa.com.mx',NULL,'$2y$12$BJYdhNLjrZcvN0wxT.VpJ.jGI9ShKk5jth9YsHuWGQ2GHMa4sym7a',1,2,'5haTtZvOtLNv5vOTJWFcq9IQK1sVh0FTZzI6ZkxsRhA87HpmHgCHhwajamRW','2025-12-18 15:33:15','2025-12-29 18:48:09'),(14,'Luz Aida Lopez Morales','recursos.humanos@reprosisa.com.mx',NULL,'$2y$12$/8WkFNHaM/6DIKbFk3QWKe4Y0rq8nStl/Y1jqpcxCxbyYUMa7NSeu',1,2,NULL,'2025-12-18 15:33:44','2025-12-29 18:51:16'),(15,'Juan Francisco Flores Maytorena','juan.flores@reprosisa.com.mx',NULL,'$2y$12$ivyxRCeE10rGASDYjhqyyeijEJj1HuqMtLb3uh5wZaHqPuy8xfKYi',1,2,'hnyO8QwrZzU8npX7KF5HwD3Xi1ue9slOZrewUjTefkCbUucr5n5ToPdHHHrj','2025-12-18 15:34:14','2025-12-29 18:49:48'),(17,'Usuario de Pruebas','sispruebas@grupo-vysisa.mx',NULL,'$2y$12$Ape/m17n/E2TCCZQdjkgyuNZErcKlpqyQTqQl1SiddkJUHS40dTjG',1,2,NULL,'2025-12-29 19:35:06','2025-12-29 19:35:06');
/*!40000 ALTER TABLE `users` ENABLE KEYS */;
UNLOCK TABLES;
/*!40103 SET TIME_ZONE=@OLD_TIME_ZONE */;

/*!40101 SET SQL_MODE=@OLD_SQL_MODE */;
/*!40014 SET FOREIGN_KEY_CHECKS=@OLD_FOREIGN_KEY_CHECKS */;
/*!40014 SET UNIQUE_CHECKS=@OLD_UNIQUE_CHECKS */;
/*!40101 SET CHARACTER_SET_CLIENT=@OLD_CHARACTER_SET_CLIENT */;
/*!40101 SET CHARACTER_SET_RESULTS=@OLD_CHARACTER_SET_RESULTS */;
/*!40101 SET COLLATION_CONNECTION=@OLD_COLLATION_CONNECTION */;
/*!40111 SET SQL_NOTES=@OLD_SQL_NOTES */;

-- Dump completed on 2026-01-23 10:41:32
